Using pre-set license
Built from '2022.3/staging' branch; Version is '2022.3.50f1 (c3db7f8bf9b1) revision 12835711'; Using compiler version '192829333'; Build Type 'Release'
OS: 'Windows 10  (10.0.19045) 64bit Core' Language: 'en' Physical Memory: 16173 MB
BatchMode: 1, IsHumanControllingUs: 0, StartBugReporterOnCrash: 0, Is64bit: 1, IsPro: 1

COMMAND LINE ARGUMENTS:
C:\Program Files\Unity\Hub\Editor\2022.3.50f1\Editor\Unity.exe
-adb2
-batchMode
-noUpm
-name
AssetImportWorker0
-projectPath
C:/Users/whyam/OneDrive/Documents/GitHub/KangarooHotel
-logFile
Logs/AssetImportWorker0.log
-srvPort
56849
Successfully changed project path to: C:/Users/whyam/OneDrive/Documents/GitHub/KangarooHotel
C:/Users/whyam/OneDrive/Documents/GitHub/KangarooHotel
[UnityMemory] Configuration Parameters - Can be set up in boot.config
    "memorysetup-bucket-allocator-granularity=16"
    "memorysetup-bucket-allocator-bucket-count=8"
    "memorysetup-bucket-allocator-block-size=33554432"
    "memorysetup-bucket-allocator-block-count=8"
    "memorysetup-main-allocator-block-size=16777216"
    "memorysetup-thread-allocator-block-size=16777216"
    "memorysetup-gfx-main-allocator-block-size=16777216"
    "memorysetup-gfx-thread-allocator-block-size=16777216"
    "memorysetup-cache-allocator-block-size=4194304"
    "memorysetup-typetree-allocator-block-size=2097152"
    "memorysetup-profiler-bucket-allocator-granularity=16"
    "memorysetup-profiler-bucket-allocator-bucket-count=8"
    "memorysetup-profiler-bucket-allocator-block-size=33554432"
    "memorysetup-profiler-bucket-allocator-block-count=8"
    "memorysetup-profiler-allocator-block-size=16777216"
    "memorysetup-profiler-editor-allocator-block-size=1048576"
    "memorysetup-temp-allocator-size-main=16777216"
    "memorysetup-job-temp-allocator-block-size=2097152"
    "memorysetup-job-temp-allocator-block-size-background=1048576"
    "memorysetup-job-temp-allocator-reduction-small-platforms=262144"
    "memorysetup-allocator-temp-initial-block-size-main=262144"
    "memorysetup-allocator-temp-initial-block-size-worker=262144"
    "memorysetup-temp-allocator-size-background-worker=32768"
    "memorysetup-temp-allocator-size-job-worker=262144"
    "memorysetup-temp-allocator-size-preload-manager=33554432"
    "memorysetup-temp-allocator-size-nav-mesh-worker=65536"
    "memorysetup-temp-allocator-size-audio-worker=65536"
    "memorysetup-temp-allocator-size-cloud-worker=32768"
    "memorysetup-temp-allocator-size-gi-baking-worker=262144"
    "memorysetup-temp-allocator-size-gfx=262144"
Player connection [24948]  Target information:

Player connection [24948]  * "[IP] 192.168.1.155 [Port] 0 [Flags] 2 [Guid] 744768307 [EditorId] 744768307 [Version] 1048832 [Id] WindowsEditor(7,DESKTOP-96L8D61) [Debug] 1 [PackageName] WindowsEditor [ProjectName] Editor" 

Player connection [24948] Host joined multi-casting on [225.0.0.222:54997]...
Player connection [24948] Host joined alternative multi-casting on [225.0.0.222:34997]...
[PhysX] Initialized MultithreadedTaskDispatcher with 12 workers.
Refreshing native plugins compatible for Editor in 26.23 ms, found 3 plugins.
Preloading 0 native plugins for Editor in 0.00 ms.
Initialize engine version: 2022.3.50f1 (c3db7f8bf9b1)
[Subsystems] Discovering subsystems at path C:/Program Files/Unity/Hub/Editor/2022.3.50f1/Editor/Data/Resources/UnitySubsystems
[Subsystems] Discovering subsystems at path C:/Users/whyam/OneDrive/Documents/GitHub/KangarooHotel/Assets
GfxDevice: creating device client; threaded=0; jobified=0
Direct3D:
    Version:  Direct3D 11.0 [level 11.1]
    Renderer: NVIDIA GeForce RTX 2070 with Max-Q Design (ID=0x1f10)
    Vendor:   NVIDIA
    VRAM:     8006 MB
    Driver:   31.0.15.5123
Initialize mono
Mono path[0] = 'C:/Program Files/Unity/Hub/Editor/2022.3.50f1/Editor/Data/Managed'
Mono path[1] = 'C:/Program Files/Unity/Hub/Editor/2022.3.50f1/Editor/Data/MonoBleedingEdge/lib/mono/unityjit-win32'
Mono config path = 'C:/Program Files/Unity/Hub/Editor/2022.3.50f1/Editor/Data/MonoBleedingEdge/etc'
Using monoOptions --debugger-agent=transport=dt_socket,embedding=1,server=y,suspend=n,address=127.0.0.1:56860
Begin MonoManager ReloadAssembly
Registering precompiled unity dll's ...
Register platform support module: C:/Program Files/Unity/Hub/Editor/2022.3.50f1/Editor/Data/PlaybackEngines/WindowsStandaloneSupport/UnityEditor.WindowsStandalone.Extensions.dll
Registered in 0.020667 seconds.
- Loaded All Assemblies, in  0.976 seconds
Native extension for WindowsStandalone target not found
Mono: successfully reloaded assembly
- Finished resetting the current domain, in  0.684 seconds
Domain Reload Profiling: 1656ms
	BeginReloadAssembly (316ms)
		ExecutionOrderSort (0ms)
		DisableScriptedObjects (0ms)
		BackupInstance (0ms)
		ReleaseScriptingObjects (0ms)
		CreateAndSetChildDomain (1ms)
	RebuildCommonClasses (64ms)
	RebuildNativeTypeToScriptingClass (17ms)
	initialDomainReloadingComplete (116ms)
	LoadAllAssembliesAndSetupDomain (458ms)
		LoadAssemblies (307ms)
		RebuildTransferFunctionScriptingTraits (0ms)
		AnalyzeDomain (450ms)
			TypeCache.Refresh (448ms)
				TypeCache.ScanAssembly (409ms)
			ScanForSourceGeneratedMonoScriptInfo (1ms)
			ResolveRequiredComponents (1ms)
	FinalizeReload (685ms)
		ReleaseScriptCaches (0ms)
		RebuildScriptCaches (0ms)
		SetupLoadedEditorAssemblies (548ms)
			LogAssemblyErrors (0ms)
			InitializePlatformSupportModulesInManaged (31ms)
			SetLoadedEditorAssemblies (18ms)
			RefreshPlugins (0ms)
			BeforeProcessingInitializeOnLoad (6ms)
			ProcessInitializeOnLoadAttributes (355ms)
			ProcessInitializeOnLoadMethodAttributes (139ms)
			AfterProcessingInitializeOnLoad (0ms)
			EditorAssembliesLoaded (0ms)
		ExecutionOrderSort2 (0ms)
		AwakeInstancesAfterBackupRestoration (0ms)
========================================================================
Worker process is ready to serve import requests
Caller must complete domain reload
Begin MonoManager ReloadAssembly
- Loaded All Assemblies, in  2.148 seconds
Native extension for WindowsStandalone target not found
Package Manager log level set to [2]
[Package Manager] Server::EnsureServerProcessIsRunning -- launch failed, reason: Unity was launched with the -noUpm command-line argument
[Package Manager] UpmClient::Send -- Unable to send message (not connected to UPM process).
[Package Manager] Cannot connect to Unity Package Manager local server
Mono: successfully reloaded assembly
- Finished resetting the current domain, in  1.732 seconds
Domain Reload Profiling: 3865ms
	BeginReloadAssembly (396ms)
		ExecutionOrderSort (0ms)
		DisableScriptedObjects (19ms)
		BackupInstance (0ms)
		ReleaseScriptingObjects (0ms)
		CreateAndSetChildDomain (54ms)
	RebuildCommonClasses (87ms)
	RebuildNativeTypeToScriptingClass (39ms)
	initialDomainReloadingComplete (105ms)
	LoadAllAssembliesAndSetupDomain (1505ms)
		LoadAssemblies (1117ms)
		RebuildTransferFunctionScriptingTraits (0ms)
		AnalyzeDomain (623ms)
			TypeCache.Refresh (517ms)
				TypeCache.ScanAssembly (462ms)
			ScanForSourceGeneratedMonoScriptInfo (40ms)
			ResolveRequiredComponents (59ms)
	FinalizeReload (1732ms)
		ReleaseScriptCaches (0ms)
		RebuildScriptCaches (0ms)
		SetupLoadedEditorAssemblies (1338ms)
			LogAssemblyErrors (0ms)
			InitializePlatformSupportModulesInManaged (30ms)
			SetLoadedEditorAssemblies (6ms)
			RefreshPlugins (0ms)
			BeforeProcessingInitializeOnLoad (181ms)
			ProcessInitializeOnLoadAttributes (1011ms)
			ProcessInitializeOnLoadMethodAttributes (85ms)
			AfterProcessingInitializeOnLoad (24ms)
			EditorAssembliesLoaded (0ms)
		ExecutionOrderSort2 (0ms)
		AwakeInstancesAfterBackupRestoration (27ms)
Launched and connected shader compiler UnityShaderCompiler.exe after 0.13 seconds
Refreshing native plugins compatible for Editor in 10.73 ms, found 3 plugins.
Preloading 0 native plugins for Editor in 0.00 ms.
Unloading 3323 Unused Serialized files (Serialized files now loaded: 0)
Unloading 32 unused Assets / (128.1 KB). Loaded Objects now: 3788.
Memory consumption went from 126.9 MB to 126.8 MB.
Total: 7.564300 ms (FindLiveObjects: 0.415300 ms CreateObjectMapping: 0.441400 ms MarkObjects: 6.488200 ms  DeleteObjects: 0.218100 ms)

AssetImportParameters requested are different than current active one (requested -> active):
  custom:container-demuxer-ogg: 62fdf1f143b41e24485cea50d1cbac27 -> 
  custom:video-codec-MediaFoundation-h265: 746d11721c4dcdbdad8f713fa42b33f4 -> 
  custom:video-decoder-ogg-theora: a1e56fd34408186e4bbccfd4996cb3dc -> 
  custom:framework-win-MediaFoundation: 216162199b28c13a410421893ffa2e32 -> 
  custom:CustomObjectIndexerAttribute: 9a22284fe3817be447336de3de66b15e -> 
  custom:container-demuxer-webm: 4f35f7cbe854078d1ac9338744f61a02 -> 
  custom:container-muxer-webm: aa71ff27fc2769a1b78a27578f13a17b -> 
  custom:video-decoder-webm-vp8: 9c59270c3fd7afecdb556c50c9e8de78 -> 
  custom:SearchIndexIgnoredProperties: e643bd26f0fe6173181afceb89e7c659 -> 
  custom:AudioImporter_EditorPlatform: d09bf68614088b80899f8185d706f6e7 -> 
  custom:video-encoder-webm-vp8: eb34c28f22e8b96e1ab97ce403110664 -> 
  custom:audio-decoder-ogg-vorbis: bf7c407c2cedff20999df2af8eb42d56 -> 
  custom:audio-encoder-webm-vorbis: bf7c407c2cedff20999df2af8eb42d56 -> 
========================================================================
Received Prepare
Caller must complete domain reload
Begin MonoManager ReloadAssembly
IOException: Sharing violation on path C:\Users\whyam\OneDrive\Documents\GitHub\KangarooHotel\ProjectSettings\Packages\com.unity.testtools.codecoverage\Settings.json
  at System.IO.FileStream..ctor (System.String path, System.IO.FileMode mode, System.IO.FileAccess access, System.IO.FileShare share, System.Int32 bufferSize, System.Boolean anonymous, System.IO.FileOptions options) [0x0019e] in <31687ccd371e4dc6b0c23a1317cf9474>:0 
  at System.IO.FileStream..ctor (System.String path, System.IO.FileMode mode, System.IO.FileAccess access, System.IO.FileShare share, System.Int32 bufferSize, System.IO.FileOptions options) [0x00000] in <31687ccd371e4dc6b0c23a1317cf9474>:0 
  at (wrapper remoting-invoke-with-check) System.IO.FileStream..ctor(string,System.IO.FileMode,System.IO.FileAccess,System.IO.FileShare,int,System.IO.FileOptions)
  at System.IO.StreamWriter..ctor (System.String path, System.Boolean append, System.Text.Encoding encoding, System.Int32 bufferSize) [0x00055] in <31687ccd371e4dc6b0c23a1317cf9474>:0 
  at System.IO.StreamWriter..ctor (System.String path) [0x00008] in <31687ccd371e4dc6b0c23a1317cf9474>:0 
  at (wrapper remoting-invoke-with-check) System.IO.StreamWriter..ctor(string)
  at System.IO.File.WriteAllText (System.String path, System.String contents) [0x00026] in <31687ccd371e4dc6b0c23a1317cf9474>:0 
  at UnityEditor.SettingsManagement.FileSettingsRepository.Save () [0x000e2] in .\Library\PackageCache\com.unity.settings-manager@2.0.1\Editor\FileSettingsRepository.cs:154 
  at UnityEditor.AssemblyReloadEvents.OnBeforeAssemblyReload () [0x00017] in <5e53ad466ce74a6082606d7fa046fc9b>:0 

(Filename: ./Library/PackageCache/com.unity.settings-manager@2.0.1/Editor/FileSettingsRepository.cs Line: 154)

- Loaded All Assemblies, in  0.902 seconds
Native extension for WindowsStandalone target not found
[Package Manager] Server::EnsureServerProcessIsRunning -- launch failed, reason: Unity was launched with the -noUpm command-line argument
[Package Manager] UpmClient::Send -- Unable to send message (not connected to UPM process).
[Package Manager] Cannot connect to Unity Package Manager local server
Mono: successfully reloaded assembly
- Finished resetting the current domain, in  3.029 seconds
Domain Reload Profiling: 3919ms
	BeginReloadAssembly (298ms)
		ExecutionOrderSort (0ms)
		DisableScriptedObjects (9ms)
		BackupInstance (0ms)
		ReleaseScriptingObjects (0ms)
		CreateAndSetChildDomain (56ms)
	RebuildCommonClasses (62ms)
	RebuildNativeTypeToScriptingClass (17ms)
	initialDomainReloadingComplete (74ms)
	LoadAllAssembliesAndSetupDomain (439ms)
		LoadAssemblies (563ms)
		RebuildTransferFunctionScriptingTraits (0ms)
		AnalyzeDomain (35ms)
			TypeCache.Refresh (9ms)
				TypeCache.ScanAssembly (0ms)
			ScanForSourceGeneratedMonoScriptInfo (2ms)
			ResolveRequiredComponents (22ms)
	FinalizeReload (3030ms)
		ReleaseScriptCaches (0ms)
		RebuildScriptCaches (0ms)
		SetupLoadedEditorAssemblies (1131ms)
			LogAssemblyErrors (0ms)
			InitializePlatformSupportModulesInManaged (21ms)
			SetLoadedEditorAssemblies (8ms)
			RefreshPlugins (0ms)
			BeforeProcessingInitializeOnLoad (150ms)
			ProcessInitializeOnLoadAttributes (868ms)
			ProcessInitializeOnLoadMethodAttributes (54ms)
			AfterProcessingInitializeOnLoad (30ms)
			EditorAssembliesLoaded (0ms)
		ExecutionOrderSort2 (0ms)
		AwakeInstancesAfterBackupRestoration (14ms)
Refreshing native plugins compatible for Editor in 7.43 ms, found 3 plugins.
Preloading 0 native plugins for Editor in 0.00 ms.
Unloading 3302 Unused Serialized files (Serialized files now loaded: 0)
Unloading 15 unused Assets / (99.7 KB). Loaded Objects now: 3803.
Memory consumption went from 122.8 MB to 122.7 MB.
Total: 4.954900 ms (FindLiveObjects: 0.347800 ms CreateObjectMapping: 0.345900 ms MarkObjects: 4.188300 ms  DeleteObjects: 0.071900 ms)

Prepare: number of updated asset objects reloaded= 0
AssetImportParameters requested are different than current active one (requested -> active):
  custom:container-demuxer-ogg: 62fdf1f143b41e24485cea50d1cbac27 -> 
  custom:video-codec-MediaFoundation-h265: 746d11721c4dcdbdad8f713fa42b33f4 -> 
  custom:video-decoder-ogg-theora: a1e56fd34408186e4bbccfd4996cb3dc -> 
  custom:framework-win-MediaFoundation: 216162199b28c13a410421893ffa2e32 -> 
  custom:CustomObjectIndexerAttribute: 9a22284fe3817be447336de3de66b15e -> 
  custom:container-demuxer-webm: 4f35f7cbe854078d1ac9338744f61a02 -> 
  custom:container-muxer-webm: aa71ff27fc2769a1b78a27578f13a17b -> 
  custom:video-decoder-webm-vp8: 9c59270c3fd7afecdb556c50c9e8de78 -> 
  custom:SearchIndexIgnoredProperties: e643bd26f0fe6173181afceb89e7c659 -> 
  custom:AudioImporter_EditorPlatform: d09bf68614088b80899f8185d706f6e7 -> 
  custom:video-encoder-webm-vp8: eb34c28f22e8b96e1ab97ce403110664 -> 
  custom:audio-decoder-ogg-vorbis: bf7c407c2cedff20999df2af8eb42d56 -> 
  custom:audio-encoder-webm-vorbis: bf7c407c2cedff20999df2af8eb42d56 -> 
========================================================================
Received Import Request.
  Time since last request: 2896880.843548 seconds.
  path: Assets/Prefabs/Bomb.prefab
  artifactKey: Guid(01edd759f7c394923ae8ee1d66db3e2e) Importer(815301076,1909f56bfc062723c751e8b465ee728b)
Start importing Assets/Prefabs/Bomb.prefab using Guid(01edd759f7c394923ae8ee1d66db3e2e) Importer(815301076,1909f56bfc062723c751e8b465ee728b) [PhysX] Initialized MultithreadedTaskDispatcher with 12 workers.
[PhysX] Initialized MultithreadedTaskDispatcher with 12 workers.
 -> (artifact id: '85ab52e6fe7696d72431398b4f69f69c') in 0.624546 seconds
Number of updated asset objects reloaded before import = 0
Number of asset objects unloaded after import = 7
========================================================================
Received Import Request.
  Time since last request: 0.000034 seconds.
  path: Assets/Prefabs/customer_reservation.prefab
  artifactKey: Guid(a87820c368d9dfa4fbf776488653d447) Importer(815301076,1909f56bfc062723c751e8b465ee728b)
Start importing Assets/Prefabs/customer_reservation.prefab using Guid(a87820c368d9dfa4fbf776488653d447) Importer(815301076,1909f56bfc062723c751e8b465ee728b) [PhysX] Initialized MultithreadedTaskDispatcher with 12 workers.
 -> (artifact id: 'ca8c1cb3bcaaf7761da0e7d43eb16b11') in 0.000605 seconds
Number of updated asset objects reloaded before import = 0
Number of asset objects unloaded after import = 0
========================================================================
Received Import Request.
  Time since last request: 0.000054 seconds.
  path: Assets/Prefabs/bomb_reservation.prefab
  artifactKey: Guid(16a750a6fa339434db38681b4a57c53e) Importer(815301076,1909f56bfc062723c751e8b465ee728b)
Start importing Assets/Prefabs/bomb_reservation.prefab using Guid(16a750a6fa339434db38681b4a57c53e) Importer(815301076,1909f56bfc062723c751e8b465ee728b) [PhysX] Initialized MultithreadedTaskDispatcher with 12 workers.
[PhysX] Initialized MultithreadedTaskDispatcher with 12 workers.
 -> (artifact id: 'd6e04d5df1b3ba825955a2af1fb53887') in 0.011715 seconds
Number of updated asset objects reloaded before import = 0
Number of asset objects unloaded after import = 7
========================================================================
Received Import Request.
  Time since last request: 0.000019 seconds.
  path: Assets/Prefabs/KH_Res.png
  artifactKey: Guid(ae478cfd27ecb2740bdba14b39283a7f) Importer(815301076,1909f56bfc062723c751e8b465ee728b)
Start importing Assets/Prefabs/KH_Res.png using Guid(ae478cfd27ecb2740bdba14b39283a7f) Importer(815301076,1909f56bfc062723c751e8b465ee728b) [PhysX] Initialized MultithreadedTaskDispatcher with 12 workers.
[PhysX] Initialized MultithreadedTaskDispatcher with 12 workers.
 -> (artifact id: 'b5c266a42e239d484736f15bc7fd4d68') in 0.049186 seconds
Number of updated asset objects reloaded before import = 0
Number of asset objects unloaded after import = 2
========================================================================
Received Import Request.
  Time since last request: 0.000022 seconds.
  path: Assets/Prefabs/Directional Light.prefab
  artifactKey: Guid(bb250de26732e244286a8f2ee29585a0) Importer(815301076,1909f56bfc062723c751e8b465ee728b)
Start importing Assets/Prefabs/Directional Light.prefab using Guid(bb250de26732e244286a8f2ee29585a0) Importer(815301076,1909f56bfc062723c751e8b465ee728b) [PhysX] Initialized MultithreadedTaskDispatcher with 12 workers.
 -> (artifact id: 'b99f54d7093007ded0cddd04a3f49fb6') in 0.002604 seconds
Number of updated asset objects reloaded before import = 0
Number of asset objects unloaded after import = 5
========================================================================
Received Import Request.
  Time since last request: 0.000021 seconds.
  path: Assets/Prefabs/Main Camera.prefab
  artifactKey: Guid(dca0cd9b6d4e5b544a431fbb4abc8b8e) Importer(815301076,1909f56bfc062723c751e8b465ee728b)
Start importing Assets/Prefabs/Main Camera.prefab using Guid(dca0cd9b6d4e5b544a431fbb4abc8b8e) Importer(815301076,1909f56bfc062723c751e8b465ee728b) [PhysX] Initialized MultithreadedTaskDispatcher with 12 workers.
 -> (artifact id: '1abe0f4b09d8ea70b77db7846a7fa83f') in 0.000731 seconds
Number of updated asset objects reloaded before import = 0
Number of asset objects unloaded after import = 0
========================================================================
Received Import Request.
  Time since last request: 0.000018 seconds.
  path: Assets/Prefabs/Plane.prefab
  artifactKey: Guid(6794ae72cea6a7f4e9a24f64528d7a65) Importer(815301076,1909f56bfc062723c751e8b465ee728b)
Start importing Assets/Prefabs/Plane.prefab using Guid(6794ae72cea6a7f4e9a24f64528d7a65) Importer(815301076,1909f56bfc062723c751e8b465ee728b) [PhysX] Initialized MultithreadedTaskDispatcher with 12 workers.
[PhysX] Initialized MultithreadedTaskDispatcher with 12 workers.
 -> (artifact id: '4499339b4576f8ed1571ce0406e714c1') in 0.011332 seconds
Number of updated asset objects reloaded before import = 0
Number of asset objects unloaded after import = 7
========================================================================
Received Import Request.
  Time since last request: 0.000019 seconds.
  path: Assets/Prefabs/RayCasting.prefab
  artifactKey: Guid(0279262f6fe551a4583662e08f50bd2c) Importer(815301076,1909f56bfc062723c751e8b465ee728b)
Start importing Assets/Prefabs/RayCasting.prefab using Guid(0279262f6fe551a4583662e08f50bd2c) Importer(815301076,1909f56bfc062723c751e8b465ee728b) [PhysX] Initialized MultithreadedTaskDispatcher with 12 workers.
 -> (artifact id: '355f8e6e9f253d5bc57a8aabbe7933dc') in 0.000701 seconds
Number of updated asset objects reloaded before import = 0
Number of asset objects unloaded after import = 0
========================================================================
Received Import Request.
  Time since last request: 0.000033 seconds.
  path: Assets/Prefabs/Cube.prefab
  artifactKey: Guid(2f3f3ddaa08afe048ba9a096ac2b9bbb) Importer(815301076,1909f56bfc062723c751e8b465ee728b)
Start importing Assets/Prefabs/Cube.prefab using Guid(2f3f3ddaa08afe048ba9a096ac2b9bbb) Importer(815301076,1909f56bfc062723c751e8b465ee728b) [PhysX] Initialized MultithreadedTaskDispatcher with 12 workers.
 -> (artifact id: '63e1a2c6c5f85ce7e59124fe68d4d1ba') in 0.001241 seconds
Number of updated asset objects reloaded before import = 0
Number of asset objects unloaded after import = 0
========================================================================
Received Import Request.
  Time since last request: 0.000040 seconds.
  path: Assets/Prefabs/Invisible Walls.prefab
  artifactKey: Guid(8eaced4e80fa3a046a031f44b126cb2e) Importer(815301076,1909f56bfc062723c751e8b465ee728b)
Start importing Assets/Prefabs/Invisible Walls.prefab using Guid(8eaced4e80fa3a046a031f44b126cb2e) Importer(815301076,1909f56bfc062723c751e8b465ee728b) [PhysX] Initialized MultithreadedTaskDispatcher with 12 workers.
 -> (artifact id: 'cfff44e667529f270398268b1156484b') in 0.002761 seconds
Number of updated asset objects reloaded before import = 0
Number of asset objects unloaded after import = 6
========================================================================
Received Import Request.
  Time since last request: 0.000017 seconds.
  path: Assets/Prefabs/CustomerSteps.prefab
  artifactKey: Guid(caa1a0b40d95ec8459e26c679d4a6663) Importer(815301076,1909f56bfc062723c751e8b465ee728b)
Start importing Assets/Prefabs/CustomerSteps.prefab using Guid(caa1a0b40d95ec8459e26c679d4a6663) Importer(815301076,1909f56bfc062723c751e8b465ee728b) [PhysX] Initialized MultithreadedTaskDispatcher with 12 workers.
 -> (artifact id: 'e45a551e3c3189a433c8381976b50750') in 0.002554 seconds
Number of updated asset objects reloaded before import = 0
Number of asset objects unloaded after import = 10
========================================================================
Received Import Request.
  Time since last request: 0.000022 seconds.
  path: Assets/Prefabs/UiCollisionKey.prefab
  artifactKey: Guid(f15110739299abd4f974d16b87e0a6b5) Importer(815301076,1909f56bfc062723c751e8b465ee728b)
Start importing Assets/Prefabs/UiCollisionKey.prefab using Guid(f15110739299abd4f974d16b87e0a6b5) Importer(815301076,1909f56bfc062723c751e8b465ee728b) [PhysX] Initialized MultithreadedTaskDispatcher with 12 workers.
 -> (artifact id: '4c946ab415aa52b8a2c1fae0f4527e0a') in 0.000787 seconds
Number of updated asset objects reloaded before import = 0
Number of asset objects unloaded after import = 0
========================================================================
Received Import Request.
  Time since last request: 0.000023 seconds.
  path: Assets/Prefabs/customer_key.prefab
  artifactKey: Guid(af397f1f3e64fa04f959444d3bec0bf5) Importer(815301076,1909f56bfc062723c751e8b465ee728b)
Start importing Assets/Prefabs/customer_key.prefab using Guid(af397f1f3e64fa04f959444d3bec0bf5) Importer(815301076,1909f56bfc062723c751e8b465ee728b) [PhysX] Initialized MultithreadedTaskDispatcher with 12 workers.
 -> (artifact id: 'f6e3827303bfa4d22c75e5ffbd9a0cef') in 0.003332 seconds
Number of updated asset objects reloaded before import = 0
Number of asset objects unloaded after import = 0
========================================================================
Received Import Request.
  Time since last request: 0.000030 seconds.
  path: Assets/Prefabs/Desk.prefab
  artifactKey: Guid(36806fa9eea9fdc4f8935c05683126ee) Importer(815301076,1909f56bfc062723c751e8b465ee728b)
Start importing Assets/Prefabs/Desk.prefab using Guid(36806fa9eea9fdc4f8935c05683126ee) Importer(815301076,1909f56bfc062723c751e8b465ee728b) [PhysX] Initialized MultithreadedTaskDispatcher with 12 workers.
[PhysX] Initialized MultithreadedTaskDispatcher with 12 workers.
 -> (artifact id: 'c7d5a98045603d4ddf63784e8b8093a9') in 0.009101 seconds
Number of updated asset objects reloaded before import = 0
Number of asset objects unloaded after import = 7
========================================================================
Received Import Request.
  Time since last request: 0.000018 seconds.
  path: Assets/Prefabs/UiCollisionLuggage.prefab
  artifactKey: Guid(76863a42cfe9518409b130cde1fbfc45) Importer(815301076,1909f56bfc062723c751e8b465ee728b)
Start importing Assets/Prefabs/UiCollisionLuggage.prefab using Guid(76863a42cfe9518409b130cde1fbfc45) Importer(815301076,1909f56bfc062723c751e8b465ee728b) [PhysX] Initialized MultithreadedTaskDispatcher with 12 workers.
 -> (artifact id: '769f96a58268061b696ac9904cac3cab') in 0.000654 seconds
Number of updated asset objects reloaded before import = 0
Number of asset objects unloaded after import = 0
========================================================================
Received Import Request.
  Time since last request: 0.000041 seconds.
  path: Assets/Prefabs/KH_Lug.mat
  artifactKey: Guid(41312363347d63a44baf566c8886902f) Importer(815301076,1909f56bfc062723c751e8b465ee728b)
Start importing Assets/Prefabs/KH_Lug.mat using Guid(41312363347d63a44baf566c8886902f) Importer(815301076,1909f56bfc062723c751e8b465ee728b) [PhysX] Initialized MultithreadedTaskDispatcher with 12 workers.
[PhysX] Initialized MultithreadedTaskDispatcher with 12 workers.
 -> (artifact id: 'ce04881dca30299dbc39b6359ba49cec') in 0.220228 seconds
Number of updated asset objects reloaded before import = 0
Number of asset objects unloaded after import = 2
========================================================================
Received Import Request.
  Time since last request: 13.025982 seconds.
  path: Assets/Prefabs/Cube.prefab
  artifactKey: Guid(2f3f3ddaa08afe048ba9a096ac2b9bbb) Importer(815301076,1909f56bfc062723c751e8b465ee728b)
Start importing Assets/Prefabs/Cube.prefab using Guid(2f3f3ddaa08afe048ba9a096ac2b9bbb) Importer(815301076,1909f56bfc062723c751e8b465ee728b) [PhysX] Initialized MultithreadedTaskDispatcher with 12 workers.
 -> (artifact id: '63e1a2c6c5f85ce7e59124fe68d4d1ba') in 0.000693 seconds
Number of updated asset objects reloaded before import = 0
Number of asset objects unloaded after import = 0
========================================================================
Received Import Request.
  Time since last request: 0.000136 seconds.
  path: Assets/Prefabs/customer_luggage.prefab
  artifactKey: Guid(8966d6666d84adf49aae546fced840ee) Importer(815301076,1909f56bfc062723c751e8b465ee728b)
Start importing Assets/Prefabs/customer_luggage.prefab using Guid(8966d6666d84adf49aae546fced840ee) Importer(815301076,1909f56bfc062723c751e8b465ee728b) [PhysX] Initialized MultithreadedTaskDispatcher with 12 workers.
 -> (artifact id: 'cdebdf668209ba090ed24333ed3b4e86') in 0.000607 seconds
Number of updated asset objects reloaded before import = 0
Number of asset objects unloaded after import = 0
========================================================================
Received Import Request.
  Time since last request: 0.000554 seconds.
  path: Assets/Prefabs/Player.prefab
  artifactKey: Guid(c24484f46d838654d9750ca2e68e2349) Importer(815301076,1909f56bfc062723c751e8b465ee728b)
Start importing Assets/Prefabs/Player.prefab using Guid(c24484f46d838654d9750ca2e68e2349) Importer(815301076,1909f56bfc062723c751e8b465ee728b) [PhysX] Initialized MultithreadedTaskDispatcher with 12 workers.
 -> (artifact id: '5035beb55cec9a3ef37e1217130bec7c') in 0.000450 seconds
Number of updated asset objects reloaded before import = 0
Number of asset objects unloaded after import = 0
========================================================================
Received Import Request.
  Time since last request: 0.000135 seconds.
  path: Assets/Prefabs/UiCollisionKey.prefab
  artifactKey: Guid(f15110739299abd4f974d16b87e0a6b5) Importer(815301076,1909f56bfc062723c751e8b465ee728b)
Start importing Assets/Prefabs/UiCollisionKey.prefab using Guid(f15110739299abd4f974d16b87e0a6b5) Importer(815301076,1909f56bfc062723c751e8b465ee728b) [PhysX] Initialized MultithreadedTaskDispatcher with 12 workers.
 -> (artifact id: '4c946ab415aa52b8a2c1fae0f4527e0a') in 0.000616 seconds
Number of updated asset objects reloaded before import = 0
Number of asset objects unloaded after import = 0
========================================================================
Received Import Request.
  Time since last request: 0.000017 seconds.
  path: Assets/Prefabs/UiCollisionReservation.prefab
  artifactKey: Guid(0a01144c74bbc6043ad893ffd2ba8926) Importer(815301076,1909f56bfc062723c751e8b465ee728b)
Start importing Assets/Prefabs/UiCollisionReservation.prefab using Guid(0a01144c74bbc6043ad893ffd2ba8926) Importer(815301076,1909f56bfc062723c751e8b465ee728b) [PhysX] Initialized MultithreadedTaskDispatcher with 12 workers.
 -> (artifact id: 'd2e0713260d04685a2d2d97e5742e5ec') in 0.000538 seconds
Number of updated asset objects reloaded before import = 0
Number of asset objects unloaded after import = 0
========================================================================
Received Import Request.
  Time since last request: 7.463599 seconds.
  path: Assets/Prefabs/Cube.prefab
  artifactKey: Guid(2f3f3ddaa08afe048ba9a096ac2b9bbb) Importer(815301076,1909f56bfc062723c751e8b465ee728b)
Start importing Assets/Prefabs/Cube.prefab using Guid(2f3f3ddaa08afe048ba9a096ac2b9bbb) Importer(815301076,1909f56bfc062723c751e8b465ee728b) [PhysX] Initialized MultithreadedTaskDispatcher with 12 workers.
 -> (artifact id: '63e1a2c6c5f85ce7e59124fe68d4d1ba') in 0.000755 seconds
Number of updated asset objects reloaded before import = 0
Number of asset objects unloaded after import = 0
========================================================================
Received Import Request.
  Time since last request: 0.000019 seconds.
  path: Assets/Prefabs/customer_reservation.prefab
  artifactKey: Guid(a87820c368d9dfa4fbf776488653d447) Importer(815301076,1909f56bfc062723c751e8b465ee728b)
Start importing Assets/Prefabs/customer_reservation.prefab using Guid(a87820c368d9dfa4fbf776488653d447) Importer(815301076,1909f56bfc062723c751e8b465ee728b) [PhysX] Initialized MultithreadedTaskDispatcher with 12 workers.
 -> (artifact id: 'ca8c1cb3bcaaf7761da0e7d43eb16b11') in 0.000460 seconds
Number of updated asset objects reloaded before import = 0
Number of asset objects unloaded after import = 0
========================================================================
Received Import Request.
  Time since last request: 0.000432 seconds.
  path: Assets/Prefabs/Main Camera.prefab
  artifactKey: Guid(dca0cd9b6d4e5b544a431fbb4abc8b8e) Importer(815301076,1909f56bfc062723c751e8b465ee728b)
Start importing Assets/Prefabs/Main Camera.prefab using Guid(dca0cd9b6d4e5b544a431fbb4abc8b8e) Importer(815301076,1909f56bfc062723c751e8b465ee728b) [PhysX] Initialized MultithreadedTaskDispatcher with 12 workers.
 -> (artifact id: '1abe0f4b09d8ea70b77db7846a7fa83f') in 0.000452 seconds
Number of updated asset objects reloaded before import = 0
Number of asset objects unloaded after import = 0
========================================================================
Received Import Request.
  Time since last request: 0.000326 seconds.
  path: Assets/Prefabs/RayCasting.prefab
  artifactKey: Guid(0279262f6fe551a4583662e08f50bd2c) Importer(815301076,1909f56bfc062723c751e8b465ee728b)
Start importing Assets/Prefabs/RayCasting.prefab using Guid(0279262f6fe551a4583662e08f50bd2c) Importer(815301076,1909f56bfc062723c751e8b465ee728b) [PhysX] Initialized MultithreadedTaskDispatcher with 12 workers.
 -> (artifact id: '355f8e6e9f253d5bc57a8aabbe7933dc') in 0.000431 seconds
Number of updated asset objects reloaded before import = 0
Number of asset objects unloaded after import = 0
========================================================================
Received Import Request.
  Time since last request: 0.000015 seconds.
  path: Assets/Prefabs/UiCollisionLuggage.prefab
  artifactKey: Guid(76863a42cfe9518409b130cde1fbfc45) Importer(815301076,1909f56bfc062723c751e8b465ee728b)
Start importing Assets/Prefabs/UiCollisionLuggage.prefab using Guid(76863a42cfe9518409b130cde1fbfc45) Importer(815301076,1909f56bfc062723c751e8b465ee728b) [PhysX] Initialized MultithreadedTaskDispatcher with 12 workers.
 -> (artifact id: '769f96a58268061b696ac9904cac3cab') in 0.000544 seconds
Number of updated asset objects reloaded before import = 0
Number of asset objects unloaded after import = 0
========================================================================
Received Import Request.
  Time since last request: 2.463884 seconds.
  path: Assets/Prefabs/Cube.prefab
  artifactKey: Guid(2f3f3ddaa08afe048ba9a096ac2b9bbb) Importer(815301076,1909f56bfc062723c751e8b465ee728b)
Start importing Assets/Prefabs/Cube.prefab using Guid(2f3f3ddaa08afe048ba9a096ac2b9bbb) Importer(815301076,1909f56bfc062723c751e8b465ee728b) [PhysX] Initialized MultithreadedTaskDispatcher with 12 workers.
 -> (artifact id: '63e1a2c6c5f85ce7e59124fe68d4d1ba') in 0.003309 seconds
Number of updated asset objects reloaded before import = 0
Number of asset objects unloaded after import = 0
========================================================================
Received Import Request.
  Time since last request: 0.000029 seconds.
  path: Assets/Prefabs/customer_reservation.prefab
  artifactKey: Guid(a87820c368d9dfa4fbf776488653d447) Importer(815301076,1909f56bfc062723c751e8b465ee728b)
Start importing Assets/Prefabs/customer_reservation.prefab using Guid(a87820c368d9dfa4fbf776488653d447) Importer(815301076,1909f56bfc062723c751e8b465ee728b) [PhysX] Initialized MultithreadedTaskDispatcher with 12 workers.
 -> (artifact id: 'ca8c1cb3bcaaf7761da0e7d43eb16b11') in 0.000632 seconds
Number of updated asset objects reloaded before import = 0
Number of asset objects unloaded after import = 0
========================================================================
Received Import Request.
  Time since last request: 0.000039 seconds.
  path: Assets/Prefabs/customer_luggage.prefab
  artifactKey: Guid(8966d6666d84adf49aae546fced840ee) Importer(815301076,1909f56bfc062723c751e8b465ee728b)
Start importing Assets/Prefabs/customer_luggage.prefab using Guid(8966d6666d84adf49aae546fced840ee) Importer(815301076,1909f56bfc062723c751e8b465ee728b) [PhysX] Initialized MultithreadedTaskDispatcher with 12 workers.
 -> (artifact id: 'cdebdf668209ba090ed24333ed3b4e86') in 0.000641 seconds
Number of updated asset objects reloaded before import = 0
Number of asset objects unloaded after import = 0
========================================================================
Received Import Request.
  Time since last request: 0.000018 seconds.
  path: Assets/Prefabs/UiCollisionKey.prefab
  artifactKey: Guid(f15110739299abd4f974d16b87e0a6b5) Importer(815301076,1909f56bfc062723c751e8b465ee728b)
Start importing Assets/Prefabs/UiCollisionKey.prefab using Guid(f15110739299abd4f974d16b87e0a6b5) Importer(815301076,1909f56bfc062723c751e8b465ee728b) [PhysX] Initialized MultithreadedTaskDispatcher with 12 workers.
 -> (artifact id: '4c946ab415aa52b8a2c1fae0f4527e0a') in 0.000491 seconds
Number of updated asset objects reloaded before import = 0
Number of asset objects unloaded after import = 0
========================================================================
Received Import Request.
  Time since last request: 0.000031 seconds.
  path: Assets/Prefabs/UiCollisionReservation.prefab
  artifactKey: Guid(0a01144c74bbc6043ad893ffd2ba8926) Importer(815301076,1909f56bfc062723c751e8b465ee728b)
Start importing Assets/Prefabs/UiCollisionReservation.prefab using Guid(0a01144c74bbc6043ad893ffd2ba8926) Importer(815301076,1909f56bfc062723c751e8b465ee728b) [PhysX] Initialized MultithreadedTaskDispatcher with 12 workers.
 -> (artifact id: 'd2e0713260d04685a2d2d97e5742e5ec') in 0.000523 seconds
Number of updated asset objects reloaded before import = 0
Number of asset objects unloaded after import = 0
========================================================================
Received Import Request.
  Time since last request: 9.349107 seconds.
  path: Assets/Prefabs/Cube.prefab
  artifactKey: Guid(2f3f3ddaa08afe048ba9a096ac2b9bbb) Importer(815301076,1909f56bfc062723c751e8b465ee728b)
Start importing Assets/Prefabs/Cube.prefab using Guid(2f3f3ddaa08afe048ba9a096ac2b9bbb) Importer(815301076,1909f56bfc062723c751e8b465ee728b) [PhysX] Initialized MultithreadedTaskDispatcher with 12 workers.
 -> (artifact id: '63e1a2c6c5f85ce7e59124fe68d4d1ba') in 0.000613 seconds
Number of updated asset objects reloaded before import = 0
Number of asset objects unloaded after import = 0
========================================================================
Received Import Request.
  Time since last request: 0.000016 seconds.
  path: Assets/Prefabs/customer_reservation.prefab
  artifactKey: Guid(a87820c368d9dfa4fbf776488653d447) Importer(815301076,1909f56bfc062723c751e8b465ee728b)
Start importing Assets/Prefabs/customer_reservation.prefab using Guid(a87820c368d9dfa4fbf776488653d447) Importer(815301076,1909f56bfc062723c751e8b465ee728b) [PhysX] Initialized MultithreadedTaskDispatcher with 12 workers.
 -> (artifact id: 'ca8c1cb3bcaaf7761da0e7d43eb16b11') in 0.000425 seconds
Number of updated asset objects reloaded before import = 0
Number of asset objects unloaded after import = 0
========================================================================
Received Import Request.
  Time since last request: 0.000658 seconds.
  path: Assets/Prefabs/Main Camera.prefab
  artifactKey: Guid(dca0cd9b6d4e5b544a431fbb4abc8b8e) Importer(815301076,1909f56bfc062723c751e8b465ee728b)
Start importing Assets/Prefabs/Main Camera.prefab using Guid(dca0cd9b6d4e5b544a431fbb4abc8b8e) Importer(815301076,1909f56bfc062723c751e8b465ee728b) [PhysX] Initialized MultithreadedTaskDispatcher with 12 workers.
 -> (artifact id: '1abe0f4b09d8ea70b77db7846a7fa83f') in 0.000545 seconds
Number of updated asset objects reloaded before import = 0
Number of asset objects unloaded after import = 0
========================================================================
Received Import Request.
  Time since last request: 0.000369 seconds.
  path: Assets/Prefabs/RayCasting.prefab
  artifactKey: Guid(0279262f6fe551a4583662e08f50bd2c) Importer(815301076,1909f56bfc062723c751e8b465ee728b)
Start importing Assets/Prefabs/RayCasting.prefab using Guid(0279262f6fe551a4583662e08f50bd2c) Importer(815301076,1909f56bfc062723c751e8b465ee728b) [PhysX] Initialized MultithreadedTaskDispatcher with 12 workers.
 -> (artifact id: '355f8e6e9f253d5bc57a8aabbe7933dc') in 0.001737 seconds
Number of updated asset objects reloaded before import = 0
Number of asset objects unloaded after import = 0
========================================================================
Received Import Request.
  Time since last request: 0.000337 seconds.
  path: Assets/Prefabs/UiCollisionLuggage.prefab
  artifactKey: Guid(76863a42cfe9518409b130cde1fbfc45) Importer(815301076,1909f56bfc062723c751e8b465ee728b)
Start importing Assets/Prefabs/UiCollisionLuggage.prefab using Guid(76863a42cfe9518409b130cde1fbfc45) Importer(815301076,1909f56bfc062723c751e8b465ee728b) [PhysX] Initialized MultithreadedTaskDispatcher with 12 workers.
 -> (artifact id: '769f96a58268061b696ac9904cac3cab') in 0.000558 seconds
Number of updated asset objects reloaded before import = 0
Number of asset objects unloaded after import = 0
========================================================================
Received Import Request.
  Time since last request: 2.424698 seconds.
  path: Assets/Prefabs/Cube.prefab
  artifactKey: Guid(2f3f3ddaa08afe048ba9a096ac2b9bbb) Importer(815301076,1909f56bfc062723c751e8b465ee728b)
Start importing Assets/Prefabs/Cube.prefab using Guid(2f3f3ddaa08afe048ba9a096ac2b9bbb) Importer(815301076,1909f56bfc062723c751e8b465ee728b) [PhysX] Initialized MultithreadedTaskDispatcher with 12 workers.
 -> (artifact id: '63e1a2c6c5f85ce7e59124fe68d4d1ba') in 0.000606 seconds
Number of updated asset objects reloaded before import = 0
Number of asset objects unloaded after import = 0
========================================================================
Received Import Request.
  Time since last request: 0.000074 seconds.
  path: Assets/Prefabs/customer_reservation.prefab
  artifactKey: Guid(a87820c368d9dfa4fbf776488653d447) Importer(815301076,1909f56bfc062723c751e8b465ee728b)
Start importing Assets/Prefabs/customer_reservation.prefab using Guid(a87820c368d9dfa4fbf776488653d447) Importer(815301076,1909f56bfc062723c751e8b465ee728b) [PhysX] Initialized MultithreadedTaskDispatcher with 12 workers.
 -> (artifact id: 'ca8c1cb3bcaaf7761da0e7d43eb16b11') in 0.000549 seconds
Number of updated asset objects reloaded before import = 0
Number of asset objects unloaded after import = 0
========================================================================
Received Import Request.
  Time since last request: 0.000315 seconds.
  path: Assets/Prefabs/Main Camera.prefab
  artifactKey: Guid(dca0cd9b6d4e5b544a431fbb4abc8b8e) Importer(815301076,1909f56bfc062723c751e8b465ee728b)
Start importing Assets/Prefabs/Main Camera.prefab using Guid(dca0cd9b6d4e5b544a431fbb4abc8b8e) Importer(815301076,1909f56bfc062723c751e8b465ee728b) [PhysX] Initialized MultithreadedTaskDispatcher with 12 workers.
 -> (artifact id: '1abe0f4b09d8ea70b77db7846a7fa83f') in 0.004144 seconds
Number of updated asset objects reloaded before import = 0
Number of asset objects unloaded after import = 0
========================================================================
Received Import Request.
  Time since last request: 0.000053 seconds.
  path: Assets/Prefabs/RayCasting.prefab
  artifactKey: Guid(0279262f6fe551a4583662e08f50bd2c) Importer(815301076,1909f56bfc062723c751e8b465ee728b)
Start importing Assets/Prefabs/RayCasting.prefab using Guid(0279262f6fe551a4583662e08f50bd2c) Importer(815301076,1909f56bfc062723c751e8b465ee728b) [PhysX] Initialized MultithreadedTaskDispatcher with 12 workers.
 -> (artifact id: '355f8e6e9f253d5bc57a8aabbe7933dc') in 0.000594 seconds
Number of updated asset objects reloaded before import = 0
Number of asset objects unloaded after import = 0
========================================================================
Received Import Request.
  Time since last request: 0.000089 seconds.
  path: Assets/Prefabs/UiCollisionLuggage.prefab
  artifactKey: Guid(76863a42cfe9518409b130cde1fbfc45) Importer(815301076,1909f56bfc062723c751e8b465ee728b)
Start importing Assets/Prefabs/UiCollisionLuggage.prefab using Guid(76863a42cfe9518409b130cde1fbfc45) Importer(815301076,1909f56bfc062723c751e8b465ee728b) [PhysX] Initialized MultithreadedTaskDispatcher with 12 workers.
 -> (artifact id: '769f96a58268061b696ac9904cac3cab') in 0.000726 seconds
Number of updated asset objects reloaded before import = 0
Number of asset objects unloaded after import = 0
========================================================================
Received Import Request.
  Time since last request: 6.722140 seconds.
  path: Assets/Prefabs/Cube.prefab
  artifactKey: Guid(2f3f3ddaa08afe048ba9a096ac2b9bbb) Importer(815301076,1909f56bfc062723c751e8b465ee728b)
Start importing Assets/Prefabs/Cube.prefab using Guid(2f3f3ddaa08afe048ba9a096ac2b9bbb) Importer(815301076,1909f56bfc062723c751e8b465ee728b) [PhysX] Initialized MultithreadedTaskDispatcher with 12 workers.
 -> (artifact id: '63e1a2c6c5f85ce7e59124fe68d4d1ba') in 0.000686 seconds
Number of updated asset objects reloaded before import = 0
Number of asset objects unloaded after import = 0
========================================================================
Received Import Request.
  Time since last request: 0.000092 seconds.
  path: Assets/Prefabs/customer_reservation.prefab
  artifactKey: Guid(a87820c368d9dfa4fbf776488653d447) Importer(815301076,1909f56bfc062723c751e8b465ee728b)
Start importing Assets/Prefabs/customer_reservation.prefab using Guid(a87820c368d9dfa4fbf776488653d447) Importer(815301076,1909f56bfc062723c751e8b465ee728b) [PhysX] Initialized MultithreadedTaskDispatcher with 12 workers.
 -> (artifact id: 'ca8c1cb3bcaaf7761da0e7d43eb16b11') in 0.000554 seconds
Number of updated asset objects reloaded before import = 0
Number of asset objects unloaded after import = 0
========================================================================
Received Import Request.
  Time since last request: 0.001238 seconds.
  path: Assets/Prefabs/Player.prefab
  artifactKey: Guid(c24484f46d838654d9750ca2e68e2349) Importer(815301076,1909f56bfc062723c751e8b465ee728b)
Start importing Assets/Prefabs/Player.prefab using Guid(c24484f46d838654d9750ca2e68e2349) Importer(815301076,1909f56bfc062723c751e8b465ee728b) [PhysX] Initialized MultithreadedTaskDispatcher with 12 workers.
 -> (artifact id: '5035beb55cec9a3ef37e1217130bec7c') in 0.001026 seconds
Number of updated asset objects reloaded before import = 0
Number of asset objects unloaded after import = 0
========================================================================
Received Import Request.
  Time since last request: 0.000046 seconds.
  path: Assets/Prefabs/UiCollisionKey.prefab
  artifactKey: Guid(f15110739299abd4f974d16b87e0a6b5) Importer(815301076,1909f56bfc062723c751e8b465ee728b)
Start importing Assets/Prefabs/UiCollisionKey.prefab using Guid(f15110739299abd4f974d16b87e0a6b5) Importer(815301076,1909f56bfc062723c751e8b465ee728b) [PhysX] Initialized MultithreadedTaskDispatcher with 12 workers.
 -> (artifact id: '4c946ab415aa52b8a2c1fae0f4527e0a') in 0.000697 seconds
Number of updated asset objects reloaded before import = 0
Number of asset objects unloaded after import = 0
========================================================================
Received Import Request.
  Time since last request: 0.000042 seconds.
  path: Assets/Prefabs/UiCollisionReservation.prefab
  artifactKey: Guid(0a01144c74bbc6043ad893ffd2ba8926) Importer(815301076,1909f56bfc062723c751e8b465ee728b)
Start importing Assets/Prefabs/UiCollisionReservation.prefab using Guid(0a01144c74bbc6043ad893ffd2ba8926) Importer(815301076,1909f56bfc062723c751e8b465ee728b) [PhysX] Initialized MultithreadedTaskDispatcher with 12 workers.
 -> (artifact id: 'd2e0713260d04685a2d2d97e5742e5ec') in 0.001232 seconds
Number of updated asset objects reloaded before import = 0
Number of asset objects unloaded after import = 0
========================================================================
Received Import Request.
  Time since last request: 4.899288 seconds.
  path: Assets/Prefabs/Cube.prefab
  artifactKey: Guid(2f3f3ddaa08afe048ba9a096ac2b9bbb) Importer(815301076,1909f56bfc062723c751e8b465ee728b)
Start importing Assets/Prefabs/Cube.prefab using Guid(2f3f3ddaa08afe048ba9a096ac2b9bbb) Importer(815301076,1909f56bfc062723c751e8b465ee728b) [PhysX] Initialized MultithreadedTaskDispatcher with 12 workers.
 -> (artifact id: '63e1a2c6c5f85ce7e59124fe68d4d1ba') in 0.000579 seconds
Number of updated asset objects reloaded before import = 0
Number of asset objects unloaded after import = 0
========================================================================
Received Import Request.
  Time since last request: 0.000063 seconds.
  path: Assets/Prefabs/customer_reservation.prefab
  artifactKey: Guid(a87820c368d9dfa4fbf776488653d447) Importer(815301076,1909f56bfc062723c751e8b465ee728b)
Start importing Assets/Prefabs/customer_reservation.prefab using Guid(a87820c368d9dfa4fbf776488653d447) Importer(815301076,1909f56bfc062723c751e8b465ee728b) [PhysX] Initialized MultithreadedTaskDispatcher with 12 workers.
 -> (artifact id: 'ca8c1cb3bcaaf7761da0e7d43eb16b11') in 0.000484 seconds
Number of updated asset objects reloaded before import = 0
Number of asset objects unloaded after import = 0
========================================================================
Received Import Request.
  Time since last request: 0.000374 seconds.
  path: Assets/Prefabs/Main Camera.prefab
  artifactKey: Guid(dca0cd9b6d4e5b544a431fbb4abc8b8e) Importer(815301076,1909f56bfc062723c751e8b465ee728b)
Start importing Assets/Prefabs/Main Camera.prefab using Guid(dca0cd9b6d4e5b544a431fbb4abc8b8e) Importer(815301076,1909f56bfc062723c751e8b465ee728b) [PhysX] Initialized MultithreadedTaskDispatcher with 12 workers.
 -> (artifact id: '1abe0f4b09d8ea70b77db7846a7fa83f') in 0.000440 seconds
Number of updated asset objects reloaded before import = 0
Number of asset objects unloaded after import = 0
========================================================================
Received Import Request.
  Time since last request: 0.000263 seconds.
  path: Assets/Prefabs/RayCasting.prefab
  artifactKey: Guid(0279262f6fe551a4583662e08f50bd2c) Importer(815301076,1909f56bfc062723c751e8b465ee728b)
Start importing Assets/Prefabs/RayCasting.prefab using Guid(0279262f6fe551a4583662e08f50bd2c) Importer(815301076,1909f56bfc062723c751e8b465ee728b) [PhysX] Initialized MultithreadedTaskDispatcher with 12 workers.
 -> (artifact id: '355f8e6e9f253d5bc57a8aabbe7933dc') in 0.003282 seconds
Number of updated asset objects reloaded before import = 0
Number of asset objects unloaded after import = 0
========================================================================
Received Import Request.
  Time since last request: 0.000186 seconds.
  path: Assets/Prefabs/UiCollisionLuggage.prefab
  artifactKey: Guid(76863a42cfe9518409b130cde1fbfc45) Importer(815301076,1909f56bfc062723c751e8b465ee728b)
Start importing Assets/Prefabs/UiCollisionLuggage.prefab using Guid(76863a42cfe9518409b130cde1fbfc45) Importer(815301076,1909f56bfc062723c751e8b465ee728b) [PhysX] Initialized MultithreadedTaskDispatcher with 12 workers.
 -> (artifact id: '769f96a58268061b696ac9904cac3cab') in 0.000561 seconds
Number of updated asset objects reloaded before import = 0
Number of asset objects unloaded after import = 0
========================================================================
Received Import Request.
  Time since last request: 25.858935 seconds.
  path: Assets/Prefabs/KH_Key.png
  artifactKey: Guid(636a9d80ca9840a42aad8b8ac353346e) Importer(815301076,1909f56bfc062723c751e8b465ee728b)
Start importing Assets/Prefabs/KH_Key.png using Guid(636a9d80ca9840a42aad8b8ac353346e) Importer(815301076,1909f56bfc062723c751e8b465ee728b) [PhysX] Initialized MultithreadedTaskDispatcher with 12 workers.
[PhysX] Initialized MultithreadedTaskDispatcher with 12 workers.
 -> (artifact id: '4765a53969a579736ea51c971a9e1ebe') in 0.008660 seconds
Number of updated asset objects reloaded before import = 0
Number of asset objects unloaded after import = 2
========================================================================
Received Import Request.
  Time since last request: 0.019761 seconds.
  path: Assets/Prefabs/Cube.prefab
  artifactKey: Guid(2f3f3ddaa08afe048ba9a096ac2b9bbb) Importer(815301076,1909f56bfc062723c751e8b465ee728b)
Start importing Assets/Prefabs/Cube.prefab using Guid(2f3f3ddaa08afe048ba9a096ac2b9bbb) Importer(815301076,1909f56bfc062723c751e8b465ee728b) [PhysX] Initialized MultithreadedTaskDispatcher with 12 workers.
 -> (artifact id: '63e1a2c6c5f85ce7e59124fe68d4d1ba') in 0.000828 seconds
Number of updated asset objects reloaded before import = 0
Number of asset objects unloaded after import = 0
========================================================================
Received Import Request.
  Time since last request: 0.000019 seconds.
  path: Assets/Prefabs/customer_reservation.prefab
  artifactKey: Guid(a87820c368d9dfa4fbf776488653d447) Importer(815301076,1909f56bfc062723c751e8b465ee728b)
Start importing Assets/Prefabs/customer_reservation.prefab using Guid(a87820c368d9dfa4fbf776488653d447) Importer(815301076,1909f56bfc062723c751e8b465ee728b) [PhysX] Initialized MultithreadedTaskDispatcher with 12 workers.
 -> (artifact id: 'ca8c1cb3bcaaf7761da0e7d43eb16b11') in 0.000527 seconds
Number of updated asset objects reloaded before import = 0
Number of asset objects unloaded after import = 0
========================================================================
Received Import Request.
  Time since last request: 0.000366 seconds.
  path: Assets/Prefabs/item_key.prefab
  artifactKey: Guid(9cf7d41394ac45d4dbae9bdad1295fd9) Importer(815301076,1909f56bfc062723c751e8b465ee728b)
Start importing Assets/Prefabs/item_key.prefab using Guid(9cf7d41394ac45d4dbae9bdad1295fd9) Importer(815301076,1909f56bfc062723c751e8b465ee728b) [PhysX] Initialized MultithreadedTaskDispatcher with 12 workers.
[PhysX] Initialized MultithreadedTaskDispatcher with 12 workers.
 -> (artifact id: '070c595448c1576ffe96bd174bdbef6c') in 0.011372 seconds
Number of updated asset objects reloaded before import = 0
Number of asset objects unloaded after import = 10
========================================================================
Received Import Request.
  Time since last request: 82.525870 seconds.
  path: Assets/Prefabs/Cube.prefab
  artifactKey: Guid(2f3f3ddaa08afe048ba9a096ac2b9bbb) Importer(815301076,1909f56bfc062723c751e8b465ee728b)
Start importing Assets/Prefabs/Cube.prefab using Guid(2f3f3ddaa08afe048ba9a096ac2b9bbb) Importer(815301076,1909f56bfc062723c751e8b465ee728b) [PhysX] Initialized MultithreadedTaskDispatcher with 12 workers.
 -> (artifact id: '63e1a2c6c5f85ce7e59124fe68d4d1ba') in 0.000999 seconds
Number of updated asset objects reloaded before import = 0
Number of asset objects unloaded after import = 0
========================================================================
Received Import Request.
  Time since last request: 0.000030 seconds.
  path: Assets/Prefabs/customer_luggage.prefab
  artifactKey: Guid(8966d6666d84adf49aae546fced840ee) Importer(815301076,1909f56bfc062723c751e8b465ee728b)
Start importing Assets/Prefabs/customer_luggage.prefab using Guid(8966d6666d84adf49aae546fced840ee) Importer(815301076,1909f56bfc062723c751e8b465ee728b) [PhysX] Initialized MultithreadedTaskDispatcher with 12 workers.
 -> (artifact id: 'cdebdf668209ba090ed24333ed3b4e86') in 0.000509 seconds
Number of updated asset objects reloaded before import = 0
Number of asset objects unloaded after import = 0
========================================================================
Received Import Request.
  Time since last request: 0.000154 seconds.
  path: Assets/Prefabs/Main Camera.prefab
  artifactKey: Guid(dca0cd9b6d4e5b544a431fbb4abc8b8e) Importer(815301076,1909f56bfc062723c751e8b465ee728b)
Start importing Assets/Prefabs/Main Camera.prefab using Guid(dca0cd9b6d4e5b544a431fbb4abc8b8e) Importer(815301076,1909f56bfc062723c751e8b465ee728b) [PhysX] Initialized MultithreadedTaskDispatcher with 12 workers.
 -> (artifact id: '1abe0f4b09d8ea70b77db7846a7fa83f') in 0.000458 seconds
Number of updated asset objects reloaded before import = 0
Number of asset objects unloaded after import = 0
========================================================================
Received Import Request.
  Time since last request: 0.000161 seconds.
  path: Assets/Prefabs/RayCasting.prefab
  artifactKey: Guid(0279262f6fe551a4583662e08f50bd2c) Importer(815301076,1909f56bfc062723c751e8b465ee728b)
Start importing Assets/Prefabs/RayCasting.prefab using Guid(0279262f6fe551a4583662e08f50bd2c) Importer(815301076,1909f56bfc062723c751e8b465ee728b) [PhysX] Initialized MultithreadedTaskDispatcher with 12 workers.
 -> (artifact id: '355f8e6e9f253d5bc57a8aabbe7933dc') in 0.000593 seconds
Number of updated asset objects reloaded before import = 0
Number of asset objects unloaded after import = 0
========================================================================
Received Import Request.
  Time since last request: 0.000082 seconds.
  path: Assets/Prefabs/UiCollisionLuggage.prefab
  artifactKey: Guid(76863a42cfe9518409b130cde1fbfc45) Importer(815301076,1909f56bfc062723c751e8b465ee728b)
Start importing Assets/Prefabs/UiCollisionLuggage.prefab using Guid(76863a42cfe9518409b130cde1fbfc45) Importer(815301076,1909f56bfc062723c751e8b465ee728b) [PhysX] Initialized MultithreadedTaskDispatcher with 12 workers.
 -> (artifact id: '769f96a58268061b696ac9904cac3cab') in 0.000674 seconds
Number of updated asset objects reloaded before import = 0
Number of asset objects unloaded after import = 0
========================================================================
Received Import Request.
  Time since last request: 2.620899 seconds.
  path: Assets/Prefabs/Cube.prefab
  artifactKey: Guid(2f3f3ddaa08afe048ba9a096ac2b9bbb) Importer(815301076,1909f56bfc062723c751e8b465ee728b)
Start importing Assets/Prefabs/Cube.prefab using Guid(2f3f3ddaa08afe048ba9a096ac2b9bbb) Importer(815301076,1909f56bfc062723c751e8b465ee728b) [PhysX] Initialized MultithreadedTaskDispatcher with 12 workers.
 -> (artifact id: '63e1a2c6c5f85ce7e59124fe68d4d1ba') in 0.000569 seconds
Number of updated asset objects reloaded before import = 0
Number of asset objects unloaded after import = 0
========================================================================
Received Import Request.
  Time since last request: 0.000035 seconds.
  path: Assets/Prefabs/customer_reservation.prefab
  artifactKey: Guid(a87820c368d9dfa4fbf776488653d447) Importer(815301076,1909f56bfc062723c751e8b465ee728b)
Start importing Assets/Prefabs/customer_reservation.prefab using Guid(a87820c368d9dfa4fbf776488653d447) Importer(815301076,1909f56bfc062723c751e8b465ee728b) [PhysX] Initialized MultithreadedTaskDispatcher with 12 workers.
 -> (artifact id: 'ca8c1cb3bcaaf7761da0e7d43eb16b11') in 0.000474 seconds
Number of updated asset objects reloaded before import = 0
Number of asset objects unloaded after import = 0
========================================================================
Received Import Request.
  Time since last request: 0.000792 seconds.
  path: Assets/Prefabs/Main Camera.prefab
  artifactKey: Guid(dca0cd9b6d4e5b544a431fbb4abc8b8e) Importer(815301076,1909f56bfc062723c751e8b465ee728b)
Start importing Assets/Prefabs/Main Camera.prefab using Guid(dca0cd9b6d4e5b544a431fbb4abc8b8e) Importer(815301076,1909f56bfc062723c751e8b465ee728b) [PhysX] Initialized MultithreadedTaskDispatcher with 12 workers.
 -> (artifact id: '1abe0f4b09d8ea70b77db7846a7fa83f') in 0.000705 seconds
Number of updated asset objects reloaded before import = 0
Number of asset objects unloaded after import = 0
========================================================================
Received Import Request.
  Time since last request: 0.000461 seconds.
  path: Assets/Prefabs/RayCasting.prefab
  artifactKey: Guid(0279262f6fe551a4583662e08f50bd2c) Importer(815301076,1909f56bfc062723c751e8b465ee728b)
Start importing Assets/Prefabs/RayCasting.prefab using Guid(0279262f6fe551a4583662e08f50bd2c) Importer(815301076,1909f56bfc062723c751e8b465ee728b) [PhysX] Initialized MultithreadedTaskDispatcher with 12 workers.
 -> (artifact id: '355f8e6e9f253d5bc57a8aabbe7933dc') in 0.000998 seconds
Number of updated asset objects reloaded before import = 0
Number of asset objects unloaded after import = 0
========================================================================
Received Import Request.
  Time since last request: 0.000063 seconds.
  path: Assets/Prefabs/UiCollisionLuggage.prefab
  artifactKey: Guid(76863a42cfe9518409b130cde1fbfc45) Importer(815301076,1909f56bfc062723c751e8b465ee728b)
Start importing Assets/Prefabs/UiCollisionLuggage.prefab using Guid(76863a42cfe9518409b130cde1fbfc45) Importer(815301076,1909f56bfc062723c751e8b465ee728b) [PhysX] Initialized MultithreadedTaskDispatcher with 12 workers.
 -> (artifact id: '769f96a58268061b696ac9904cac3cab') in 0.000594 seconds
Number of updated asset objects reloaded before import = 0
Number of asset objects unloaded after import = 0
========================================================================
Received Import Request.
  Time since last request: 4.895895 seconds.
  path: Assets/Prefabs/Cube.prefab
  artifactKey: Guid(2f3f3ddaa08afe048ba9a096ac2b9bbb) Importer(815301076,1909f56bfc062723c751e8b465ee728b)
Start importing Assets/Prefabs/Cube.prefab using Guid(2f3f3ddaa08afe048ba9a096ac2b9bbb) Importer(815301076,1909f56bfc062723c751e8b465ee728b) [PhysX] Initialized MultithreadedTaskDispatcher with 12 workers.
 -> (artifact id: '63e1a2c6c5f85ce7e59124fe68d4d1ba') in 0.000742 seconds
Number of updated asset objects reloaded before import = 0
Number of asset objects unloaded after import = 0
========================================================================
Received Import Request.
  Time since last request: 0.000091 seconds.
  path: Assets/Prefabs/customer_reservation.prefab
  artifactKey: Guid(a87820c368d9dfa4fbf776488653d447) Importer(815301076,1909f56bfc062723c751e8b465ee728b)
Start importing Assets/Prefabs/customer_reservation.prefab using Guid(a87820c368d9dfa4fbf776488653d447) Importer(815301076,1909f56bfc062723c751e8b465ee728b) [PhysX] Initialized MultithreadedTaskDispatcher with 12 workers.
 -> (artifact id: 'ca8c1cb3bcaaf7761da0e7d43eb16b11') in 0.003630 seconds
Number of updated asset objects reloaded before import = 0
Number of asset objects unloaded after import = 0
========================================================================
Received Import Request.
  Time since last request: 0.000031 seconds.
  path: Assets/Prefabs/Player.prefab
  artifactKey: Guid(c24484f46d838654d9750ca2e68e2349) Importer(815301076,1909f56bfc062723c751e8b465ee728b)
Start importing Assets/Prefabs/Player.prefab using Guid(c24484f46d838654d9750ca2e68e2349) Importer(815301076,1909f56bfc062723c751e8b465ee728b) [PhysX] Initialized MultithreadedTaskDispatcher with 12 workers.
 -> (artifact id: '5035beb55cec9a3ef37e1217130bec7c') in 0.000863 seconds
Number of updated asset objects reloaded before import = 0
Number of asset objects unloaded after import = 0
========================================================================
Received Import Request.
  Time since last request: 0.000016 seconds.
  path: Assets/Prefabs/RayCasting.prefab
  artifactKey: Guid(0279262f6fe551a4583662e08f50bd2c) Importer(815301076,1909f56bfc062723c751e8b465ee728b)
Start importing Assets/Prefabs/RayCasting.prefab using Guid(0279262f6fe551a4583662e08f50bd2c) Importer(815301076,1909f56bfc062723c751e8b465ee728b) [PhysX] Initialized MultithreadedTaskDispatcher with 12 workers.
 -> (artifact id: '355f8e6e9f253d5bc57a8aabbe7933dc') in 0.000619 seconds
Number of updated asset objects reloaded before import = 0
Number of asset objects unloaded after import = 0
========================================================================
Received Import Request.
  Time since last request: 0.000129 seconds.
  path: Assets/Prefabs/UiCollisionLuggage.prefab
  artifactKey: Guid(76863a42cfe9518409b130cde1fbfc45) Importer(815301076,1909f56bfc062723c751e8b465ee728b)
Start importing Assets/Prefabs/UiCollisionLuggage.prefab using Guid(76863a42cfe9518409b130cde1fbfc45) Importer(815301076,1909f56bfc062723c751e8b465ee728b) [PhysX] Initialized MultithreadedTaskDispatcher with 12 workers.
 -> (artifact id: '769f96a58268061b696ac9904cac3cab') in 0.000532 seconds
Number of updated asset objects reloaded before import = 0
Number of asset objects unloaded after import = 0
========================================================================
Received Import Request.
  Time since last request: 7.157174 seconds.
  path: Assets/Prefabs/Cube.prefab
  artifactKey: Guid(2f3f3ddaa08afe048ba9a096ac2b9bbb) Importer(815301076,1909f56bfc062723c751e8b465ee728b)
Start importing Assets/Prefabs/Cube.prefab using Guid(2f3f3ddaa08afe048ba9a096ac2b9bbb) Importer(815301076,1909f56bfc062723c751e8b465ee728b) [PhysX] Initialized MultithreadedTaskDispatcher with 12 workers.
 -> (artifact id: '63e1a2c6c5f85ce7e59124fe68d4d1ba') in 0.005492 seconds
Number of updated asset objects reloaded before import = 0
Number of asset objects unloaded after import = 0
========================================================================
Received Import Request.
  Time since last request: 0.000029 seconds.
  path: Assets/Prefabs/customer_reservation.prefab
  artifactKey: Guid(a87820c368d9dfa4fbf776488653d447) Importer(815301076,1909f56bfc062723c751e8b465ee728b)
Start importing Assets/Prefabs/customer_reservation.prefab using Guid(a87820c368d9dfa4fbf776488653d447) Importer(815301076,1909f56bfc062723c751e8b465ee728b) [PhysX] Initialized MultithreadedTaskDispatcher with 12 workers.
 -> (artifact id: 'ca8c1cb3bcaaf7761da0e7d43eb16b11') in 0.001311 seconds
Number of updated asset objects reloaded before import = 0
Number of asset objects unloaded after import = 0
========================================================================
Received Import Request.
  Time since last request: 0.000030 seconds.
  path: Assets/Prefabs/RayCasting.prefab
  artifactKey: Guid(0279262f6fe551a4583662e08f50bd2c) Importer(815301076,1909f56bfc062723c751e8b465ee728b)
Start importing Assets/Prefabs/RayCasting.prefab using Guid(0279262f6fe551a4583662e08f50bd2c) Importer(815301076,1909f56bfc062723c751e8b465ee728b) [PhysX] Initialized MultithreadedTaskDispatcher with 12 workers.
 -> (artifact id: '355f8e6e9f253d5bc57a8aabbe7933dc') in 0.003796 seconds
Number of updated asset objects reloaded before import = 0
Number of asset objects unloaded after import = 0
========================================================================
Received Import Request.
  Time since last request: 0.000032 seconds.
  path: Assets/Prefabs/UiCollisionLuggage.prefab
  artifactKey: Guid(76863a42cfe9518409b130cde1fbfc45) Importer(815301076,1909f56bfc062723c751e8b465ee728b)
Start importing Assets/Prefabs/UiCollisionLuggage.prefab using Guid(76863a42cfe9518409b130cde1fbfc45) Importer(815301076,1909f56bfc062723c751e8b465ee728b) [PhysX] Initialized MultithreadedTaskDispatcher with 12 workers.
 -> (artifact id: '769f96a58268061b696ac9904cac3cab') in 0.001484 seconds
Number of updated asset objects reloaded before import = 0
Number of asset objects unloaded after import = 0
========================================================================
Received Import Request.
  Time since last request: 0.000393 seconds.
  path: Assets/Prefabs/customer_luggage.prefab
  artifactKey: Guid(8966d6666d84adf49aae546fced840ee) Importer(815301076,1909f56bfc062723c751e8b465ee728b)
Start importing Assets/Prefabs/customer_luggage.prefab using Guid(8966d6666d84adf49aae546fced840ee) Importer(815301076,1909f56bfc062723c751e8b465ee728b) [PhysX] Initialized MultithreadedTaskDispatcher with 12 workers.
 -> (artifact id: 'cdebdf668209ba090ed24333ed3b4e86') in 0.001006 seconds
Number of updated asset objects reloaded before import = 0
Number of asset objects unloaded after import = 0
========================================================================
Received Import Request.
  Time since last request: 1.441881 seconds.
  path: Assets/Prefabs/Cube.prefab
  artifactKey: Guid(2f3f3ddaa08afe048ba9a096ac2b9bbb) Importer(815301076,1909f56bfc062723c751e8b465ee728b)
Start importing Assets/Prefabs/Cube.prefab using Guid(2f3f3ddaa08afe048ba9a096ac2b9bbb) Importer(815301076,1909f56bfc062723c751e8b465ee728b) [PhysX] Initialized MultithreadedTaskDispatcher with 12 workers.
 -> (artifact id: '63e1a2c6c5f85ce7e59124fe68d4d1ba') in 0.000997 seconds
Number of updated asset objects reloaded before import = 0
Number of asset objects unloaded after import = 0
========================================================================
Received Import Request.
  Time since last request: 0.000021 seconds.
  path: Assets/Prefabs/customer_reservation.prefab
  artifactKey: Guid(a87820c368d9dfa4fbf776488653d447) Importer(815301076,1909f56bfc062723c751e8b465ee728b)
Start importing Assets/Prefabs/customer_reservation.prefab using Guid(a87820c368d9dfa4fbf776488653d447) Importer(815301076,1909f56bfc062723c751e8b465ee728b) [PhysX] Initialized MultithreadedTaskDispatcher with 12 workers.
 -> (artifact id: 'ca8c1cb3bcaaf7761da0e7d43eb16b11') in 0.000802 seconds
Number of updated asset objects reloaded before import = 0
Number of asset objects unloaded after import = 0
========================================================================
Received Import Request.
  Time since last request: 0.000063 seconds.
  path: Assets/Prefabs/Main Camera.prefab
  artifactKey: Guid(dca0cd9b6d4e5b544a431fbb4abc8b8e) Importer(815301076,1909f56bfc062723c751e8b465ee728b)
Start importing Assets/Prefabs/Main Camera.prefab using Guid(dca0cd9b6d4e5b544a431fbb4abc8b8e) Importer(815301076,1909f56bfc062723c751e8b465ee728b) [PhysX] Initialized MultithreadedTaskDispatcher with 12 workers.
 -> (artifact id: '1abe0f4b09d8ea70b77db7846a7fa83f') in 0.001304 seconds
Number of updated asset objects reloaded before import = 0
Number of asset objects unloaded after import = 0
========================================================================
Received Import Request.
  Time since last request: 0.000055 seconds.
  path: Assets/Prefabs/UiCollisionKey.prefab
  artifactKey: Guid(f15110739299abd4f974d16b87e0a6b5) Importer(815301076,1909f56bfc062723c751e8b465ee728b)
Start importing Assets/Prefabs/UiCollisionKey.prefab using Guid(f15110739299abd4f974d16b87e0a6b5) Importer(815301076,1909f56bfc062723c751e8b465ee728b) [PhysX] Initialized MultithreadedTaskDispatcher with 12 workers.
 -> (artifact id: '4c946ab415aa52b8a2c1fae0f4527e0a') in 0.001291 seconds
Number of updated asset objects reloaded before import = 0
Number of asset objects unloaded after import = 0
========================================================================
Received Import Request.
  Time since last request: 0.000025 seconds.
  path: Assets/Prefabs/UiCollisionReservation.prefab
  artifactKey: Guid(0a01144c74bbc6043ad893ffd2ba8926) Importer(815301076,1909f56bfc062723c751e8b465ee728b)
Start importing Assets/Prefabs/UiCollisionReservation.prefab using Guid(0a01144c74bbc6043ad893ffd2ba8926) Importer(815301076,1909f56bfc062723c751e8b465ee728b) [PhysX] Initialized MultithreadedTaskDispatcher with 12 workers.
 -> (artifact id: 'd2e0713260d04685a2d2d97e5742e5ec') in 0.000861 seconds
Number of updated asset objects reloaded before import = 0
Number of asset objects unloaded after import = 0
========================================================================
Received Import Request.
  Time since last request: 27.484655 seconds.
  path: Assets/Prefabs/Cube.prefab
  artifactKey: Guid(2f3f3ddaa08afe048ba9a096ac2b9bbb) Importer(815301076,1909f56bfc062723c751e8b465ee728b)
Start importing Assets/Prefabs/Cube.prefab using Guid(2f3f3ddaa08afe048ba9a096ac2b9bbb) Importer(815301076,1909f56bfc062723c751e8b465ee728b) [PhysX] Initialized MultithreadedTaskDispatcher with 12 workers.
 -> (artifact id: '63e1a2c6c5f85ce7e59124fe68d4d1ba') in 0.000845 seconds
Number of updated asset objects reloaded before import = 0
Number of asset objects unloaded after import = 0
========================================================================
Received Import Request.
  Time since last request: 0.000151 seconds.
  path: Assets/Prefabs/customer_reservation.prefab
  artifactKey: Guid(a87820c368d9dfa4fbf776488653d447) Importer(815301076,1909f56bfc062723c751e8b465ee728b)
Start importing Assets/Prefabs/customer_reservation.prefab using Guid(a87820c368d9dfa4fbf776488653d447) Importer(815301076,1909f56bfc062723c751e8b465ee728b) [PhysX] Initialized MultithreadedTaskDispatcher with 12 workers.
 -> (artifact id: 'ca8c1cb3bcaaf7761da0e7d43eb16b11') in 0.000455 seconds
Number of updated asset objects reloaded before import = 0
Number of asset objects unloaded after import = 0
========================================================================
Received Import Request.
  Time since last request: 0.000148 seconds.
  path: Assets/Prefabs/RayCasting.prefab
  artifactKey: Guid(0279262f6fe551a4583662e08f50bd2c) Importer(815301076,1909f56bfc062723c751e8b465ee728b)
Start importing Assets/Prefabs/RayCasting.prefab using Guid(0279262f6fe551a4583662e08f50bd2c) Importer(815301076,1909f56bfc062723c751e8b465ee728b) [PhysX] Initialized MultithreadedTaskDispatcher with 12 workers.
 -> (artifact id: '355f8e6e9f253d5bc57a8aabbe7933dc') in 0.000437 seconds
Number of updated asset objects reloaded before import = 0
Number of asset objects unloaded after import = 0
========================================================================
Received Import Request.
  Time since last request: 0.000102 seconds.
  path: Assets/Prefabs/UiCollisionLuggage.prefab
  artifactKey: Guid(76863a42cfe9518409b130cde1fbfc45) Importer(815301076,1909f56bfc062723c751e8b465ee728b)
Start importing Assets/Prefabs/UiCollisionLuggage.prefab using Guid(76863a42cfe9518409b130cde1fbfc45) Importer(815301076,1909f56bfc062723c751e8b465ee728b) [PhysX] Initialized MultithreadedTaskDispatcher with 12 workers.
 -> (artifact id: '769f96a58268061b696ac9904cac3cab') in 0.000485 seconds
Number of updated asset objects reloaded before import = 0
Number of asset objects unloaded after import = 0
========================================================================
Received Import Request.
  Time since last request: 0.000153 seconds.
  path: Assets/Prefabs/customer_luggage.prefab
  artifactKey: Guid(8966d6666d84adf49aae546fced840ee) Importer(815301076,1909f56bfc062723c751e8b465ee728b)
Start importing Assets/Prefabs/customer_luggage.prefab using Guid(8966d6666d84adf49aae546fced840ee) Importer(815301076,1909f56bfc062723c751e8b465ee728b) [PhysX] Initialized MultithreadedTaskDispatcher with 12 workers.
 -> (artifact id: 'cdebdf668209ba090ed24333ed3b4e86') in 0.000617 seconds
Number of updated asset objects reloaded before import = 0
Number of asset objects unloaded after import = 0
========================================================================
Received Import Request.
  Time since last request: 7.550761 seconds.
  path: Assets/Prefabs/Cube.prefab
  artifactKey: Guid(2f3f3ddaa08afe048ba9a096ac2b9bbb) Importer(815301076,1909f56bfc062723c751e8b465ee728b)
Start importing Assets/Prefabs/Cube.prefab using Guid(2f3f3ddaa08afe048ba9a096ac2b9bbb) Importer(815301076,1909f56bfc062723c751e8b465ee728b) [PhysX] Initialized MultithreadedTaskDispatcher with 12 workers.
 -> (artifact id: '63e1a2c6c5f85ce7e59124fe68d4d1ba') in 0.000608 seconds
Number of updated asset objects reloaded before import = 0
Number of asset objects unloaded after import = 0
========================================================================
Received Import Request.
  Time since last request: 0.000125 seconds.
  path: Assets/Prefabs/customer_reservation.prefab
  artifactKey: Guid(a87820c368d9dfa4fbf776488653d447) Importer(815301076,1909f56bfc062723c751e8b465ee728b)
Start importing Assets/Prefabs/customer_reservation.prefab using Guid(a87820c368d9dfa4fbf776488653d447) Importer(815301076,1909f56bfc062723c751e8b465ee728b) [PhysX] Initialized MultithreadedTaskDispatcher with 12 workers.
 -> (artifact id: 'ca8c1cb3bcaaf7761da0e7d43eb16b11') in 0.000575 seconds
Number of updated asset objects reloaded before import = 0
Number of asset objects unloaded after import = 0
========================================================================
Received Import Request.
  Time since last request: 0.000141 seconds.
  path: Assets/Prefabs/Main Camera.prefab
  artifactKey: Guid(dca0cd9b6d4e5b544a431fbb4abc8b8e) Importer(815301076,1909f56bfc062723c751e8b465ee728b)
Start importing Assets/Prefabs/Main Camera.prefab using Guid(dca0cd9b6d4e5b544a431fbb4abc8b8e) Importer(815301076,1909f56bfc062723c751e8b465ee728b) [PhysX] Initialized MultithreadedTaskDispatcher with 12 workers.
 -> (artifact id: '1abe0f4b09d8ea70b77db7846a7fa83f') in 0.000741 seconds
Number of updated asset objects reloaded before import = 0
Number of asset objects unloaded after import = 0
========================================================================
Received Import Request.
  Time since last request: 0.000522 seconds.
  path: Assets/Prefabs/RayCasting.prefab
  artifactKey: Guid(0279262f6fe551a4583662e08f50bd2c) Importer(815301076,1909f56bfc062723c751e8b465ee728b)
Start importing Assets/Prefabs/RayCasting.prefab using Guid(0279262f6fe551a4583662e08f50bd2c) Importer(815301076,1909f56bfc062723c751e8b465ee728b) [PhysX] Initialized MultithreadedTaskDispatcher with 12 workers.
 -> (artifact id: '355f8e6e9f253d5bc57a8aabbe7933dc') in 0.001770 seconds
Number of updated asset objects reloaded before import = 0
Number of asset objects unloaded after import = 0
========================================================================
Received Import Request.
  Time since last request: 0.000020 seconds.
  path: Assets/Prefabs/UiCollisionLuggage.prefab
  artifactKey: Guid(76863a42cfe9518409b130cde1fbfc45) Importer(815301076,1909f56bfc062723c751e8b465ee728b)
Start importing Assets/Prefabs/UiCollisionLuggage.prefab using Guid(76863a42cfe9518409b130cde1fbfc45) Importer(815301076,1909f56bfc062723c751e8b465ee728b) [PhysX] Initialized MultithreadedTaskDispatcher with 12 workers.
 -> (artifact id: '769f96a58268061b696ac9904cac3cab') in 0.000973 seconds
Number of updated asset objects reloaded before import = 0
Number of asset objects unloaded after import = 0
========================================================================
Received Import Request.
  Time since last request: 77.859671 seconds.
  path: Assets/Prefabs/Cube.prefab
  artifactKey: Guid(2f3f3ddaa08afe048ba9a096ac2b9bbb) Importer(815301076,1909f56bfc062723c751e8b465ee728b)
Start importing Assets/Prefabs/Cube.prefab using Guid(2f3f3ddaa08afe048ba9a096ac2b9bbb) Importer(815301076,1909f56bfc062723c751e8b465ee728b) [PhysX] Initialized MultithreadedTaskDispatcher with 12 workers.
 -> (artifact id: '63e1a2c6c5f85ce7e59124fe68d4d1ba') in 0.001059 seconds
Number of updated asset objects reloaded before import = 0
Number of asset objects unloaded after import = 0
========================================================================
Received Import Request.
  Time since last request: 0.000027 seconds.
  path: Assets/Prefabs/customer_reservation.prefab
  artifactKey: Guid(a87820c368d9dfa4fbf776488653d447) Importer(815301076,1909f56bfc062723c751e8b465ee728b)
Start importing Assets/Prefabs/customer_reservation.prefab using Guid(a87820c368d9dfa4fbf776488653d447) Importer(815301076,1909f56bfc062723c751e8b465ee728b) [PhysX] Initialized MultithreadedTaskDispatcher with 12 workers.
 -> (artifact id: 'ca8c1cb3bcaaf7761da0e7d43eb16b11') in 0.000837 seconds
Number of updated asset objects reloaded before import = 0
Number of asset objects unloaded after import = 0
========================================================================
Received Import Request.
  Time since last request: 0.000024 seconds.
  path: Assets/Prefabs/RayCasting.prefab
  artifactKey: Guid(0279262f6fe551a4583662e08f50bd2c) Importer(815301076,1909f56bfc062723c751e8b465ee728b)
Start importing Assets/Prefabs/RayCasting.prefab using Guid(0279262f6fe551a4583662e08f50bd2c) Importer(815301076,1909f56bfc062723c751e8b465ee728b) [PhysX] Initialized MultithreadedTaskDispatcher with 12 workers.
 -> (artifact id: '355f8e6e9f253d5bc57a8aabbe7933dc') in 0.000647 seconds
Number of updated asset objects reloaded before import = 0
Number of asset objects unloaded after import = 0
========================================================================
Received Import Request.
  Time since last request: 0.000020 seconds.
  path: Assets/Prefabs/UiCollisionLuggage.prefab
  artifactKey: Guid(76863a42cfe9518409b130cde1fbfc45) Importer(815301076,1909f56bfc062723c751e8b465ee728b)
Start importing Assets/Prefabs/UiCollisionLuggage.prefab using Guid(76863a42cfe9518409b130cde1fbfc45) Importer(815301076,1909f56bfc062723c751e8b465ee728b) [PhysX] Initialized MultithreadedTaskDispatcher with 12 workers.
 -> (artifact id: '769f96a58268061b696ac9904cac3cab') in 0.000701 seconds
Number of updated asset objects reloaded before import = 0
Number of asset objects unloaded after import = 0
========================================================================
Received Import Request.
  Time since last request: 0.000030 seconds.
  path: Assets/Prefabs/customer_luggage.prefab
  artifactKey: Guid(8966d6666d84adf49aae546fced840ee) Importer(815301076,1909f56bfc062723c751e8b465ee728b)
Start importing Assets/Prefabs/customer_luggage.prefab using Guid(8966d6666d84adf49aae546fced840ee) Importer(815301076,1909f56bfc062723c751e8b465ee728b) [PhysX] Initialized MultithreadedTaskDispatcher with 12 workers.
 -> (artifact id: 'cdebdf668209ba090ed24333ed3b4e86') in 0.000689 seconds
Number of updated asset objects reloaded before import = 0
Number of asset objects unloaded after import = 0
========================================================================
Received Import Request.
  Time since last request: 5.717236 seconds.
  path: Assets/Prefabs/Cube.prefab
  artifactKey: Guid(2f3f3ddaa08afe048ba9a096ac2b9bbb) Importer(815301076,1909f56bfc062723c751e8b465ee728b)
Start importing Assets/Prefabs/Cube.prefab using Guid(2f3f3ddaa08afe048ba9a096ac2b9bbb) Importer(815301076,1909f56bfc062723c751e8b465ee728b) [PhysX] Initialized MultithreadedTaskDispatcher with 12 workers.
 -> (artifact id: '63e1a2c6c5f85ce7e59124fe68d4d1ba') in 0.000909 seconds
Number of updated asset objects reloaded before import = 0
Number of asset objects unloaded after import = 0
========================================================================
Received Import Request.
  Time since last request: 0.000049 seconds.
  path: Assets/Prefabs/customer_luggage.prefab
  artifactKey: Guid(8966d6666d84adf49aae546fced840ee) Importer(815301076,1909f56bfc062723c751e8b465ee728b)
Start importing Assets/Prefabs/customer_luggage.prefab using Guid(8966d6666d84adf49aae546fced840ee) Importer(815301076,1909f56bfc062723c751e8b465ee728b) [PhysX] Initialized MultithreadedTaskDispatcher with 12 workers.
 -> (artifact id: 'cdebdf668209ba090ed24333ed3b4e86') in 0.000594 seconds
Number of updated asset objects reloaded before import = 0
Number of asset objects unloaded after import = 0
========================================================================
Received Import Request.
  Time since last request: 0.000695 seconds.
  path: Assets/Prefabs/Player.prefab
  artifactKey: Guid(c24484f46d838654d9750ca2e68e2349) Importer(815301076,1909f56bfc062723c751e8b465ee728b)
Start importing Assets/Prefabs/Player.prefab using Guid(c24484f46d838654d9750ca2e68e2349) Importer(815301076,1909f56bfc062723c751e8b465ee728b) [PhysX] Initialized MultithreadedTaskDispatcher with 12 workers.
 -> (artifact id: '5035beb55cec9a3ef37e1217130bec7c') in 0.000943 seconds
Number of updated asset objects reloaded before import = 0
Number of asset objects unloaded after import = 0
========================================================================
Received Import Request.
  Time since last request: 0.000024 seconds.
  path: Assets/Prefabs/UiCollisionKey.prefab
  artifactKey: Guid(f15110739299abd4f974d16b87e0a6b5) Importer(815301076,1909f56bfc062723c751e8b465ee728b)
Start importing Assets/Prefabs/UiCollisionKey.prefab using Guid(f15110739299abd4f974d16b87e0a6b5) Importer(815301076,1909f56bfc062723c751e8b465ee728b) [PhysX] Initialized MultithreadedTaskDispatcher with 12 workers.
 -> (artifact id: '4c946ab415aa52b8a2c1fae0f4527e0a') in 0.000760 seconds
Number of updated asset objects reloaded before import = 0
Number of asset objects unloaded after import = 0
========================================================================
Received Import Request.
  Time since last request: 0.000016 seconds.
  path: Assets/Prefabs/UiCollisionReservation.prefab
  artifactKey: Guid(0a01144c74bbc6043ad893ffd2ba8926) Importer(815301076,1909f56bfc062723c751e8b465ee728b)
Start importing Assets/Prefabs/UiCollisionReservation.prefab using Guid(0a01144c74bbc6043ad893ffd2ba8926) Importer(815301076,1909f56bfc062723c751e8b465ee728b) [PhysX] Initialized MultithreadedTaskDispatcher with 12 workers.
 -> (artifact id: 'd2e0713260d04685a2d2d97e5742e5ec') in 0.000570 seconds
Number of updated asset objects reloaded before import = 0
Number of asset objects unloaded after import = 0
========================================================================
Received Import Request.
  Time since last request: 5.105627 seconds.
  path: Assets/Prefabs/Cube.prefab
  artifactKey: Guid(2f3f3ddaa08afe048ba9a096ac2b9bbb) Importer(815301076,1909f56bfc062723c751e8b465ee728b)
Start importing Assets/Prefabs/Cube.prefab using Guid(2f3f3ddaa08afe048ba9a096ac2b9bbb) Importer(815301076,1909f56bfc062723c751e8b465ee728b) [PhysX] Initialized MultithreadedTaskDispatcher with 12 workers.
 -> (artifact id: '63e1a2c6c5f85ce7e59124fe68d4d1ba') in 0.000555 seconds
Number of updated asset objects reloaded before import = 0
Number of asset objects unloaded after import = 0
========================================================================
Received Import Request.
  Time since last request: 0.000101 seconds.
  path: Assets/Prefabs/customer_reservation.prefab
  artifactKey: Guid(a87820c368d9dfa4fbf776488653d447) Importer(815301076,1909f56bfc062723c751e8b465ee728b)
Start importing Assets/Prefabs/customer_reservation.prefab using Guid(a87820c368d9dfa4fbf776488653d447) Importer(815301076,1909f56bfc062723c751e8b465ee728b) [PhysX] Initialized MultithreadedTaskDispatcher with 12 workers.
 -> (artifact id: 'ca8c1cb3bcaaf7761da0e7d43eb16b11') in 0.000472 seconds
Number of updated asset objects reloaded before import = 0
Number of asset objects unloaded after import = 0
========================================================================
Received Import Request.
  Time since last request: 0.000028 seconds.
  path: Assets/Prefabs/Main Camera.prefab
  artifactKey: Guid(dca0cd9b6d4e5b544a431fbb4abc8b8e) Importer(815301076,1909f56bfc062723c751e8b465ee728b)
Start importing Assets/Prefabs/Main Camera.prefab using Guid(dca0cd9b6d4e5b544a431fbb4abc8b8e) Importer(815301076,1909f56bfc062723c751e8b465ee728b) [PhysX] Initialized MultithreadedTaskDispatcher with 12 workers.
 -> (artifact id: '1abe0f4b09d8ea70b77db7846a7fa83f') in 0.000589 seconds
Number of updated asset objects reloaded before import = 0
Number of asset objects unloaded after import = 0
========================================================================
Received Import Request.
  Time since last request: 0.000031 seconds.
  path: Assets/Prefabs/RayCasting.prefab
  artifactKey: Guid(0279262f6fe551a4583662e08f50bd2c) Importer(815301076,1909f56bfc062723c751e8b465ee728b)
Start importing Assets/Prefabs/RayCasting.prefab using Guid(0279262f6fe551a4583662e08f50bd2c) Importer(815301076,1909f56bfc062723c751e8b465ee728b) [PhysX] Initialized MultithreadedTaskDispatcher with 12 workers.
 -> (artifact id: '355f8e6e9f253d5bc57a8aabbe7933dc') in 0.000728 seconds
Number of updated asset objects reloaded before import = 0
Number of asset objects unloaded after import = 0
========================================================================
Received Import Request.
  Time since last request: 0.000018 seconds.
  path: Assets/Prefabs/UiCollisionLuggage.prefab
  artifactKey: Guid(76863a42cfe9518409b130cde1fbfc45) Importer(815301076,1909f56bfc062723c751e8b465ee728b)
Start importing Assets/Prefabs/UiCollisionLuggage.prefab using Guid(76863a42cfe9518409b130cde1fbfc45) Importer(815301076,1909f56bfc062723c751e8b465ee728b) [PhysX] Initialized MultithreadedTaskDispatcher with 12 workers.
 -> (artifact id: '769f96a58268061b696ac9904cac3cab') in 0.000908 seconds
Number of updated asset objects reloaded before import = 0
Number of asset objects unloaded after import = 0
========================================================================
Received Prepare
Caller must complete domain reload
Begin MonoManager ReloadAssembly
- Loaded All Assemblies, in  0.877 seconds
Native extension for WindowsStandalone target not found
[Package Manager] Server::EnsureServerProcessIsRunning -- launch failed, reason: Unity was launched with the -noUpm command-line argument
[Package Manager] UpmClient::Send -- Unable to send message (not connected to UPM process).
[Package Manager] Cannot connect to Unity Package Manager local server
Mono: successfully reloaded assembly
- Finished resetting the current domain, in  2.698 seconds
Domain Reload Profiling: 3566ms
	BeginReloadAssembly (293ms)
		ExecutionOrderSort (0ms)
		DisableScriptedObjects (10ms)
		BackupInstance (0ms)
		ReleaseScriptingObjects (0ms)
		CreateAndSetChildDomain (55ms)
	RebuildCommonClasses (68ms)
	RebuildNativeTypeToScriptingClass (18ms)
	initialDomainReloadingComplete (65ms)
	LoadAllAssembliesAndSetupDomain (423ms)
		LoadAssemblies (571ms)
		RebuildTransferFunctionScriptingTraits (0ms)
		AnalyzeDomain (27ms)
			TypeCache.Refresh (11ms)
				TypeCache.ScanAssembly (0ms)
			ScanForSourceGeneratedMonoScriptInfo (0ms)
			ResolveRequiredComponents (14ms)
	FinalizeReload (2699ms)
		ReleaseScriptCaches (0ms)
		RebuildScriptCaches (0ms)
		SetupLoadedEditorAssemblies (1070ms)
			LogAssemblyErrors (0ms)
			InitializePlatformSupportModulesInManaged (20ms)
			SetLoadedEditorAssemblies (5ms)
			RefreshPlugins (0ms)
			BeforeProcessingInitializeOnLoad (153ms)
			ProcessInitializeOnLoadAttributes (828ms)
			ProcessInitializeOnLoadMethodAttributes (45ms)
			AfterProcessingInitializeOnLoad (19ms)
			EditorAssembliesLoaded (0ms)
		ExecutionOrderSort2 (0ms)
		AwakeInstancesAfterBackupRestoration (18ms)
Refreshing native plugins compatible for Editor in 7.81 ms, found 3 plugins.
Preloading 0 native plugins for Editor in 0.00 ms.
Unloading 3301 Unused Serialized files (Serialized files now loaded: 0)
Unloading 14 unused Assets / (98.8 KB). Loaded Objects now: 3864.
Memory consumption went from 127.3 MB to 127.2 MB.
Total: 9.790900 ms (FindLiveObjects: 0.309000 ms CreateObjectMapping: 0.275600 ms MarkObjects: 9.025600 ms  DeleteObjects: 0.179400 ms)

Prepare: number of updated asset objects reloaded= 0
AssetImportParameters requested are different than current active one (requested -> active):
  custom:container-demuxer-ogg: 62fdf1f143b41e24485cea50d1cbac27 -> 
  custom:video-codec-MediaFoundation-h265: 746d11721c4dcdbdad8f713fa42b33f4 -> 
  custom:video-decoder-ogg-theora: a1e56fd34408186e4bbccfd4996cb3dc -> 
  custom:framework-win-MediaFoundation: 216162199b28c13a410421893ffa2e32 -> 
  custom:CustomObjectIndexerAttribute: 9a22284fe3817be447336de3de66b15e -> 
  custom:container-demuxer-webm: 4f35f7cbe854078d1ac9338744f61a02 -> 
  custom:container-muxer-webm: aa71ff27fc2769a1b78a27578f13a17b -> 
  custom:video-decoder-webm-vp8: 9c59270c3fd7afecdb556c50c9e8de78 -> 
  custom:SearchIndexIgnoredProperties: e643bd26f0fe6173181afceb89e7c659 -> 
  custom:AudioImporter_EditorPlatform: d09bf68614088b80899f8185d706f6e7 -> 
  custom:video-encoder-webm-vp8: eb34c28f22e8b96e1ab97ce403110664 -> 
  custom:audio-decoder-ogg-vorbis: bf7c407c2cedff20999df2af8eb42d56 -> 
  custom:audio-encoder-webm-vorbis: bf7c407c2cedff20999df2af8eb42d56 -> 
========================================================================
Received Import Request.
  Time since last request: 30.909181 seconds.
  path: Assets/Prefabs/Main Camera.prefab
  artifactKey: Guid(dca0cd9b6d4e5b544a431fbb4abc8b8e) Importer(815301076,1909f56bfc062723c751e8b465ee728b)
Start importing Assets/Prefabs/Main Camera.prefab using Guid(dca0cd9b6d4e5b544a431fbb4abc8b8e) Importer(815301076,1909f56bfc062723c751e8b465ee728b) [PhysX] Initialized MultithreadedTaskDispatcher with 12 workers.
 -> (artifact id: '1abe0f4b09d8ea70b77db7846a7fa83f') in 0.007409 seconds
Number of updated asset objects reloaded before import = 0
Number of asset objects unloaded after import = 0
========================================================================
Received Import Request.
  Time since last request: 0.000052 seconds.
  path: Assets/Prefabs/Cube.prefab
  artifactKey: Guid(2f3f3ddaa08afe048ba9a096ac2b9bbb) Importer(815301076,1909f56bfc062723c751e8b465ee728b)
Start importing Assets/Prefabs/Cube.prefab using Guid(2f3f3ddaa08afe048ba9a096ac2b9bbb) Importer(815301076,1909f56bfc062723c751e8b465ee728b) [PhysX] Initialized MultithreadedTaskDispatcher with 12 workers.
 -> (artifact id: '63e1a2c6c5f85ce7e59124fe68d4d1ba') in 0.000696 seconds
Number of updated asset objects reloaded before import = 0
Number of asset objects unloaded after import = 0
========================================================================
Received Import Request.
  Time since last request: 0.000090 seconds.
  path: Assets/Prefabs/UiCollisionLuggage.prefab
  artifactKey: Guid(76863a42cfe9518409b130cde1fbfc45) Importer(815301076,1909f56bfc062723c751e8b465ee728b)
Start importing Assets/Prefabs/UiCollisionLuggage.prefab using Guid(76863a42cfe9518409b130cde1fbfc45) Importer(815301076,1909f56bfc062723c751e8b465ee728b) [PhysX] Initialized MultithreadedTaskDispatcher with 12 workers.
 -> (artifact id: '769f96a58268061b696ac9904cac3cab') in 0.000690 seconds
Number of updated asset objects reloaded before import = 0
Number of asset objects unloaded after import = 0
========================================================================
Received Import Request.
  Time since last request: 0.000016 seconds.
  path: Assets/Prefabs/customer_luggage.prefab
  artifactKey: Guid(8966d6666d84adf49aae546fced840ee) Importer(815301076,1909f56bfc062723c751e8b465ee728b)
Start importing Assets/Prefabs/customer_luggage.prefab using Guid(8966d6666d84adf49aae546fced840ee) Importer(815301076,1909f56bfc062723c751e8b465ee728b) [PhysX] Initialized MultithreadedTaskDispatcher with 12 workers.
 -> (artifact id: 'cdebdf668209ba090ed24333ed3b4e86') in 0.000848 seconds
Number of updated asset objects reloaded before import = 0
Number of asset objects unloaded after import = 0
========================================================================
Received Import Request.
  Time since last request: 118.674960 seconds.
  path: Assets/Prefabs/Cube.prefab
  artifactKey: Guid(2f3f3ddaa08afe048ba9a096ac2b9bbb) Importer(815301076,1909f56bfc062723c751e8b465ee728b)
Start importing Assets/Prefabs/Cube.prefab using Guid(2f3f3ddaa08afe048ba9a096ac2b9bbb) Importer(815301076,1909f56bfc062723c751e8b465ee728b) [PhysX] Initialized MultithreadedTaskDispatcher with 12 workers.
 -> (artifact id: '63e1a2c6c5f85ce7e59124fe68d4d1ba') in 0.000962 seconds
Number of updated asset objects reloaded before import = 0
Number of asset objects unloaded after import = 0
========================================================================
Received Import Request.
  Time since last request: 0.000031 seconds.
  path: Assets/Prefabs/customer_reservation.prefab
  artifactKey: Guid(a87820c368d9dfa4fbf776488653d447) Importer(815301076,1909f56bfc062723c751e8b465ee728b)
Start importing Assets/Prefabs/customer_reservation.prefab using Guid(a87820c368d9dfa4fbf776488653d447) Importer(815301076,1909f56bfc062723c751e8b465ee728b) [PhysX] Initialized MultithreadedTaskDispatcher with 12 workers.
 -> (artifact id: 'ca8c1cb3bcaaf7761da0e7d43eb16b11') in 0.001160 seconds
Number of updated asset objects reloaded before import = 0
Number of asset objects unloaded after import = 0
========================================================================
Received Import Request.
  Time since last request: 0.000028 seconds.
  path: Assets/Prefabs/Main Camera.prefab
  artifactKey: Guid(dca0cd9b6d4e5b544a431fbb4abc8b8e) Importer(815301076,1909f56bfc062723c751e8b465ee728b)
Start importing Assets/Prefabs/Main Camera.prefab using Guid(dca0cd9b6d4e5b544a431fbb4abc8b8e) Importer(815301076,1909f56bfc062723c751e8b465ee728b) [PhysX] Initialized MultithreadedTaskDispatcher with 12 workers.
 -> (artifact id: '1abe0f4b09d8ea70b77db7846a7fa83f') in 0.001365 seconds
Number of updated asset objects reloaded before import = 0
Number of asset objects unloaded after import = 0
========================================================================
Received Import Request.
  Time since last request: 0.000030 seconds.
  path: Assets/Prefabs/RayCasting.prefab
  artifactKey: Guid(0279262f6fe551a4583662e08f50bd2c) Importer(815301076,1909f56bfc062723c751e8b465ee728b)
Start importing Assets/Prefabs/RayCasting.prefab using Guid(0279262f6fe551a4583662e08f50bd2c) Importer(815301076,1909f56bfc062723c751e8b465ee728b) [PhysX] Initialized MultithreadedTaskDispatcher with 12 workers.
 -> (artifact id: '355f8e6e9f253d5bc57a8aabbe7933dc') in 0.000967 seconds
Number of updated asset objects reloaded before import = 0
Number of asset objects unloaded after import = 0
========================================================================
Received Import Request.
  Time since last request: 0.000029 seconds.
  path: Assets/Prefabs/UiCollisionLuggage.prefab
  artifactKey: Guid(76863a42cfe9518409b130cde1fbfc45) Importer(815301076,1909f56bfc062723c751e8b465ee728b)
Start importing Assets/Prefabs/UiCollisionLuggage.prefab using Guid(76863a42cfe9518409b130cde1fbfc45) Importer(815301076,1909f56bfc062723c751e8b465ee728b) [PhysX] Initialized MultithreadedTaskDispatcher with 12 workers.
 -> (artifact id: '769f96a58268061b696ac9904cac3cab') in 0.002902 seconds
Number of updated asset objects reloaded before import = 0
Number of asset objects unloaded after import = 0
========================================================================
Received Prepare
Caller must complete domain reload
Begin MonoManager ReloadAssembly
- Loaded All Assemblies, in  0.957 seconds
Native extension for WindowsStandalone target not found
[Package Manager] Server::EnsureServerProcessIsRunning -- launch failed, reason: Unity was launched with the -noUpm command-line argument
[Package Manager] UpmClient::Send -- Unable to send message (not connected to UPM process).
[Package Manager] Cannot connect to Unity Package Manager local server
Mono: successfully reloaded assembly
- Finished resetting the current domain, in  1.980 seconds
Domain Reload Profiling: 2931ms
	BeginReloadAssembly (339ms)
		ExecutionOrderSort (0ms)
		DisableScriptedObjects (19ms)
		BackupInstance (0ms)
		ReleaseScriptingObjects (0ms)
		CreateAndSetChildDomain (69ms)
	RebuildCommonClasses (80ms)
	RebuildNativeTypeToScriptingClass (24ms)
	initialDomainReloadingComplete (65ms)
	LoadAllAssembliesAndSetupDomain (443ms)
		LoadAssemblies (586ms)
		RebuildTransferFunctionScriptingTraits (0ms)
		AnalyzeDomain (48ms)
			TypeCache.Refresh (16ms)
				TypeCache.ScanAssembly (1ms)
			ScanForSourceGeneratedMonoScriptInfo (16ms)
			ResolveRequiredComponents (14ms)
	FinalizeReload (1980ms)
		ReleaseScriptCaches (0ms)
		RebuildScriptCaches (0ms)
		SetupLoadedEditorAssemblies (865ms)
			LogAssemblyErrors (0ms)
			InitializePlatformSupportModulesInManaged (15ms)
			SetLoadedEditorAssemblies (4ms)
			RefreshPlugins (0ms)
			BeforeProcessingInitializeOnLoad (135ms)
			ProcessInitializeOnLoadAttributes (652ms)
			ProcessInitializeOnLoadMethodAttributes (40ms)
			AfterProcessingInitializeOnLoad (18ms)
			EditorAssembliesLoaded (0ms)
		ExecutionOrderSort2 (0ms)
		AwakeInstancesAfterBackupRestoration (15ms)
Refreshing native plugins compatible for Editor in 10.43 ms, found 3 plugins.
Preloading 0 native plugins for Editor in 0.00 ms.
Unloading 3301 Unused Serialized files (Serialized files now loaded: 0)
Unloading 14 unused Assets / (98.8 KB). Loaded Objects now: 3879.
Memory consumption went from 127.3 MB to 127.2 MB.
Total: 6.610500 ms (FindLiveObjects: 0.382900 ms CreateObjectMapping: 0.394500 ms MarkObjects: 5.764900 ms  DeleteObjects: 0.066900 ms)

Prepare: number of updated asset objects reloaded= 0
AssetImportParameters requested are different than current active one (requested -> active):
  custom:container-demuxer-ogg: 62fdf1f143b41e24485cea50d1cbac27 -> 
  custom:video-codec-MediaFoundation-h265: 746d11721c4dcdbdad8f713fa42b33f4 -> 
  custom:video-decoder-ogg-theora: a1e56fd34408186e4bbccfd4996cb3dc -> 
  custom:framework-win-MediaFoundation: 216162199b28c13a410421893ffa2e32 -> 
  custom:CustomObjectIndexerAttribute: 9a22284fe3817be447336de3de66b15e -> 
  custom:container-demuxer-webm: 4f35f7cbe854078d1ac9338744f61a02 -> 
  custom:container-muxer-webm: aa71ff27fc2769a1b78a27578f13a17b -> 
  custom:video-decoder-webm-vp8: 9c59270c3fd7afecdb556c50c9e8de78 -> 
  custom:SearchIndexIgnoredProperties: e643bd26f0fe6173181afceb89e7c659 -> 
  custom:AudioImporter_EditorPlatform: d09bf68614088b80899f8185d706f6e7 -> 
  custom:video-encoder-webm-vp8: eb34c28f22e8b96e1ab97ce403110664 -> 
  custom:audio-decoder-ogg-vorbis: bf7c407c2cedff20999df2af8eb42d56 -> 
  custom:audio-encoder-webm-vorbis: bf7c407c2cedff20999df2af8eb42d56 -> 
========================================================================
Received Prepare
Caller must complete domain reload
Begin MonoManager ReloadAssembly
- Loaded All Assemblies, in  0.873 seconds
Native extension for WindowsStandalone target not found
[Package Manager] Server::EnsureServerProcessIsRunning -- launch failed, reason: Unity was launched with the -noUpm command-line argument
[Package Manager] UpmClient::Send -- Unable to send message (not connected to UPM process).
[Package Manager] Cannot connect to Unity Package Manager local server
Mono: successfully reloaded assembly
- Finished resetting the current domain, in  2.369 seconds
Domain Reload Profiling: 3223ms
	BeginReloadAssembly (272ms)
		ExecutionOrderSort (0ms)
		DisableScriptedObjects (7ms)
		BackupInstance (0ms)
		ReleaseScriptingObjects (0ms)
		CreateAndSetChildDomain (46ms)
	RebuildCommonClasses (67ms)
	RebuildNativeTypeToScriptingClass (18ms)
	initialDomainReloadingComplete (55ms)
	LoadAllAssembliesAndSetupDomain (442ms)
		LoadAssemblies (578ms)
		RebuildTransferFunctionScriptingTraits (0ms)
		AnalyzeDomain (34ms)
			TypeCache.Refresh (10ms)
				TypeCache.ScanAssembly (0ms)
			ScanForSourceGeneratedMonoScriptInfo (0ms)
			ResolveRequiredComponents (21ms)
	FinalizeReload (2369ms)
		ReleaseScriptCaches (0ms)
		RebuildScriptCaches (0ms)
		SetupLoadedEditorAssemblies (1131ms)
			LogAssemblyErrors (0ms)
			InitializePlatformSupportModulesInManaged (17ms)
			SetLoadedEditorAssemblies (5ms)
			RefreshPlugins (0ms)
			BeforeProcessingInitializeOnLoad (156ms)
			ProcessInitializeOnLoadAttributes (878ms)
			ProcessInitializeOnLoadMethodAttributes (53ms)
			AfterProcessingInitializeOnLoad (21ms)
			EditorAssembliesLoaded (0ms)
		ExecutionOrderSort2 (0ms)
		AwakeInstancesAfterBackupRestoration (26ms)
Refreshing native plugins compatible for Editor in 10.20 ms, found 3 plugins.
Preloading 0 native plugins for Editor in 0.00 ms.
Unloading 3301 Unused Serialized files (Serialized files now loaded: 0)
Unloading 14 unused Assets / (98.9 KB). Loaded Objects now: 3894.
Memory consumption went from 127.3 MB to 127.2 MB.
Total: 4.026400 ms (FindLiveObjects: 0.377600 ms CreateObjectMapping: 0.322800 ms MarkObjects: 3.252000 ms  DeleteObjects: 0.072900 ms)

Prepare: number of updated asset objects reloaded= 0
AssetImportParameters requested are different than current active one (requested -> active):
  custom:container-demuxer-ogg: 62fdf1f143b41e24485cea50d1cbac27 -> 
  custom:video-codec-MediaFoundation-h265: 746d11721c4dcdbdad8f713fa42b33f4 -> 
  custom:video-decoder-ogg-theora: a1e56fd34408186e4bbccfd4996cb3dc -> 
  custom:framework-win-MediaFoundation: 216162199b28c13a410421893ffa2e32 -> 
  custom:CustomObjectIndexerAttribute: 9a22284fe3817be447336de3de66b15e -> 
  custom:container-demuxer-webm: 4f35f7cbe854078d1ac9338744f61a02 -> 
  custom:container-muxer-webm: aa71ff27fc2769a1b78a27578f13a17b -> 
  custom:video-decoder-webm-vp8: 9c59270c3fd7afecdb556c50c9e8de78 -> 
  custom:SearchIndexIgnoredProperties: e643bd26f0fe6173181afceb89e7c659 -> 
  custom:AudioImporter_EditorPlatform: d09bf68614088b80899f8185d706f6e7 -> 
  custom:video-encoder-webm-vp8: eb34c28f22e8b96e1ab97ce403110664 -> 
  custom:audio-decoder-ogg-vorbis: bf7c407c2cedff20999df2af8eb42d56 -> 
  custom:audio-encoder-webm-vorbis: bf7c407c2cedff20999df2af8eb42d56 -> 
========================================================================
Received Import Request.
  Time since last request: 128.863286 seconds.
  path: Assets/Scripts
  artifactKey: Guid(9ddc9183da24d430295253f6d011951e) Importer(815301076,1909f56bfc062723c751e8b465ee728b)
Start importing Assets/Scripts using Guid(9ddc9183da24d430295253f6d011951e) Importer(815301076,1909f56bfc062723c751e8b465ee728b) [PhysX] Initialized MultithreadedTaskDispatcher with 12 workers.
 -> (artifact id: 'ccf83e6682edfacdff821dd7be113c4f') in 0.003424 seconds
Number of updated asset objects reloaded before import = 0
Number of asset objects unloaded after import = 0
========================================================================
Received Import Request.
  Time since last request: 16.661189 seconds.
  path: Assets/Scripts/UILookAt.cs
  artifactKey: Guid(662980dd63cf0d04d9e028467871c3bb) Importer(815301076,1909f56bfc062723c751e8b465ee728b)
Start importing Assets/Scripts/UILookAt.cs using Guid(662980dd63cf0d04d9e028467871c3bb) Importer(815301076,1909f56bfc062723c751e8b465ee728b) [PhysX] Initialized MultithreadedTaskDispatcher with 12 workers.
 -> (artifact id: '2b0075527d394e0d7454eca07759d655') in 0.001072 seconds
Number of updated asset objects reloaded before import = 0
Number of asset objects unloaded after import = 0
========================================================================
Received Prepare
Caller must complete domain reload
Begin MonoManager ReloadAssembly
- Loaded All Assemblies, in  0.916 seconds
Native extension for WindowsStandalone target not found
[Package Manager] Server::EnsureServerProcessIsRunning -- launch failed, reason: Unity was launched with the -noUpm command-line argument
[Package Manager] UpmClient::Send -- Unable to send message (not connected to UPM process).
[Package Manager] Cannot connect to Unity Package Manager local server
Mono: successfully reloaded assembly
- Finished resetting the current domain, in  2.429 seconds
Domain Reload Profiling: 3337ms
	BeginReloadAssembly (267ms)
		ExecutionOrderSort (0ms)
		DisableScriptedObjects (6ms)
		BackupInstance (0ms)
		ReleaseScriptingObjects (0ms)
		CreateAndSetChildDomain (46ms)
	RebuildCommonClasses (62ms)
	RebuildNativeTypeToScriptingClass (23ms)
	initialDomainReloadingComplete (62ms)
	LoadAllAssembliesAndSetupDomain (491ms)
		LoadAssemblies (594ms)
		RebuildTransferFunctionScriptingTraits (0ms)
		AnalyzeDomain (64ms)
			TypeCache.Refresh (31ms)
				TypeCache.ScanAssembly (1ms)
			ScanForSourceGeneratedMonoScriptInfo (14ms)
			ResolveRequiredComponents (18ms)
	FinalizeReload (2432ms)
		ReleaseScriptCaches (0ms)
		RebuildScriptCaches (0ms)
		SetupLoadedEditorAssemblies (953ms)
			LogAssemblyErrors (0ms)
			InitializePlatformSupportModulesInManaged (28ms)
			SetLoadedEditorAssemblies (5ms)
			RefreshPlugins (0ms)
			BeforeProcessingInitializeOnLoad (137ms)
			ProcessInitializeOnLoadAttributes (730ms)
			ProcessInitializeOnLoadMethodAttributes (33ms)
			AfterProcessingInitializeOnLoad (19ms)
			EditorAssembliesLoaded (0ms)
		ExecutionOrderSort2 (0ms)
		AwakeInstancesAfterBackupRestoration (10ms)
Refreshing native plugins compatible for Editor in 6.42 ms, found 3 plugins.
Preloading 0 native plugins for Editor in 0.00 ms.
Unloading 3302 Unused Serialized files (Serialized files now loaded: 0)
Unloading 14 unused Assets / (98.8 KB). Loaded Objects now: 3910.
Memory consumption went from 127.3 MB to 127.2 MB.
Total: 11.229300 ms (FindLiveObjects: 1.735100 ms CreateObjectMapping: 5.795400 ms MarkObjects: 3.645000 ms  DeleteObjects: 0.052800 ms)

Prepare: number of updated asset objects reloaded= 0
AssetImportParameters requested are different than current active one (requested -> active):
  custom:container-demuxer-ogg: 62fdf1f143b41e24485cea50d1cbac27 -> 
  custom:video-codec-MediaFoundation-h265: 746d11721c4dcdbdad8f713fa42b33f4 -> 
  custom:video-decoder-ogg-theora: a1e56fd34408186e4bbccfd4996cb3dc -> 
  custom:framework-win-MediaFoundation: 216162199b28c13a410421893ffa2e32 -> 
  custom:CustomObjectIndexerAttribute: 9a22284fe3817be447336de3de66b15e -> 
  custom:container-demuxer-webm: 4f35f7cbe854078d1ac9338744f61a02 -> 
  custom:container-muxer-webm: aa71ff27fc2769a1b78a27578f13a17b -> 
  custom:video-decoder-webm-vp8: 9c59270c3fd7afecdb556c50c9e8de78 -> 
  custom:SearchIndexIgnoredProperties: e643bd26f0fe6173181afceb89e7c659 -> 
  custom:AudioImporter_EditorPlatform: d09bf68614088b80899f8185d706f6e7 -> 
  custom:video-encoder-webm-vp8: eb34c28f22e8b96e1ab97ce403110664 -> 
  custom:audio-decoder-ogg-vorbis: bf7c407c2cedff20999df2af8eb42d56 -> 
  custom:audio-encoder-webm-vorbis: bf7c407c2cedff20999df2af8eb42d56 -> 
  custom:scripting/monoscript/fileName/UILookAt.cs: 8faaf52571da5b70ed83187d6c8e471d -> 
  custom:scripting/precompiled-assembly-types:Assembly-CSharp: 8734a268f6a09ac2dcfa063f74100be8 -> 12232df095ec81a39cbb81c15ff83476
========================================================================
Received Import Request.
  Time since last request: 63.244418 seconds.
  path: Assets/Materials/KH_Key.mat
  artifactKey: Guid(0a24021680740b241803ba5b7c5fd0b4) Importer(815301076,1909f56bfc062723c751e8b465ee728b)
Start importing Assets/Materials/KH_Key.mat using Guid(0a24021680740b241803ba5b7c5fd0b4) Importer(815301076,1909f56bfc062723c751e8b465ee728b) [PhysX] Initialized MultithreadedTaskDispatcher with 12 workers.
[PhysX] Initialized MultithreadedTaskDispatcher with 12 workers.
 -> (artifact id: '6563c78b7e60f8ffbc47d3b0b049f717') in 0.164976 seconds
Number of updated asset objects reloaded before import = 0
Number of asset objects unloaded after import = 2
========================================================================
Received Import Request.
  Time since last request: 0.580565 seconds.
  path: Assets/Prefabs/Cube.prefab
  artifactKey: Guid(2f3f3ddaa08afe048ba9a096ac2b9bbb) Importer(815301076,1909f56bfc062723c751e8b465ee728b)
Start importing Assets/Prefabs/Cube.prefab using Guid(2f3f3ddaa08afe048ba9a096ac2b9bbb) Importer(815301076,1909f56bfc062723c751e8b465ee728b) [PhysX] Initialized MultithreadedTaskDispatcher with 12 workers.
 -> (artifact id: '63e1a2c6c5f85ce7e59124fe68d4d1ba') in 0.000738 seconds
Number of updated asset objects reloaded before import = 0
Number of asset objects unloaded after import = 0
========================================================================
Received Import Request.
  Time since last request: 0.000029 seconds.
  path: Assets/Prefabs/customer_reservation.prefab
  artifactKey: Guid(a87820c368d9dfa4fbf776488653d447) Importer(815301076,1909f56bfc062723c751e8b465ee728b)
Start importing Assets/Prefabs/customer_reservation.prefab using Guid(a87820c368d9dfa4fbf776488653d447) Importer(815301076,1909f56bfc062723c751e8b465ee728b) [PhysX] Initialized MultithreadedTaskDispatcher with 12 workers.
 -> (artifact id: 'ca8c1cb3bcaaf7761da0e7d43eb16b11') in 0.000822 seconds
Number of updated asset objects reloaded before import = 0
Number of asset objects unloaded after import = 0
========================================================================
Received Import Request.
  Time since last request: 0.008741 seconds.
  path: Assets/Prefabs/Main Camera.prefab
  artifactKey: Guid(dca0cd9b6d4e5b544a431fbb4abc8b8e) Importer(815301076,1909f56bfc062723c751e8b465ee728b)
Start importing Assets/Prefabs/Main Camera.prefab using Guid(dca0cd9b6d4e5b544a431fbb4abc8b8e) Importer(815301076,1909f56bfc062723c751e8b465ee728b) [PhysX] Initialized MultithreadedTaskDispatcher with 12 workers.
 -> (artifact id: '1abe0f4b09d8ea70b77db7846a7fa83f') in 0.000615 seconds
Number of updated asset objects reloaded before import = 0
Number of asset objects unloaded after import = 0
========================================================================
Received Import Request.
  Time since last request: 0.000058 seconds.
  path: Assets/Prefabs/RayCasting.prefab
  artifactKey: Guid(0279262f6fe551a4583662e08f50bd2c) Importer(815301076,1909f56bfc062723c751e8b465ee728b)
Start importing Assets/Prefabs/RayCasting.prefab using Guid(0279262f6fe551a4583662e08f50bd2c) Importer(815301076,1909f56bfc062723c751e8b465ee728b) [PhysX] Initialized MultithreadedTaskDispatcher with 12 workers.
 -> (artifact id: '355f8e6e9f253d5bc57a8aabbe7933dc') in 0.000573 seconds
Number of updated asset objects reloaded before import = 0
Number of asset objects unloaded after import = 0
========================================================================
Received Import Request.
  Time since last request: 0.000160 seconds.
  path: Assets/Prefabs/UiCollisionLuggage.prefab
  artifactKey: Guid(76863a42cfe9518409b130cde1fbfc45) Importer(815301076,1909f56bfc062723c751e8b465ee728b)
Start importing Assets/Prefabs/UiCollisionLuggage.prefab using Guid(76863a42cfe9518409b130cde1fbfc45) Importer(815301076,1909f56bfc062723c751e8b465ee728b) [PhysX] Initialized MultithreadedTaskDispatcher with 12 workers.
 -> (artifact id: '769f96a58268061b696ac9904cac3cab') in 0.000623 seconds
Number of updated asset objects reloaded before import = 0
Number of asset objects unloaded after import = 0
========================================================================
Received Import Request.
  Time since last request: 6.751310 seconds.
  path: Assets/Prefabs/Cube.prefab
  artifactKey: Guid(2f3f3ddaa08afe048ba9a096ac2b9bbb) Importer(815301076,1909f56bfc062723c751e8b465ee728b)
Start importing Assets/Prefabs/Cube.prefab using Guid(2f3f3ddaa08afe048ba9a096ac2b9bbb) Importer(815301076,1909f56bfc062723c751e8b465ee728b) [PhysX] Initialized MultithreadedTaskDispatcher with 12 workers.
 -> (artifact id: '63e1a2c6c5f85ce7e59124fe68d4d1ba') in 0.000632 seconds
Number of updated asset objects reloaded before import = 0
Number of asset objects unloaded after import = 0
========================================================================
Received Import Request.
  Time since last request: 0.000130 seconds.
  path: Assets/Prefabs/customer_reservation.prefab
  artifactKey: Guid(a87820c368d9dfa4fbf776488653d447) Importer(815301076,1909f56bfc062723c751e8b465ee728b)
Start importing Assets/Prefabs/customer_reservation.prefab using Guid(a87820c368d9dfa4fbf776488653d447) Importer(815301076,1909f56bfc062723c751e8b465ee728b) [PhysX] Initialized MultithreadedTaskDispatcher with 12 workers.
 -> (artifact id: 'ca8c1cb3bcaaf7761da0e7d43eb16b11') in 0.000452 seconds
Number of updated asset objects reloaded before import = 0
Number of asset objects unloaded after import = 0
========================================================================
Received Import Request.
  Time since last request: 0.000099 seconds.
  path: Assets/Prefabs/Main Camera.prefab
  artifactKey: Guid(dca0cd9b6d4e5b544a431fbb4abc8b8e) Importer(815301076,1909f56bfc062723c751e8b465ee728b)
Start importing Assets/Prefabs/Main Camera.prefab using Guid(dca0cd9b6d4e5b544a431fbb4abc8b8e) Importer(815301076,1909f56bfc062723c751e8b465ee728b) [PhysX] Initialized MultithreadedTaskDispatcher with 12 workers.
 -> (artifact id: '1abe0f4b09d8ea70b77db7846a7fa83f') in 0.000452 seconds
Number of updated asset objects reloaded before import = 0
Number of asset objects unloaded after import = 0
========================================================================
Received Import Request.
  Time since last request: 0.000396 seconds.
  path: Assets/Prefabs/RayCasting.prefab
  artifactKey: Guid(0279262f6fe551a4583662e08f50bd2c) Importer(815301076,1909f56bfc062723c751e8b465ee728b)
Start importing Assets/Prefabs/RayCasting.prefab using Guid(0279262f6fe551a4583662e08f50bd2c) Importer(815301076,1909f56bfc062723c751e8b465ee728b) [PhysX] Initialized MultithreadedTaskDispatcher with 12 workers.
 -> (artifact id: '355f8e6e9f253d5bc57a8aabbe7933dc') in 0.000740 seconds
Number of updated asset objects reloaded before import = 0
Number of asset objects unloaded after import = 0
========================================================================
Received Import Request.
  Time since last request: 0.000017 seconds.
  path: Assets/Prefabs/UiCollisionLuggage.prefab
  artifactKey: Guid(76863a42cfe9518409b130cde1fbfc45) Importer(815301076,1909f56bfc062723c751e8b465ee728b)
Start importing Assets/Prefabs/UiCollisionLuggage.prefab using Guid(76863a42cfe9518409b130cde1fbfc45) Importer(815301076,1909f56bfc062723c751e8b465ee728b) [PhysX] Initialized MultithreadedTaskDispatcher with 12 workers.
 -> (artifact id: '769f96a58268061b696ac9904cac3cab') in 0.000609 seconds
Number of updated asset objects reloaded before import = 0
Number of asset objects unloaded after import = 0
========================================================================
Received Import Request.
  Time since last request: 4.484435 seconds.
  path: Assets/Prefabs/Cube.prefab
  artifactKey: Guid(2f3f3ddaa08afe048ba9a096ac2b9bbb) Importer(815301076,1909f56bfc062723c751e8b465ee728b)
Start importing Assets/Prefabs/Cube.prefab using Guid(2f3f3ddaa08afe048ba9a096ac2b9bbb) Importer(815301076,1909f56bfc062723c751e8b465ee728b) [PhysX] Initialized MultithreadedTaskDispatcher with 12 workers.
 -> (artifact id: '63e1a2c6c5f85ce7e59124fe68d4d1ba') in 0.000599 seconds
Number of updated asset objects reloaded before import = 0
Number of asset objects unloaded after import = 0
========================================================================
Received Import Request.
  Time since last request: 0.000017 seconds.
  path: Assets/Prefabs/customer_reservation.prefab
  artifactKey: Guid(a87820c368d9dfa4fbf776488653d447) Importer(815301076,1909f56bfc062723c751e8b465ee728b)
Start importing Assets/Prefabs/customer_reservation.prefab using Guid(a87820c368d9dfa4fbf776488653d447) Importer(815301076,1909f56bfc062723c751e8b465ee728b) [PhysX] Initialized MultithreadedTaskDispatcher with 12 workers.
 -> (artifact id: 'ca8c1cb3bcaaf7761da0e7d43eb16b11') in 0.000441 seconds
Number of updated asset objects reloaded before import = 0
Number of asset objects unloaded after import = 0
========================================================================
Received Import Request.
  Time since last request: 0.000250 seconds.
  path: Assets/Prefabs/Main Camera.prefab
  artifactKey: Guid(dca0cd9b6d4e5b544a431fbb4abc8b8e) Importer(815301076,1909f56bfc062723c751e8b465ee728b)
Start importing Assets/Prefabs/Main Camera.prefab using Guid(dca0cd9b6d4e5b544a431fbb4abc8b8e) Importer(815301076,1909f56bfc062723c751e8b465ee728b) [PhysX] Initialized MultithreadedTaskDispatcher with 12 workers.
 -> (artifact id: '1abe0f4b09d8ea70b77db7846a7fa83f') in 0.000477 seconds
Number of updated asset objects reloaded before import = 0
Number of asset objects unloaded after import = 0
========================================================================
Received Import Request.
  Time since last request: 0.000499 seconds.
  path: Assets/Prefabs/RayCasting.prefab
  artifactKey: Guid(0279262f6fe551a4583662e08f50bd2c) Importer(815301076,1909f56bfc062723c751e8b465ee728b)
Start importing Assets/Prefabs/RayCasting.prefab using Guid(0279262f6fe551a4583662e08f50bd2c) Importer(815301076,1909f56bfc062723c751e8b465ee728b) [PhysX] Initialized MultithreadedTaskDispatcher with 12 workers.
 -> (artifact id: '355f8e6e9f253d5bc57a8aabbe7933dc') in 0.000476 seconds
Number of updated asset objects reloaded before import = 0
Number of asset objects unloaded after import = 0
========================================================================
Received Import Request.
  Time since last request: 0.000193 seconds.
  path: Assets/Prefabs/UiCollisionLuggage.prefab
  artifactKey: Guid(76863a42cfe9518409b130cde1fbfc45) Importer(815301076,1909f56bfc062723c751e8b465ee728b)
Start importing Assets/Prefabs/UiCollisionLuggage.prefab using Guid(76863a42cfe9518409b130cde1fbfc45) Importer(815301076,1909f56bfc062723c751e8b465ee728b) [PhysX] Initialized MultithreadedTaskDispatcher with 12 workers.
 -> (artifact id: '769f96a58268061b696ac9904cac3cab') in 0.003534 seconds
Number of updated asset objects reloaded before import = 0
Number of asset objects unloaded after import = 0
========================================================================
Received Import Request.
  Time since last request: 4.947381 seconds.
  path: Assets/Prefabs/Cube.prefab
  artifactKey: Guid(2f3f3ddaa08afe048ba9a096ac2b9bbb) Importer(815301076,1909f56bfc062723c751e8b465ee728b)
Start importing Assets/Prefabs/Cube.prefab using Guid(2f3f3ddaa08afe048ba9a096ac2b9bbb) Importer(815301076,1909f56bfc062723c751e8b465ee728b) [PhysX] Initialized MultithreadedTaskDispatcher with 12 workers.
 -> (artifact id: '63e1a2c6c5f85ce7e59124fe68d4d1ba') in 0.000950 seconds
Number of updated asset objects reloaded before import = 0
Number of asset objects unloaded after import = 0
========================================================================
Received Import Request.
  Time since last request: 0.000173 seconds.
  path: Assets/Prefabs/customer_reservation.prefab
  artifactKey: Guid(a87820c368d9dfa4fbf776488653d447) Importer(815301076,1909f56bfc062723c751e8b465ee728b)
Start importing Assets/Prefabs/customer_reservation.prefab using Guid(a87820c368d9dfa4fbf776488653d447) Importer(815301076,1909f56bfc062723c751e8b465ee728b) [PhysX] Initialized MultithreadedTaskDispatcher with 12 workers.
 -> (artifact id: 'ca8c1cb3bcaaf7761da0e7d43eb16b11') in 0.000821 seconds
Number of updated asset objects reloaded before import = 0
Number of asset objects unloaded after import = 0
========================================================================
Received Import Request.
  Time since last request: 0.000805 seconds.
  path: Assets/Prefabs/Player.prefab
  artifactKey: Guid(c24484f46d838654d9750ca2e68e2349) Importer(815301076,1909f56bfc062723c751e8b465ee728b)
Start importing Assets/Prefabs/Player.prefab using Guid(c24484f46d838654d9750ca2e68e2349) Importer(815301076,1909f56bfc062723c751e8b465ee728b) [PhysX] Initialized MultithreadedTaskDispatcher with 12 workers.
 -> (artifact id: '5035beb55cec9a3ef37e1217130bec7c') in 0.000478 seconds
Number of updated asset objects reloaded before import = 0
Number of asset objects unloaded after import = 0
========================================================================
Received Import Request.
  Time since last request: 0.000041 seconds.
  path: Assets/Prefabs/UiCollisionKey.prefab
  artifactKey: Guid(f15110739299abd4f974d16b87e0a6b5) Importer(815301076,1909f56bfc062723c751e8b465ee728b)
Start importing Assets/Prefabs/UiCollisionKey.prefab using Guid(f15110739299abd4f974d16b87e0a6b5) Importer(815301076,1909f56bfc062723c751e8b465ee728b) [PhysX] Initialized MultithreadedTaskDispatcher with 12 workers.
 -> (artifact id: '4c946ab415aa52b8a2c1fae0f4527e0a') in 0.000672 seconds
Number of updated asset objects reloaded before import = 0
Number of asset objects unloaded after import = 0
========================================================================
Received Import Request.
  Time since last request: 0.000036 seconds.
  path: Assets/Prefabs/UiCollisionReservation.prefab
  artifactKey: Guid(0a01144c74bbc6043ad893ffd2ba8926) Importer(815301076,1909f56bfc062723c751e8b465ee728b)
Start importing Assets/Prefabs/UiCollisionReservation.prefab using Guid(0a01144c74bbc6043ad893ffd2ba8926) Importer(815301076,1909f56bfc062723c751e8b465ee728b) [PhysX] Initialized MultithreadedTaskDispatcher with 12 workers.
 -> (artifact id: 'd2e0713260d04685a2d2d97e5742e5ec') in 0.000699 seconds
Number of updated asset objects reloaded before import = 0
Number of asset objects unloaded after import = 0
========================================================================
Received Prepare
Caller must complete domain reload
Begin MonoManager ReloadAssembly
- Loaded All Assemblies, in  0.894 seconds
Native extension for WindowsStandalone target not found
[Package Manager] Server::EnsureServerProcessIsRunning -- launch failed, reason: Unity was launched with the -noUpm command-line argument
[Package Manager] UpmClient::Send -- Unable to send message (not connected to UPM process).
[Package Manager] Cannot connect to Unity Package Manager local server
Mono: successfully reloaded assembly
- Finished resetting the current domain, in  2.362 seconds
Domain Reload Profiling: 3246ms
	BeginReloadAssembly (277ms)
		ExecutionOrderSort (0ms)
		DisableScriptedObjects (9ms)
		BackupInstance (0ms)
		ReleaseScriptingObjects (0ms)
		CreateAndSetChildDomain (48ms)
	RebuildCommonClasses (70ms)
	RebuildNativeTypeToScriptingClass (23ms)
	initialDomainReloadingComplete (61ms)
	LoadAllAssembliesAndSetupDomain (451ms)
		LoadAssemblies (579ms)
		RebuildTransferFunctionScriptingTraits (0ms)
		AnalyzeDomain (40ms)
			TypeCache.Refresh (16ms)
				TypeCache.ScanAssembly (1ms)
			ScanForSourceGeneratedMonoScriptInfo (11ms)
			ResolveRequiredComponents (12ms)
	FinalizeReload (2363ms)
		ReleaseScriptCaches (0ms)
		RebuildScriptCaches (0ms)
		SetupLoadedEditorAssemblies (972ms)
			LogAssemblyErrors (0ms)
			InitializePlatformSupportModulesInManaged (20ms)
			SetLoadedEditorAssemblies (5ms)
			RefreshPlugins (0ms)
			BeforeProcessingInitializeOnLoad (140ms)
			ProcessInitializeOnLoadAttributes (744ms)
			ProcessInitializeOnLoadMethodAttributes (37ms)
			AfterProcessingInitializeOnLoad (26ms)
			EditorAssembliesLoaded (0ms)
		ExecutionOrderSort2 (0ms)
		AwakeInstancesAfterBackupRestoration (14ms)
Refreshing native plugins compatible for Editor in 11.86 ms, found 3 plugins.
Preloading 0 native plugins for Editor in 0.00 ms.
Unloading 3302 Unused Serialized files (Serialized files now loaded: 0)
Unloading 14 unused Assets / (98.9 KB). Loaded Objects now: 3925.
Memory consumption went from 127.4 MB to 127.3 MB.
Total: 4.980900 ms (FindLiveObjects: 0.504200 ms CreateObjectMapping: 0.829000 ms MarkObjects: 3.572800 ms  DeleteObjects: 0.073600 ms)

Prepare: number of updated asset objects reloaded= 0
AssetImportParameters requested are different than current active one (requested -> active):
  custom:container-demuxer-ogg: 62fdf1f143b41e24485cea50d1cbac27 -> 
  custom:video-codec-MediaFoundation-h265: 746d11721c4dcdbdad8f713fa42b33f4 -> 
  custom:video-decoder-ogg-theora: a1e56fd34408186e4bbccfd4996cb3dc -> 
  custom:framework-win-MediaFoundation: 216162199b28c13a410421893ffa2e32 -> 
  custom:CustomObjectIndexerAttribute: 9a22284fe3817be447336de3de66b15e -> 
  custom:container-demuxer-webm: 4f35f7cbe854078d1ac9338744f61a02 -> 
  custom:container-muxer-webm: aa71ff27fc2769a1b78a27578f13a17b -> 
  custom:video-decoder-webm-vp8: 9c59270c3fd7afecdb556c50c9e8de78 -> 
  custom:SearchIndexIgnoredProperties: e643bd26f0fe6173181afceb89e7c659 -> 
  custom:AudioImporter_EditorPlatform: d09bf68614088b80899f8185d706f6e7 -> 
  custom:video-encoder-webm-vp8: eb34c28f22e8b96e1ab97ce403110664 -> 
  custom:audio-decoder-ogg-vorbis: bf7c407c2cedff20999df2af8eb42d56 -> 
  custom:audio-encoder-webm-vorbis: bf7c407c2cedff20999df2af8eb42d56 -> 
  custom:scripting/monoscript/fileName/UILookAt.cs: 8faaf52571da5b70ed83187d6c8e471d -> 
  custom:scripting/precompiled-assembly-types:Assembly-CSharp: 8734a268f6a09ac2dcfa063f74100be8 -> 12232df095ec81a39cbb81c15ff83476
========================================================================
Received Import Request.
  Time since last request: 360.067947 seconds.
  path: Assets/Prefabs/Main Camera.prefab
  artifactKey: Guid(dca0cd9b6d4e5b544a431fbb4abc8b8e) Importer(815301076,1909f56bfc062723c751e8b465ee728b)
Start importing Assets/Prefabs/Main Camera.prefab using Guid(dca0cd9b6d4e5b544a431fbb4abc8b8e) Importer(815301076,1909f56bfc062723c751e8b465ee728b) [PhysX] Initialized MultithreadedTaskDispatcher with 12 workers.
 -> (artifact id: '1abe0f4b09d8ea70b77db7846a7fa83f') in 0.003462 seconds
Number of updated asset objects reloaded before import = 0
Number of asset objects unloaded after import = 0
========================================================================
Received Import Request.
  Time since last request: 0.000039 seconds.
  path: Assets/Prefabs/Cube.prefab
  artifactKey: Guid(2f3f3ddaa08afe048ba9a096ac2b9bbb) Importer(815301076,1909f56bfc062723c751e8b465ee728b)
Start importing Assets/Prefabs/Cube.prefab using Guid(2f3f3ddaa08afe048ba9a096ac2b9bbb) Importer(815301076,1909f56bfc062723c751e8b465ee728b) [PhysX] Initialized MultithreadedTaskDispatcher with 12 workers.
 -> (artifact id: '63e1a2c6c5f85ce7e59124fe68d4d1ba') in 0.003159 seconds
Number of updated asset objects reloaded before import = 0
Number of asset objects unloaded after import = 0
========================================================================
Received Import Request.
  Time since last request: 0.000022 seconds.
  path: Assets/Prefabs/customer_key.prefab
  artifactKey: Guid(af397f1f3e64fa04f959444d3bec0bf5) Importer(815301076,1909f56bfc062723c751e8b465ee728b)
Start importing Assets/Prefabs/customer_key.prefab using Guid(af397f1f3e64fa04f959444d3bec0bf5) Importer(815301076,1909f56bfc062723c751e8b465ee728b) [PhysX] Initialized MultithreadedTaskDispatcher with 12 workers.
 -> (artifact id: '4faeb53b82d72c798d79db1700e63f98') in 0.001496 seconds
Number of updated asset objects reloaded before import = 0
Number of asset objects unloaded after import = 0
========================================================================
Received Import Request.
  Time since last request: 0.000029 seconds.
  path: Assets/Prefabs/UiCollisionReservation.prefab
  artifactKey: Guid(0a01144c74bbc6043ad893ffd2ba8926) Importer(815301076,1909f56bfc062723c751e8b465ee728b)
Start importing Assets/Prefabs/UiCollisionReservation.prefab using Guid(0a01144c74bbc6043ad893ffd2ba8926) Importer(815301076,1909f56bfc062723c751e8b465ee728b) [PhysX] Initialized MultithreadedTaskDispatcher with 12 workers.
 -> (artifact id: 'd2e0713260d04685a2d2d97e5742e5ec') in 0.000982 seconds
Number of updated asset objects reloaded before import = 0
Number of asset objects unloaded after import = 0
========================================================================
Received Import Request.
  Time since last request: 0.000019 seconds.
  path: Assets/Prefabs/Player.prefab
  artifactKey: Guid(c24484f46d838654d9750ca2e68e2349) Importer(815301076,1909f56bfc062723c751e8b465ee728b)
Start importing Assets/Prefabs/Player.prefab using Guid(c24484f46d838654d9750ca2e68e2349) Importer(815301076,1909f56bfc062723c751e8b465ee728b) [PhysX] Initialized MultithreadedTaskDispatcher with 12 workers.
 -> (artifact id: '5035beb55cec9a3ef37e1217130bec7c') in 0.000833 seconds
Number of updated asset objects reloaded before import = 0
Number of asset objects unloaded after import = 0
========================================================================
Received Prepare
Caller must complete domain reload
Begin MonoManager ReloadAssembly
- Loaded All Assemblies, in  0.869 seconds
Native extension for WindowsStandalone target not found
[Package Manager] Server::EnsureServerProcessIsRunning -- launch failed, reason: Unity was launched with the -noUpm command-line argument
[Package Manager] UpmClient::Send -- Unable to send message (not connected to UPM process).
[Package Manager] Cannot connect to Unity Package Manager local server
Mono: successfully reloaded assembly
- Finished resetting the current domain, in  2.233 seconds
Domain Reload Profiling: 3094ms
	BeginReloadAssembly (296ms)
		ExecutionOrderSort (0ms)
		DisableScriptedObjects (9ms)
		BackupInstance (0ms)
		ReleaseScriptingObjects (0ms)
		CreateAndSetChildDomain (51ms)
	RebuildCommonClasses (64ms)
	RebuildNativeTypeToScriptingClass (32ms)
	initialDomainReloadingComplete (74ms)
	LoadAllAssembliesAndSetupDomain (393ms)
		LoadAssemblies (539ms)
		RebuildTransferFunctionScriptingTraits (0ms)
		AnalyzeDomain (28ms)
			TypeCache.Refresh (10ms)
				TypeCache.ScanAssembly (0ms)
			ScanForSourceGeneratedMonoScriptInfo (0ms)
			ResolveRequiredComponents (16ms)
	FinalizeReload (2234ms)
		ReleaseScriptCaches (0ms)
		RebuildScriptCaches (0ms)
		SetupLoadedEditorAssemblies (1060ms)
			LogAssemblyErrors (0ms)
			InitializePlatformSupportModulesInManaged (18ms)
			SetLoadedEditorAssemblies (8ms)
			RefreshPlugins (0ms)
			BeforeProcessingInitializeOnLoad (188ms)
			ProcessInitializeOnLoadAttributes (769ms)
			ProcessInitializeOnLoadMethodAttributes (48ms)
			AfterProcessingInitializeOnLoad (25ms)
			EditorAssembliesLoaded (3ms)
		ExecutionOrderSort2 (0ms)
		AwakeInstancesAfterBackupRestoration (11ms)
Refreshing native plugins compatible for Editor in 11.92 ms, found 3 plugins.
Preloading 0 native plugins for Editor in 0.00 ms.
Unloading 3302 Unused Serialized files (Serialized files now loaded: 0)
Unloading 14 unused Assets / (98.9 KB). Loaded Objects now: 3940.
Memory consumption went from 127.4 MB to 127.3 MB.
Total: 5.152700 ms (FindLiveObjects: 0.357300 ms CreateObjectMapping: 0.299300 ms MarkObjects: 4.424800 ms  DeleteObjects: 0.070300 ms)

Prepare: number of updated asset objects reloaded= 0
AssetImportParameters requested are different than current active one (requested -> active):
  custom:container-demuxer-ogg: 62fdf1f143b41e24485cea50d1cbac27 -> 
  custom:video-codec-MediaFoundation-h265: 746d11721c4dcdbdad8f713fa42b33f4 -> 
  custom:video-decoder-ogg-theora: a1e56fd34408186e4bbccfd4996cb3dc -> 
  custom:framework-win-MediaFoundation: 216162199b28c13a410421893ffa2e32 -> 
  custom:CustomObjectIndexerAttribute: 9a22284fe3817be447336de3de66b15e -> 
  custom:container-demuxer-webm: 4f35f7cbe854078d1ac9338744f61a02 -> 
  custom:container-muxer-webm: aa71ff27fc2769a1b78a27578f13a17b -> 
  custom:video-decoder-webm-vp8: 9c59270c3fd7afecdb556c50c9e8de78 -> 
  custom:SearchIndexIgnoredProperties: e643bd26f0fe6173181afceb89e7c659 -> 
  custom:AudioImporter_EditorPlatform: d09bf68614088b80899f8185d706f6e7 -> 
  custom:video-encoder-webm-vp8: eb34c28f22e8b96e1ab97ce403110664 -> 
  custom:audio-decoder-ogg-vorbis: bf7c407c2cedff20999df2af8eb42d56 -> 
  custom:audio-encoder-webm-vorbis: bf7c407c2cedff20999df2af8eb42d56 -> 
  custom:scripting/monoscript/fileName/UILookAt.cs: 8faaf52571da5b70ed83187d6c8e471d -> 
  custom:scripting/precompiled-assembly-types:Assembly-CSharp: 8734a268f6a09ac2dcfa063f74100be8 -> 12232df095ec81a39cbb81c15ff83476
========================================================================
Received Import Request.
  Time since last request: 67.360203 seconds.
  path: Assets/Prefabs/Cube.prefab
  artifactKey: Guid(2f3f3ddaa08afe048ba9a096ac2b9bbb) Importer(815301076,1909f56bfc062723c751e8b465ee728b)
Start importing Assets/Prefabs/Cube.prefab using Guid(2f3f3ddaa08afe048ba9a096ac2b9bbb) Importer(815301076,1909f56bfc062723c751e8b465ee728b) [PhysX] Initialized MultithreadedTaskDispatcher with 12 workers.
 -> (artifact id: '63e1a2c6c5f85ce7e59124fe68d4d1ba') in 0.009002 seconds
Number of updated asset objects reloaded before import = 0
Number of asset objects unloaded after import = 0
========================================================================
Received Import Request.
  Time since last request: 0.000024 seconds.
  path: Assets/Prefabs/customer_luggage.prefab
  artifactKey: Guid(8966d6666d84adf49aae546fced840ee) Importer(815301076,1909f56bfc062723c751e8b465ee728b)
Start importing Assets/Prefabs/customer_luggage.prefab using Guid(8966d6666d84adf49aae546fced840ee) Importer(815301076,1909f56bfc062723c751e8b465ee728b) [PhysX] Initialized MultithreadedTaskDispatcher with 12 workers.
 -> (artifact id: 'cdebdf668209ba090ed24333ed3b4e86') in 0.000713 seconds
Number of updated asset objects reloaded before import = 0
Number of asset objects unloaded after import = 0
========================================================================
Received Import Request.
  Time since last request: 0.000158 seconds.
  path: Assets/Prefabs/UiCollisionLuggage.prefab
  artifactKey: Guid(76863a42cfe9518409b130cde1fbfc45) Importer(815301076,1909f56bfc062723c751e8b465ee728b)
Start importing Assets/Prefabs/UiCollisionLuggage.prefab using Guid(76863a42cfe9518409b130cde1fbfc45) Importer(815301076,1909f56bfc062723c751e8b465ee728b) [PhysX] Initialized MultithreadedTaskDispatcher with 12 workers.
 -> (artifact id: '769f96a58268061b696ac9904cac3cab') in 0.000670 seconds
Number of updated asset objects reloaded before import = 0
Number of asset objects unloaded after import = 0
========================================================================
Received Import Request.
  Time since last request: 0.000038 seconds.
  path: Assets/Prefabs/Player.prefab
  artifactKey: Guid(c24484f46d838654d9750ca2e68e2349) Importer(815301076,1909f56bfc062723c751e8b465ee728b)
Start importing Assets/Prefabs/Player.prefab using Guid(c24484f46d838654d9750ca2e68e2349) Importer(815301076,1909f56bfc062723c751e8b465ee728b) [PhysX] Initialized MultithreadedTaskDispatcher with 12 workers.
 -> (artifact id: '5035beb55cec9a3ef37e1217130bec7c') in 0.000726 seconds
Number of updated asset objects reloaded before import = 0
Number of asset objects unloaded after import = 0
========================================================================
Received Import Request.
  Time since last request: 16.576781 seconds.
  path: Assets/Prefabs/Cube.prefab
  artifactKey: Guid(2f3f3ddaa08afe048ba9a096ac2b9bbb) Importer(815301076,1909f56bfc062723c751e8b465ee728b)
Start importing Assets/Prefabs/Cube.prefab using Guid(2f3f3ddaa08afe048ba9a096ac2b9bbb) Importer(815301076,1909f56bfc062723c751e8b465ee728b) [PhysX] Initialized MultithreadedTaskDispatcher with 12 workers.
 -> (artifact id: '63e1a2c6c5f85ce7e59124fe68d4d1ba') in 0.001127 seconds
Number of updated asset objects reloaded before import = 0
Number of asset objects unloaded after import = 0
========================================================================
Received Import Request.
  Time since last request: 0.000032 seconds.
  path: Assets/Prefabs/customer_reservation.prefab
  artifactKey: Guid(a87820c368d9dfa4fbf776488653d447) Importer(815301076,1909f56bfc062723c751e8b465ee728b)
Start importing Assets/Prefabs/customer_reservation.prefab using Guid(a87820c368d9dfa4fbf776488653d447) Importer(815301076,1909f56bfc062723c751e8b465ee728b) [PhysX] Initialized MultithreadedTaskDispatcher with 12 workers.
 -> (artifact id: 'ca8c1cb3bcaaf7761da0e7d43eb16b11') in 0.001843 seconds
Number of updated asset objects reloaded before import = 0
Number of asset objects unloaded after import = 0
========================================================================
Received Import Request.
  Time since last request: 0.000040 seconds.
  path: Assets/Prefabs/RayCasting.prefab
  artifactKey: Guid(0279262f6fe551a4583662e08f50bd2c) Importer(815301076,1909f56bfc062723c751e8b465ee728b)
Start importing Assets/Prefabs/RayCasting.prefab using Guid(0279262f6fe551a4583662e08f50bd2c) Importer(815301076,1909f56bfc062723c751e8b465ee728b) [PhysX] Initialized MultithreadedTaskDispatcher with 12 workers.
 -> (artifact id: '355f8e6e9f253d5bc57a8aabbe7933dc') in 0.000585 seconds
Number of updated asset objects reloaded before import = 0
Number of asset objects unloaded after import = 0
========================================================================
Received Import Request.
  Time since last request: 0.000144 seconds.
  path: Assets/Prefabs/UiCollisionLuggage.prefab
  artifactKey: Guid(76863a42cfe9518409b130cde1fbfc45) Importer(815301076,1909f56bfc062723c751e8b465ee728b)
Start importing Assets/Prefabs/UiCollisionLuggage.prefab using Guid(76863a42cfe9518409b130cde1fbfc45) Importer(815301076,1909f56bfc062723c751e8b465ee728b) [PhysX] Initialized MultithreadedTaskDispatcher with 12 workers.
 -> (artifact id: '769f96a58268061b696ac9904cac3cab') in 0.000653 seconds
Number of updated asset objects reloaded before import = 0
Number of asset objects unloaded after import = 0
========================================================================
Received Import Request.
  Time since last request: 0.000098 seconds.
  path: Assets/Prefabs/customer_luggage.prefab
  artifactKey: Guid(8966d6666d84adf49aae546fced840ee) Importer(815301076,1909f56bfc062723c751e8b465ee728b)
Start importing Assets/Prefabs/customer_luggage.prefab using Guid(8966d6666d84adf49aae546fced840ee) Importer(815301076,1909f56bfc062723c751e8b465ee728b) [PhysX] Initialized MultithreadedTaskDispatcher with 12 workers.
 -> (artifact id: 'cdebdf668209ba090ed24333ed3b4e86') in 0.000837 seconds
Number of updated asset objects reloaded before import = 0
Number of asset objects unloaded after import = 0
========================================================================
Received Import Request.
  Time since last request: 4.274649 seconds.
  path: Assets/Prefabs/Cube.prefab
  artifactKey: Guid(2f3f3ddaa08afe048ba9a096ac2b9bbb) Importer(815301076,1909f56bfc062723c751e8b465ee728b)
Start importing Assets/Prefabs/Cube.prefab using Guid(2f3f3ddaa08afe048ba9a096ac2b9bbb) Importer(815301076,1909f56bfc062723c751e8b465ee728b) [PhysX] Initialized MultithreadedTaskDispatcher with 12 workers.
 -> (artifact id: '63e1a2c6c5f85ce7e59124fe68d4d1ba') in 0.000563 seconds
Number of updated asset objects reloaded before import = 0
Number of asset objects unloaded after import = 0
========================================================================
Received Import Request.
  Time since last request: 0.000080 seconds.
  path: Assets/Prefabs/customer_reservation.prefab
  artifactKey: Guid(a87820c368d9dfa4fbf776488653d447) Importer(815301076,1909f56bfc062723c751e8b465ee728b)
Start importing Assets/Prefabs/customer_reservation.prefab using Guid(a87820c368d9dfa4fbf776488653d447) Importer(815301076,1909f56bfc062723c751e8b465ee728b) [PhysX] Initialized MultithreadedTaskDispatcher with 12 workers.
 -> (artifact id: 'ca8c1cb3bcaaf7761da0e7d43eb16b11') in 0.000611 seconds
Number of updated asset objects reloaded before import = 0
Number of asset objects unloaded after import = 0
========================================================================
Received Import Request.
  Time since last request: 0.000039 seconds.
  path: Assets/Prefabs/Main Camera.prefab
  artifactKey: Guid(dca0cd9b6d4e5b544a431fbb4abc8b8e) Importer(815301076,1909f56bfc062723c751e8b465ee728b)
Start importing Assets/Prefabs/Main Camera.prefab using Guid(dca0cd9b6d4e5b544a431fbb4abc8b8e) Importer(815301076,1909f56bfc062723c751e8b465ee728b) [PhysX] Initialized MultithreadedTaskDispatcher with 12 workers.
 -> (artifact id: '1abe0f4b09d8ea70b77db7846a7fa83f') in 0.001099 seconds
Number of updated asset objects reloaded before import = 0
Number of asset objects unloaded after import = 0
========================================================================
Received Import Request.
  Time since last request: 0.000019 seconds.
  path: Assets/Prefabs/RayCasting.prefab
  artifactKey: Guid(0279262f6fe551a4583662e08f50bd2c) Importer(815301076,1909f56bfc062723c751e8b465ee728b)
Start importing Assets/Prefabs/RayCasting.prefab using Guid(0279262f6fe551a4583662e08f50bd2c) Importer(815301076,1909f56bfc062723c751e8b465ee728b) [PhysX] Initialized MultithreadedTaskDispatcher with 12 workers.
 -> (artifact id: '355f8e6e9f253d5bc57a8aabbe7933dc') in 0.000669 seconds
Number of updated asset objects reloaded before import = 0
Number of asset objects unloaded after import = 0
========================================================================
Received Import Request.
  Time since last request: 0.000017 seconds.
  path: Assets/Prefabs/UiCollisionReservation.prefab
  artifactKey: Guid(0a01144c74bbc6043ad893ffd2ba8926) Importer(815301076,1909f56bfc062723c751e8b465ee728b)
Start importing Assets/Prefabs/UiCollisionReservation.prefab using Guid(0a01144c74bbc6043ad893ffd2ba8926) Importer(815301076,1909f56bfc062723c751e8b465ee728b) [PhysX] Initialized MultithreadedTaskDispatcher with 12 workers.
 -> (artifact id: 'd2e0713260d04685a2d2d97e5742e5ec') in 0.000594 seconds
Number of updated asset objects reloaded before import = 0
Number of asset objects unloaded after import = 0
========================================================================
Received Import Request.
  Time since last request: 3.521138 seconds.
  path: Assets/Prefabs/Cube.prefab
  artifactKey: Guid(2f3f3ddaa08afe048ba9a096ac2b9bbb) Importer(815301076,1909f56bfc062723c751e8b465ee728b)
Start importing Assets/Prefabs/Cube.prefab using Guid(2f3f3ddaa08afe048ba9a096ac2b9bbb) Importer(815301076,1909f56bfc062723c751e8b465ee728b) [PhysX] Initialized MultithreadedTaskDispatcher with 12 workers.
 -> (artifact id: '63e1a2c6c5f85ce7e59124fe68d4d1ba') in 0.000547 seconds
Number of updated asset objects reloaded before import = 0
Number of asset objects unloaded after import = 0
========================================================================
Received Import Request.
  Time since last request: 0.000154 seconds.
  path: Assets/Prefabs/customer_reservation.prefab
  artifactKey: Guid(a87820c368d9dfa4fbf776488653d447) Importer(815301076,1909f56bfc062723c751e8b465ee728b)
Start importing Assets/Prefabs/customer_reservation.prefab using Guid(a87820c368d9dfa4fbf776488653d447) Importer(815301076,1909f56bfc062723c751e8b465ee728b) [PhysX] Initialized MultithreadedTaskDispatcher with 12 workers.
 -> (artifact id: 'ca8c1cb3bcaaf7761da0e7d43eb16b11') in 0.000454 seconds
Number of updated asset objects reloaded before import = 0
Number of asset objects unloaded after import = 0
========================================================================
Received Import Request.
  Time since last request: 0.000318 seconds.
  path: Assets/Prefabs/Main Camera.prefab
  artifactKey: Guid(dca0cd9b6d4e5b544a431fbb4abc8b8e) Importer(815301076,1909f56bfc062723c751e8b465ee728b)
Start importing Assets/Prefabs/Main Camera.prefab using Guid(dca0cd9b6d4e5b544a431fbb4abc8b8e) Importer(815301076,1909f56bfc062723c751e8b465ee728b) [PhysX] Initialized MultithreadedTaskDispatcher with 12 workers.
 -> (artifact id: '1abe0f4b09d8ea70b77db7846a7fa83f') in 0.000444 seconds
Number of updated asset objects reloaded before import = 0
Number of asset objects unloaded after import = 0
========================================================================
Received Import Request.
  Time since last request: 0.000208 seconds.
  path: Assets/Prefabs/RayCasting.prefab
  artifactKey: Guid(0279262f6fe551a4583662e08f50bd2c) Importer(815301076,1909f56bfc062723c751e8b465ee728b)
Start importing Assets/Prefabs/RayCasting.prefab using Guid(0279262f6fe551a4583662e08f50bd2c) Importer(815301076,1909f56bfc062723c751e8b465ee728b) [PhysX] Initialized MultithreadedTaskDispatcher with 12 workers.
 -> (artifact id: '355f8e6e9f253d5bc57a8aabbe7933dc') in 0.002432 seconds
Number of updated asset objects reloaded before import = 0
Number of asset objects unloaded after import = 0
========================================================================
Received Import Request.
  Time since last request: 0.000090 seconds.
  path: Assets/Prefabs/UiCollisionLuggage.prefab
  artifactKey: Guid(76863a42cfe9518409b130cde1fbfc45) Importer(815301076,1909f56bfc062723c751e8b465ee728b)
Start importing Assets/Prefabs/UiCollisionLuggage.prefab using Guid(76863a42cfe9518409b130cde1fbfc45) Importer(815301076,1909f56bfc062723c751e8b465ee728b) [PhysX] Initialized MultithreadedTaskDispatcher with 12 workers.
 -> (artifact id: '769f96a58268061b696ac9904cac3cab') in 0.000732 seconds
Number of updated asset objects reloaded before import = 0
Number of asset objects unloaded after import = 0
========================================================================
Received Prepare
Caller must complete domain reload
Begin MonoManager ReloadAssembly
- Loaded All Assemblies, in  0.883 seconds
Native extension for WindowsStandalone target not found
[Package Manager] Server::EnsureServerProcessIsRunning -- launch failed, reason: Unity was launched with the -noUpm command-line argument
[Package Manager] UpmClient::Send -- Unable to send message (not connected to UPM process).
[Package Manager] Cannot connect to Unity Package Manager local server
Mono: successfully reloaded assembly
- Finished resetting the current domain, in  2.326 seconds
Domain Reload Profiling: 3203ms
	BeginReloadAssembly (302ms)
		ExecutionOrderSort (0ms)
		DisableScriptedObjects (7ms)
		BackupInstance (0ms)
		ReleaseScriptingObjects (0ms)
		CreateAndSetChildDomain (71ms)
	RebuildCommonClasses (72ms)
	RebuildNativeTypeToScriptingClass (20ms)
	initialDomainReloadingComplete (61ms)
	LoadAllAssembliesAndSetupDomain (420ms)
		LoadAssemblies (573ms)
		RebuildTransferFunctionScriptingTraits (0ms)
		AnalyzeDomain (23ms)
			TypeCache.Refresh (9ms)
				TypeCache.ScanAssembly (0ms)
			ScanForSourceGeneratedMonoScriptInfo (0ms)
			ResolveRequiredComponents (10ms)
	FinalizeReload (2327ms)
		ReleaseScriptCaches (0ms)
		RebuildScriptCaches (0ms)
		SetupLoadedEditorAssemblies (1142ms)
			LogAssemblyErrors (0ms)
			InitializePlatformSupportModulesInManaged (17ms)
			SetLoadedEditorAssemblies (8ms)
			RefreshPlugins (0ms)
			BeforeProcessingInitializeOnLoad (179ms)
			ProcessInitializeOnLoadAttributes (850ms)
			ProcessInitializeOnLoadMethodAttributes (60ms)
			AfterProcessingInitializeOnLoad (28ms)
			EditorAssembliesLoaded (0ms)
		ExecutionOrderSort2 (0ms)
		AwakeInstancesAfterBackupRestoration (26ms)
Refreshing native plugins compatible for Editor in 21.99 ms, found 3 plugins.
Preloading 0 native plugins for Editor in 0.00 ms.
Unloading 3302 Unused Serialized files (Serialized files now loaded: 0)
Unloading 14 unused Assets / (98.9 KB). Loaded Objects now: 3955.
Memory consumption went from 127.4 MB to 127.3 MB.
Total: 8.384000 ms (FindLiveObjects: 0.508700 ms CreateObjectMapping: 0.621400 ms MarkObjects: 7.160100 ms  DeleteObjects: 0.092600 ms)

Prepare: number of updated asset objects reloaded= 0
AssetImportParameters requested are different than current active one (requested -> active):
  custom:container-demuxer-ogg: 62fdf1f143b41e24485cea50d1cbac27 -> 
  custom:video-codec-MediaFoundation-h265: 746d11721c4dcdbdad8f713fa42b33f4 -> 
  custom:video-decoder-ogg-theora: a1e56fd34408186e4bbccfd4996cb3dc -> 
  custom:framework-win-MediaFoundation: 216162199b28c13a410421893ffa2e32 -> 
  custom:CustomObjectIndexerAttribute: 9a22284fe3817be447336de3de66b15e -> 
  custom:container-demuxer-webm: 4f35f7cbe854078d1ac9338744f61a02 -> 
  custom:container-muxer-webm: aa71ff27fc2769a1b78a27578f13a17b -> 
  custom:video-decoder-webm-vp8: 9c59270c3fd7afecdb556c50c9e8de78 -> 
  custom:SearchIndexIgnoredProperties: e643bd26f0fe6173181afceb89e7c659 -> 
  custom:AudioImporter_EditorPlatform: d09bf68614088b80899f8185d706f6e7 -> 
  custom:video-encoder-webm-vp8: eb34c28f22e8b96e1ab97ce403110664 -> 
  custom:audio-decoder-ogg-vorbis: bf7c407c2cedff20999df2af8eb42d56 -> 
  custom:audio-encoder-webm-vorbis: bf7c407c2cedff20999df2af8eb42d56 -> 
  custom:scripting/monoscript/fileName/UILookAt.cs: 8faaf52571da5b70ed83187d6c8e471d -> 
  custom:scripting/precompiled-assembly-types:Assembly-CSharp: 8734a268f6a09ac2dcfa063f74100be8 -> 12232df095ec81a39cbb81c15ff83476
========================================================================
Received Import Request.
  Time since last request: 30.839754 seconds.
  path: Assets/Prefabs/Cube.prefab
  artifactKey: Guid(2f3f3ddaa08afe048ba9a096ac2b9bbb) Importer(815301076,1909f56bfc062723c751e8b465ee728b)
Start importing Assets/Prefabs/Cube.prefab using Guid(2f3f3ddaa08afe048ba9a096ac2b9bbb) Importer(815301076,1909f56bfc062723c751e8b465ee728b) [PhysX] Initialized MultithreadedTaskDispatcher with 12 workers.
 -> (artifact id: '63e1a2c6c5f85ce7e59124fe68d4d1ba') in 0.013191 seconds
Number of updated asset objects reloaded before import = 0
Number of asset objects unloaded after import = 0
========================================================================
Received Import Request.
  Time since last request: 0.000046 seconds.
  path: Assets/Prefabs/Player.prefab
  artifactKey: Guid(c24484f46d838654d9750ca2e68e2349) Importer(815301076,1909f56bfc062723c751e8b465ee728b)
Start importing Assets/Prefabs/Player.prefab using Guid(c24484f46d838654d9750ca2e68e2349) Importer(815301076,1909f56bfc062723c751e8b465ee728b) [PhysX] Initialized MultithreadedTaskDispatcher with 12 workers.
 -> (artifact id: '5035beb55cec9a3ef37e1217130bec7c') in 0.001370 seconds
Number of updated asset objects reloaded before import = 0
Number of asset objects unloaded after import = 0
========================================================================
Received Import Request.
  Time since last request: 23.818045 seconds.
  path: Assets/Prefabs/Cube.prefab
  artifactKey: Guid(2f3f3ddaa08afe048ba9a096ac2b9bbb) Importer(815301076,1909f56bfc062723c751e8b465ee728b)
Start importing Assets/Prefabs/Cube.prefab using Guid(2f3f3ddaa08afe048ba9a096ac2b9bbb) Importer(815301076,1909f56bfc062723c751e8b465ee728b) [PhysX] Initialized MultithreadedTaskDispatcher with 12 workers.
 -> (artifact id: '63e1a2c6c5f85ce7e59124fe68d4d1ba') in 0.000893 seconds
Number of updated asset objects reloaded before import = 0
Number of asset objects unloaded after import = 0
========================================================================
Received Import Request.
  Time since last request: 0.000018 seconds.
  path: Assets/Prefabs/Main Camera.prefab
  artifactKey: Guid(dca0cd9b6d4e5b544a431fbb4abc8b8e) Importer(815301076,1909f56bfc062723c751e8b465ee728b)
Start importing Assets/Prefabs/Main Camera.prefab using Guid(dca0cd9b6d4e5b544a431fbb4abc8b8e) Importer(815301076,1909f56bfc062723c751e8b465ee728b) [PhysX] Initialized MultithreadedTaskDispatcher with 12 workers.
 -> (artifact id: '1abe0f4b09d8ea70b77db7846a7fa83f') in 0.000669 seconds
Number of updated asset objects reloaded before import = 0
Number of asset objects unloaded after import = 0
========================================================================
Received Import Request.
  Time since last request: 0.000019 seconds.
  path: Assets/Prefabs/RayCasting.prefab
  artifactKey: Guid(0279262f6fe551a4583662e08f50bd2c) Importer(815301076,1909f56bfc062723c751e8b465ee728b)
Start importing Assets/Prefabs/RayCasting.prefab using Guid(0279262f6fe551a4583662e08f50bd2c) Importer(815301076,1909f56bfc062723c751e8b465ee728b) [PhysX] Initialized MultithreadedTaskDispatcher with 12 workers.
 -> (artifact id: '355f8e6e9f253d5bc57a8aabbe7933dc') in 0.000624 seconds
Number of updated asset objects reloaded before import = 0
Number of asset objects unloaded after import = 0
========================================================================
Received Import Request.
  Time since last request: 0.000035 seconds.
  path: Assets/Prefabs/UiCollisionLuggage.prefab
  artifactKey: Guid(76863a42cfe9518409b130cde1fbfc45) Importer(815301076,1909f56bfc062723c751e8b465ee728b)
Start importing Assets/Prefabs/UiCollisionLuggage.prefab using Guid(76863a42cfe9518409b130cde1fbfc45) Importer(815301076,1909f56bfc062723c751e8b465ee728b) [PhysX] Initialized MultithreadedTaskDispatcher with 12 workers.
 -> (artifact id: '769f96a58268061b696ac9904cac3cab') in 0.000805 seconds
Number of updated asset objects reloaded before import = 0
Number of asset objects unloaded after import = 0
========================================================================
Received Import Request.
  Time since last request: 0.000046 seconds.
  path: Assets/Prefabs/Player.prefab
  artifactKey: Guid(c24484f46d838654d9750ca2e68e2349) Importer(815301076,1909f56bfc062723c751e8b465ee728b)
Start importing Assets/Prefabs/Player.prefab using Guid(c24484f46d838654d9750ca2e68e2349) Importer(815301076,1909f56bfc062723c751e8b465ee728b) [PhysX] Initialized MultithreadedTaskDispatcher with 12 workers.
 -> (artifact id: '5035beb55cec9a3ef37e1217130bec7c') in 0.000585 seconds
Number of updated asset objects reloaded before import = 0
Number of asset objects unloaded after import = 0
========================================================================
Received Import Request.
  Time since last request: 11.898558 seconds.
  path: Assets/Prefabs/Cube.prefab
  artifactKey: Guid(2f3f3ddaa08afe048ba9a096ac2b9bbb) Importer(815301076,1909f56bfc062723c751e8b465ee728b)
Start importing Assets/Prefabs/Cube.prefab using Guid(2f3f3ddaa08afe048ba9a096ac2b9bbb) Importer(815301076,1909f56bfc062723c751e8b465ee728b) [PhysX] Initialized MultithreadedTaskDispatcher with 12 workers.
 -> (artifact id: '63e1a2c6c5f85ce7e59124fe68d4d1ba') in 0.000697 seconds
Number of updated asset objects reloaded before import = 0
Number of asset objects unloaded after import = 0
========================================================================
Received Import Request.
  Time since last request: 0.000203 seconds.
  path: Assets/Prefabs/customer_reservation.prefab
  artifactKey: Guid(a87820c368d9dfa4fbf776488653d447) Importer(815301076,1909f56bfc062723c751e8b465ee728b)
Start importing Assets/Prefabs/customer_reservation.prefab using Guid(a87820c368d9dfa4fbf776488653d447) Importer(815301076,1909f56bfc062723c751e8b465ee728b) [PhysX] Initialized MultithreadedTaskDispatcher with 12 workers.
 -> (artifact id: 'ca8c1cb3bcaaf7761da0e7d43eb16b11') in 0.000626 seconds
Number of updated asset objects reloaded before import = 0
Number of asset objects unloaded after import = 0
========================================================================
Received Import Request.
  Time since last request: 0.000419 seconds.
  path: Assets/Prefabs/Player.prefab
  artifactKey: Guid(c24484f46d838654d9750ca2e68e2349) Importer(815301076,1909f56bfc062723c751e8b465ee728b)
Start importing Assets/Prefabs/Player.prefab using Guid(c24484f46d838654d9750ca2e68e2349) Importer(815301076,1909f56bfc062723c751e8b465ee728b) [PhysX] Initialized MultithreadedTaskDispatcher with 12 workers.
 -> (artifact id: '5035beb55cec9a3ef37e1217130bec7c') in 0.000605 seconds
Number of updated asset objects reloaded before import = 0
Number of asset objects unloaded after import = 0
========================================================================
Received Import Request.
  Time since last request: 0.003183 seconds.
  path: Assets/Prefabs/UiCollisionKey.prefab
  artifactKey: Guid(f15110739299abd4f974d16b87e0a6b5) Importer(815301076,1909f56bfc062723c751e8b465ee728b)
Start importing Assets/Prefabs/UiCollisionKey.prefab using Guid(f15110739299abd4f974d16b87e0a6b5) Importer(815301076,1909f56bfc062723c751e8b465ee728b) [PhysX] Initialized MultithreadedTaskDispatcher with 12 workers.
 -> (artifact id: '4c946ab415aa52b8a2c1fae0f4527e0a') in 0.000881 seconds
Number of updated asset objects reloaded before import = 0
Number of asset objects unloaded after import = 0
========================================================================
Received Prepare
Caller must complete domain reload
Begin MonoManager ReloadAssembly
- Loaded All Assemblies, in  0.859 seconds
Native extension for WindowsStandalone target not found
[Package Manager] Server::EnsureServerProcessIsRunning -- launch failed, reason: Unity was launched with the -noUpm command-line argument
[Package Manager] UpmClient::Send -- Unable to send message (not connected to UPM process).
[Package Manager] Cannot connect to Unity Package Manager local server
Mono: successfully reloaded assembly
- Finished resetting the current domain, in  2.278 seconds
Domain Reload Profiling: 3129ms
	BeginReloadAssembly (290ms)
		ExecutionOrderSort (0ms)
		DisableScriptedObjects (6ms)
		BackupInstance (0ms)
		ReleaseScriptingObjects (0ms)
		CreateAndSetChildDomain (54ms)
	RebuildCommonClasses (75ms)
	RebuildNativeTypeToScriptingClass (19ms)
	initialDomainReloadingComplete (62ms)
	LoadAllAssembliesAndSetupDomain (405ms)
		LoadAssemblies (565ms)
		RebuildTransferFunctionScriptingTraits (0ms)
		AnalyzeDomain (26ms)
			TypeCache.Refresh (10ms)
				TypeCache.ScanAssembly (0ms)
			ScanForSourceGeneratedMonoScriptInfo (0ms)
			ResolveRequiredComponents (13ms)
	FinalizeReload (2279ms)
		ReleaseScriptCaches (0ms)
		RebuildScriptCaches (0ms)
		SetupLoadedEditorAssemblies (1135ms)
			LogAssemblyErrors (0ms)
			InitializePlatformSupportModulesInManaged (21ms)
			SetLoadedEditorAssemblies (7ms)
			RefreshPlugins (0ms)
			BeforeProcessingInitializeOnLoad (149ms)
			ProcessInitializeOnLoadAttributes (883ms)
			ProcessInitializeOnLoadMethodAttributes (46ms)
			AfterProcessingInitializeOnLoad (29ms)
			EditorAssembliesLoaded (0ms)
		ExecutionOrderSort2 (0ms)
		AwakeInstancesAfterBackupRestoration (15ms)
Refreshing native plugins compatible for Editor in 8.47 ms, found 3 plugins.
Preloading 0 native plugins for Editor in 0.00 ms.
Unloading 3302 Unused Serialized files (Serialized files now loaded: 0)
Unloading 14 unused Assets / (98.9 KB). Loaded Objects now: 3970.
Memory consumption went from 127.4 MB to 127.3 MB.
Total: 22.308600 ms (FindLiveObjects: 0.470100 ms CreateObjectMapping: 0.377000 ms MarkObjects: 21.359800 ms  DeleteObjects: 0.100300 ms)

Prepare: number of updated asset objects reloaded= 0
AssetImportParameters requested are different than current active one (requested -> active):
  custom:container-demuxer-ogg: 62fdf1f143b41e24485cea50d1cbac27 -> 
  custom:video-codec-MediaFoundation-h265: 746d11721c4dcdbdad8f713fa42b33f4 -> 
  custom:video-decoder-ogg-theora: a1e56fd34408186e4bbccfd4996cb3dc -> 
  custom:framework-win-MediaFoundation: 216162199b28c13a410421893ffa2e32 -> 
  custom:CustomObjectIndexerAttribute: 9a22284fe3817be447336de3de66b15e -> 
  custom:container-demuxer-webm: 4f35f7cbe854078d1ac9338744f61a02 -> 
  custom:container-muxer-webm: aa71ff27fc2769a1b78a27578f13a17b -> 
  custom:video-decoder-webm-vp8: 9c59270c3fd7afecdb556c50c9e8de78 -> 
  custom:SearchIndexIgnoredProperties: e643bd26f0fe6173181afceb89e7c659 -> 
  custom:AudioImporter_EditorPlatform: d09bf68614088b80899f8185d706f6e7 -> 
  custom:video-encoder-webm-vp8: eb34c28f22e8b96e1ab97ce403110664 -> 
  custom:audio-decoder-ogg-vorbis: bf7c407c2cedff20999df2af8eb42d56 -> 
  custom:audio-encoder-webm-vorbis: bf7c407c2cedff20999df2af8eb42d56 -> 
  custom:scripting/monoscript/fileName/UILookAt.cs: 8faaf52571da5b70ed83187d6c8e471d -> 
  custom:scripting/precompiled-assembly-types:Assembly-CSharp: 8734a268f6a09ac2dcfa063f74100be8 -> 12232df095ec81a39cbb81c15ff83476
========================================================================
Received Import Request.
  Time since last request: 11.180367 seconds.
  path: Assets/Prefabs/RayCasting.prefab
  artifactKey: Guid(0279262f6fe551a4583662e08f50bd2c) Importer(815301076,1909f56bfc062723c751e8b465ee728b)
Start importing Assets/Prefabs/RayCasting.prefab using Guid(0279262f6fe551a4583662e08f50bd2c) Importer(815301076,1909f56bfc062723c751e8b465ee728b) [PhysX] Initialized MultithreadedTaskDispatcher with 12 workers.
 -> (artifact id: '355f8e6e9f253d5bc57a8aabbe7933dc') in 0.006126 seconds
Number of updated asset objects reloaded before import = 0
Number of asset objects unloaded after import = 0
========================================================================
Received Import Request.
  Time since last request: 0.000032 seconds.
  path: Assets/Prefabs/UiCollisionLuggage.prefab
  artifactKey: Guid(76863a42cfe9518409b130cde1fbfc45) Importer(815301076,1909f56bfc062723c751e8b465ee728b)
Start importing Assets/Prefabs/UiCollisionLuggage.prefab using Guid(76863a42cfe9518409b130cde1fbfc45) Importer(815301076,1909f56bfc062723c751e8b465ee728b) [PhysX] Initialized MultithreadedTaskDispatcher with 12 workers.
 -> (artifact id: '769f96a58268061b696ac9904cac3cab') in 0.000610 seconds
Number of updated asset objects reloaded before import = 0
Number of asset objects unloaded after import = 0
========================================================================
Received Prepare
Caller must complete domain reload
Begin MonoManager ReloadAssembly
- Loaded All Assemblies, in  0.899 seconds
Native extension for WindowsStandalone target not found
[Package Manager] Server::EnsureServerProcessIsRunning -- launch failed, reason: Unity was launched with the -noUpm command-line argument
[Package Manager] UpmClient::Send -- Unable to send message (not connected to UPM process).
[Package Manager] Cannot connect to Unity Package Manager local server
Mono: successfully reloaded assembly
- Finished resetting the current domain, in  2.391 seconds
Domain Reload Profiling: 3280ms
	BeginReloadAssembly (273ms)
		ExecutionOrderSort (0ms)
		DisableScriptedObjects (6ms)
		BackupInstance (0ms)
		ReleaseScriptingObjects (0ms)
		CreateAndSetChildDomain (51ms)
	RebuildCommonClasses (66ms)
	RebuildNativeTypeToScriptingClass (21ms)
	initialDomainReloadingComplete (58ms)
	LoadAllAssembliesAndSetupDomain (471ms)
		LoadAssemblies (606ms)
		RebuildTransferFunctionScriptingTraits (0ms)
		AnalyzeDomain (29ms)
			TypeCache.Refresh (13ms)
				TypeCache.ScanAssembly (0ms)
			ScanForSourceGeneratedMonoScriptInfo (0ms)
			ResolveRequiredComponents (15ms)
	FinalizeReload (2392ms)
		ReleaseScriptCaches (0ms)
		RebuildScriptCaches (0ms)
		SetupLoadedEditorAssemblies (1119ms)
			LogAssemblyErrors (0ms)
			InitializePlatformSupportModulesInManaged (16ms)
			SetLoadedEditorAssemblies (8ms)
			RefreshPlugins (0ms)
			BeforeProcessingInitializeOnLoad (152ms)
			ProcessInitializeOnLoadAttributes (871ms)
			ProcessInitializeOnLoadMethodAttributes (47ms)
			AfterProcessingInitializeOnLoad (24ms)
			EditorAssembliesLoaded (1ms)
		ExecutionOrderSort2 (0ms)
		AwakeInstancesAfterBackupRestoration (17ms)
Refreshing native plugins compatible for Editor in 12.58 ms, found 3 plugins.
Preloading 0 native plugins for Editor in 0.00 ms.
Unloading 3302 Unused Serialized files (Serialized files now loaded: 0)
Unloading 14 unused Assets / (98.9 KB). Loaded Objects now: 3985.
Memory consumption went from 127.4 MB to 127.3 MB.
Total: 6.124300 ms (FindLiveObjects: 0.412400 ms CreateObjectMapping: 0.380400 ms MarkObjects: 5.267700 ms  DeleteObjects: 0.062100 ms)

Prepare: number of updated asset objects reloaded= 0
AssetImportParameters requested are different than current active one (requested -> active):
  custom:container-demuxer-ogg: 62fdf1f143b41e24485cea50d1cbac27 -> 
  custom:video-codec-MediaFoundation-h265: 746d11721c4dcdbdad8f713fa42b33f4 -> 
  custom:video-decoder-ogg-theora: a1e56fd34408186e4bbccfd4996cb3dc -> 
  custom:framework-win-MediaFoundation: 216162199b28c13a410421893ffa2e32 -> 
  custom:CustomObjectIndexerAttribute: 9a22284fe3817be447336de3de66b15e -> 
  custom:container-demuxer-webm: 4f35f7cbe854078d1ac9338744f61a02 -> 
  custom:container-muxer-webm: aa71ff27fc2769a1b78a27578f13a17b -> 
  custom:video-decoder-webm-vp8: 9c59270c3fd7afecdb556c50c9e8de78 -> 
  custom:SearchIndexIgnoredProperties: e643bd26f0fe6173181afceb89e7c659 -> 
  custom:AudioImporter_EditorPlatform: d09bf68614088b80899f8185d706f6e7 -> 
  custom:video-encoder-webm-vp8: eb34c28f22e8b96e1ab97ce403110664 -> 
  custom:audio-decoder-ogg-vorbis: bf7c407c2cedff20999df2af8eb42d56 -> 
  custom:audio-encoder-webm-vorbis: bf7c407c2cedff20999df2af8eb42d56 -> 
  custom:scripting/monoscript/fileName/UILookAt.cs: 8faaf52571da5b70ed83187d6c8e471d -> 
  custom:scripting/precompiled-assembly-types:Assembly-CSharp: 8734a268f6a09ac2dcfa063f74100be8 -> 12232df095ec81a39cbb81c15ff83476
========================================================================
Received Import Request.
  Time since last request: 40.756727 seconds.
  path: Assets/Prefabs/customer_reservation.prefab
  artifactKey: Guid(a87820c368d9dfa4fbf776488653d447) Importer(815301076,1909f56bfc062723c751e8b465ee728b)
Start importing Assets/Prefabs/customer_reservation.prefab using Guid(a87820c368d9dfa4fbf776488653d447) Importer(815301076,1909f56bfc062723c751e8b465ee728b) [PhysX] Initialized MultithreadedTaskDispatcher with 12 workers.
 -> (artifact id: 'ca8c1cb3bcaaf7761da0e7d43eb16b11') in 0.004941 seconds
Number of updated asset objects reloaded before import = 0
Number of asset objects unloaded after import = 0
========================================================================
Received Import Request.
  Time since last request: 0.000116 seconds.
  path: Assets/Prefabs/Main Camera.prefab
  artifactKey: Guid(dca0cd9b6d4e5b544a431fbb4abc8b8e) Importer(815301076,1909f56bfc062723c751e8b465ee728b)
Start importing Assets/Prefabs/Main Camera.prefab using Guid(dca0cd9b6d4e5b544a431fbb4abc8b8e) Importer(815301076,1909f56bfc062723c751e8b465ee728b) [PhysX] Initialized MultithreadedTaskDispatcher with 12 workers.
 -> (artifact id: '1abe0f4b09d8ea70b77db7846a7fa83f') in 0.001047 seconds
Number of updated asset objects reloaded before import = 0
Number of asset objects unloaded after import = 0
========================================================================
Received Import Request.
  Time since last request: 0.000017 seconds.
  path: Assets/Prefabs/Cube.prefab
  artifactKey: Guid(2f3f3ddaa08afe048ba9a096ac2b9bbb) Importer(815301076,1909f56bfc062723c751e8b465ee728b)
Start importing Assets/Prefabs/Cube.prefab using Guid(2f3f3ddaa08afe048ba9a096ac2b9bbb) Importer(815301076,1909f56bfc062723c751e8b465ee728b) [PhysX] Initialized MultithreadedTaskDispatcher with 12 workers.
 -> (artifact id: '63e1a2c6c5f85ce7e59124fe68d4d1ba') in 0.000670 seconds
Number of updated asset objects reloaded before import = 0
Number of asset objects unloaded after import = 0
========================================================================
Received Import Request.
  Time since last request: 0.000028 seconds.
  path: Assets/Prefabs/customer_key.prefab
  artifactKey: Guid(af397f1f3e64fa04f959444d3bec0bf5) Importer(815301076,1909f56bfc062723c751e8b465ee728b)
Start importing Assets/Prefabs/customer_key.prefab using Guid(af397f1f3e64fa04f959444d3bec0bf5) Importer(815301076,1909f56bfc062723c751e8b465ee728b) [PhysX] Initialized MultithreadedTaskDispatcher with 12 workers.
 -> (artifact id: '829060cadbd48aa17ba2345e3c05c855') in 0.000843 seconds
Number of updated asset objects reloaded before import = 0
Number of asset objects unloaded after import = 0
========================================================================
Received Import Request.
  Time since last request: 0.000022 seconds.
  path: Assets/Prefabs/UiCollisionLuggage.prefab
  artifactKey: Guid(76863a42cfe9518409b130cde1fbfc45) Importer(815301076,1909f56bfc062723c751e8b465ee728b)
Start importing Assets/Prefabs/UiCollisionLuggage.prefab using Guid(76863a42cfe9518409b130cde1fbfc45) Importer(815301076,1909f56bfc062723c751e8b465ee728b) [PhysX] Initialized MultithreadedTaskDispatcher with 12 workers.
 -> (artifact id: '769f96a58268061b696ac9904cac3cab') in 0.001036 seconds
Number of updated asset objects reloaded before import = 0
Number of asset objects unloaded after import = 0
========================================================================
Received Import Request.
  Time since last request: 0.000018 seconds.
  path: Assets/Prefabs/UiCollisionReservation.prefab
  artifactKey: Guid(0a01144c74bbc6043ad893ffd2ba8926) Importer(815301076,1909f56bfc062723c751e8b465ee728b)
Start importing Assets/Prefabs/UiCollisionReservation.prefab using Guid(0a01144c74bbc6043ad893ffd2ba8926) Importer(815301076,1909f56bfc062723c751e8b465ee728b) [PhysX] Initialized MultithreadedTaskDispatcher with 12 workers.
 -> (artifact id: 'd2e0713260d04685a2d2d97e5742e5ec') in 0.000711 seconds
Number of updated asset objects reloaded before import = 0
Number of asset objects unloaded after import = 0
========================================================================
Received Import Request.
  Time since last request: 0.000022 seconds.
  path: Assets/Prefabs/customer_luggage.prefab
  artifactKey: Guid(8966d6666d84adf49aae546fced840ee) Importer(815301076,1909f56bfc062723c751e8b465ee728b)
Start importing Assets/Prefabs/customer_luggage.prefab using Guid(8966d6666d84adf49aae546fced840ee) Importer(815301076,1909f56bfc062723c751e8b465ee728b) [PhysX] Initialized MultithreadedTaskDispatcher with 12 workers.
 -> (artifact id: 'cdebdf668209ba090ed24333ed3b4e86') in 0.000741 seconds
Number of updated asset objects reloaded before import = 0
Number of asset objects unloaded after import = 0
========================================================================
Received Import Request.
  Time since last request: 0.000051 seconds.
  path: Assets/Prefabs/Player.prefab
  artifactKey: Guid(c24484f46d838654d9750ca2e68e2349) Importer(815301076,1909f56bfc062723c751e8b465ee728b)
Start importing Assets/Prefabs/Player.prefab using Guid(c24484f46d838654d9750ca2e68e2349) Importer(815301076,1909f56bfc062723c751e8b465ee728b) [PhysX] Initialized MultithreadedTaskDispatcher with 12 workers.
 -> (artifact id: '5035beb55cec9a3ef37e1217130bec7c') in 0.000587 seconds
Number of updated asset objects reloaded before import = 0
Number of asset objects unloaded after import = 0
========================================================================
Received Import Request.
  Time since last request: 118.681108 seconds.
  path: Assets/Prefabs/Cube.prefab
  artifactKey: Guid(2f3f3ddaa08afe048ba9a096ac2b9bbb) Importer(815301076,1909f56bfc062723c751e8b465ee728b)
Start importing Assets/Prefabs/Cube.prefab using Guid(2f3f3ddaa08afe048ba9a096ac2b9bbb) Importer(815301076,1909f56bfc062723c751e8b465ee728b) [PhysX] Initialized MultithreadedTaskDispatcher with 12 workers.
 -> (artifact id: '63e1a2c6c5f85ce7e59124fe68d4d1ba') in 0.000843 seconds
Number of updated asset objects reloaded before import = 0
Number of asset objects unloaded after import = 0
========================================================================
Received Import Request.
  Time since last request: 0.000069 seconds.
  path: Assets/Prefabs/customer_reservation.prefab
  artifactKey: Guid(a87820c368d9dfa4fbf776488653d447) Importer(815301076,1909f56bfc062723c751e8b465ee728b)
Start importing Assets/Prefabs/customer_reservation.prefab using Guid(a87820c368d9dfa4fbf776488653d447) Importer(815301076,1909f56bfc062723c751e8b465ee728b) [PhysX] Initialized MultithreadedTaskDispatcher with 12 workers.
 -> (artifact id: 'ca8c1cb3bcaaf7761da0e7d43eb16b11') in 0.000566 seconds
Number of updated asset objects reloaded before import = 0
Number of asset objects unloaded after import = 0
========================================================================
Received Import Request.
  Time since last request: 0.000082 seconds.
  path: Assets/Prefabs/Main Camera.prefab
  artifactKey: Guid(dca0cd9b6d4e5b544a431fbb4abc8b8e) Importer(815301076,1909f56bfc062723c751e8b465ee728b)
Start importing Assets/Prefabs/Main Camera.prefab using Guid(dca0cd9b6d4e5b544a431fbb4abc8b8e) Importer(815301076,1909f56bfc062723c751e8b465ee728b) [PhysX] Initialized MultithreadedTaskDispatcher with 12 workers.
 -> (artifact id: '1abe0f4b09d8ea70b77db7846a7fa83f') in 0.000481 seconds
Number of updated asset objects reloaded before import = 0
Number of asset objects unloaded after import = 0
========================================================================
Received Import Request.
  Time since last request: 0.000702 seconds.
  path: Assets/Prefabs/RayCasting.prefab
  artifactKey: Guid(0279262f6fe551a4583662e08f50bd2c) Importer(815301076,1909f56bfc062723c751e8b465ee728b)
Start importing Assets/Prefabs/RayCasting.prefab using Guid(0279262f6fe551a4583662e08f50bd2c) Importer(815301076,1909f56bfc062723c751e8b465ee728b) [PhysX] Initialized MultithreadedTaskDispatcher with 12 workers.
 -> (artifact id: '355f8e6e9f253d5bc57a8aabbe7933dc') in 0.000932 seconds
Number of updated asset objects reloaded before import = 0
Number of asset objects unloaded after import = 0
========================================================================
Received Import Request.
  Time since last request: 0.000109 seconds.
  path: Assets/Prefabs/UiCollisionLuggage.prefab
  artifactKey: Guid(76863a42cfe9518409b130cde1fbfc45) Importer(815301076,1909f56bfc062723c751e8b465ee728b)
Start importing Assets/Prefabs/UiCollisionLuggage.prefab using Guid(76863a42cfe9518409b130cde1fbfc45) Importer(815301076,1909f56bfc062723c751e8b465ee728b) [PhysX] Initialized MultithreadedTaskDispatcher with 12 workers.
 -> (artifact id: '769f96a58268061b696ac9904cac3cab') in 0.000710 seconds
Number of updated asset objects reloaded before import = 0
Number of asset objects unloaded after import = 0
========================================================================
Received Import Request.
  Time since last request: 1.359384 seconds.
  path: Assets/Prefabs/Cube.prefab
  artifactKey: Guid(2f3f3ddaa08afe048ba9a096ac2b9bbb) Importer(815301076,1909f56bfc062723c751e8b465ee728b)
Start importing Assets/Prefabs/Cube.prefab using Guid(2f3f3ddaa08afe048ba9a096ac2b9bbb) Importer(815301076,1909f56bfc062723c751e8b465ee728b) [PhysX] Initialized MultithreadedTaskDispatcher with 12 workers.
 -> (artifact id: '63e1a2c6c5f85ce7e59124fe68d4d1ba') in 0.000647 seconds
Number of updated asset objects reloaded before import = 0
Number of asset objects unloaded after import = 0
========================================================================
Received Import Request.
  Time since last request: 0.000039 seconds.
  path: Assets/Prefabs/customer_reservation.prefab
  artifactKey: Guid(a87820c368d9dfa4fbf776488653d447) Importer(815301076,1909f56bfc062723c751e8b465ee728b)
Start importing Assets/Prefabs/customer_reservation.prefab using Guid(a87820c368d9dfa4fbf776488653d447) Importer(815301076,1909f56bfc062723c751e8b465ee728b) [PhysX] Initialized MultithreadedTaskDispatcher with 12 workers.
 -> (artifact id: 'ca8c1cb3bcaaf7761da0e7d43eb16b11') in 0.000515 seconds
Number of updated asset objects reloaded before import = 0
Number of asset objects unloaded after import = 0
========================================================================
Received Import Request.
  Time since last request: 0.000072 seconds.
  path: Assets/Prefabs/Main Camera.prefab
  artifactKey: Guid(dca0cd9b6d4e5b544a431fbb4abc8b8e) Importer(815301076,1909f56bfc062723c751e8b465ee728b)
Start importing Assets/Prefabs/Main Camera.prefab using Guid(dca0cd9b6d4e5b544a431fbb4abc8b8e) Importer(815301076,1909f56bfc062723c751e8b465ee728b) [PhysX] Initialized MultithreadedTaskDispatcher with 12 workers.
 -> (artifact id: '1abe0f4b09d8ea70b77db7846a7fa83f') in 0.000479 seconds
Number of updated asset objects reloaded before import = 0
Number of asset objects unloaded after import = 0
========================================================================
Received Import Request.
  Time since last request: 0.000061 seconds.
  path: Assets/Prefabs/RayCasting.prefab
  artifactKey: Guid(0279262f6fe551a4583662e08f50bd2c) Importer(815301076,1909f56bfc062723c751e8b465ee728b)
Start importing Assets/Prefabs/RayCasting.prefab using Guid(0279262f6fe551a4583662e08f50bd2c) Importer(815301076,1909f56bfc062723c751e8b465ee728b) [PhysX] Initialized MultithreadedTaskDispatcher with 12 workers.
 -> (artifact id: '355f8e6e9f253d5bc57a8aabbe7933dc') in 0.000533 seconds
Number of updated asset objects reloaded before import = 0
Number of asset objects unloaded after import = 0
========================================================================
Received Import Request.
  Time since last request: 0.000051 seconds.
  path: Assets/Prefabs/UiCollisionLuggage.prefab
  artifactKey: Guid(76863a42cfe9518409b130cde1fbfc45) Importer(815301076,1909f56bfc062723c751e8b465ee728b)
Start importing Assets/Prefabs/UiCollisionLuggage.prefab using Guid(76863a42cfe9518409b130cde1fbfc45) Importer(815301076,1909f56bfc062723c751e8b465ee728b) [PhysX] Initialized MultithreadedTaskDispatcher with 12 workers.
 -> (artifact id: '769f96a58268061b696ac9904cac3cab') in 0.000648 seconds
Number of updated asset objects reloaded before import = 0
Number of asset objects unloaded after import = 0
========================================================================
Received Import Request.
  Time since last request: 2.686008 seconds.
  path: Assets/Prefabs/Cube.prefab
  artifactKey: Guid(2f3f3ddaa08afe048ba9a096ac2b9bbb) Importer(815301076,1909f56bfc062723c751e8b465ee728b)
Start importing Assets/Prefabs/Cube.prefab using Guid(2f3f3ddaa08afe048ba9a096ac2b9bbb) Importer(815301076,1909f56bfc062723c751e8b465ee728b) [PhysX] Initialized MultithreadedTaskDispatcher with 12 workers.
 -> (artifact id: '63e1a2c6c5f85ce7e59124fe68d4d1ba') in 0.000972 seconds
Number of updated asset objects reloaded before import = 0
Number of asset objects unloaded after import = 0
========================================================================
Received Import Request.
  Time since last request: 0.000025 seconds.
  path: Assets/Prefabs/Main Camera.prefab
  artifactKey: Guid(dca0cd9b6d4e5b544a431fbb4abc8b8e) Importer(815301076,1909f56bfc062723c751e8b465ee728b)
Start importing Assets/Prefabs/Main Camera.prefab using Guid(dca0cd9b6d4e5b544a431fbb4abc8b8e) Importer(815301076,1909f56bfc062723c751e8b465ee728b) [PhysX] Initialized MultithreadedTaskDispatcher with 12 workers.
 -> (artifact id: '1abe0f4b09d8ea70b77db7846a7fa83f') in 0.006489 seconds
Number of updated asset objects reloaded before import = 0
Number of asset objects unloaded after import = 0
========================================================================
Received Import Request.
  Time since last request: 0.000075 seconds.
  path: Assets/Prefabs/UiCollisionKey.prefab
  artifactKey: Guid(f15110739299abd4f974d16b87e0a6b5) Importer(815301076,1909f56bfc062723c751e8b465ee728b)
Start importing Assets/Prefabs/UiCollisionKey.prefab using Guid(f15110739299abd4f974d16b87e0a6b5) Importer(815301076,1909f56bfc062723c751e8b465ee728b) [PhysX] Initialized MultithreadedTaskDispatcher with 12 workers.
 -> (artifact id: '4c946ab415aa52b8a2c1fae0f4527e0a') in 0.003534 seconds
Number of updated asset objects reloaded before import = 0
Number of asset objects unloaded after import = 0
========================================================================
Received Import Request.
  Time since last request: 0.000024 seconds.
  path: Assets/Prefabs/customer_luggage.prefab
  artifactKey: Guid(8966d6666d84adf49aae546fced840ee) Importer(815301076,1909f56bfc062723c751e8b465ee728b)
Start importing Assets/Prefabs/customer_luggage.prefab using Guid(8966d6666d84adf49aae546fced840ee) Importer(815301076,1909f56bfc062723c751e8b465ee728b) [PhysX] Initialized MultithreadedTaskDispatcher with 12 workers.
 -> (artifact id: 'cdebdf668209ba090ed24333ed3b4e86') in 0.000703 seconds
Number of updated asset objects reloaded before import = 0
Number of asset objects unloaded after import = 0
========================================================================
Received Import Request.
  Time since last request: 2.605379 seconds.
  path: Assets/Prefabs/Cube.prefab
  artifactKey: Guid(2f3f3ddaa08afe048ba9a096ac2b9bbb) Importer(815301076,1909f56bfc062723c751e8b465ee728b)
Start importing Assets/Prefabs/Cube.prefab using Guid(2f3f3ddaa08afe048ba9a096ac2b9bbb) Importer(815301076,1909f56bfc062723c751e8b465ee728b) [PhysX] Initialized MultithreadedTaskDispatcher with 12 workers.
 -> (artifact id: '63e1a2c6c5f85ce7e59124fe68d4d1ba') in 0.002966 seconds
Number of updated asset objects reloaded before import = 0
Number of asset objects unloaded after import = 0
========================================================================
Received Import Request.
  Time since last request: 0.000022 seconds.
  path: Assets/Prefabs/customer_reservation.prefab
  artifactKey: Guid(a87820c368d9dfa4fbf776488653d447) Importer(815301076,1909f56bfc062723c751e8b465ee728b)
Start importing Assets/Prefabs/customer_reservation.prefab using Guid(a87820c368d9dfa4fbf776488653d447) Importer(815301076,1909f56bfc062723c751e8b465ee728b) [PhysX] Initialized MultithreadedTaskDispatcher with 12 workers.
 -> (artifact id: 'ca8c1cb3bcaaf7761da0e7d43eb16b11') in 0.001125 seconds
Number of updated asset objects reloaded before import = 0
Number of asset objects unloaded after import = 0
========================================================================
Received Import Request.
  Time since last request: 0.000078 seconds.
  path: Assets/Prefabs/RayCasting.prefab
  artifactKey: Guid(0279262f6fe551a4583662e08f50bd2c) Importer(815301076,1909f56bfc062723c751e8b465ee728b)
Start importing Assets/Prefabs/RayCasting.prefab using Guid(0279262f6fe551a4583662e08f50bd2c) Importer(815301076,1909f56bfc062723c751e8b465ee728b) [PhysX] Initialized MultithreadedTaskDispatcher with 12 workers.
 -> (artifact id: '355f8e6e9f253d5bc57a8aabbe7933dc') in 0.000836 seconds
Number of updated asset objects reloaded before import = 0
Number of asset objects unloaded after import = 0
========================================================================
Received Import Request.
  Time since last request: 0.000020 seconds.
  path: Assets/Prefabs/UiCollisionLuggage.prefab
  artifactKey: Guid(76863a42cfe9518409b130cde1fbfc45) Importer(815301076,1909f56bfc062723c751e8b465ee728b)
Start importing Assets/Prefabs/UiCollisionLuggage.prefab using Guid(76863a42cfe9518409b130cde1fbfc45) Importer(815301076,1909f56bfc062723c751e8b465ee728b) [PhysX] Initialized MultithreadedTaskDispatcher with 12 workers.
 -> (artifact id: '769f96a58268061b696ac9904cac3cab') in 0.000610 seconds
Number of updated asset objects reloaded before import = 0
Number of asset objects unloaded after import = 0
========================================================================
Received Import Request.
  Time since last request: 0.000104 seconds.
  path: Assets/Prefabs/Player.prefab
  artifactKey: Guid(c24484f46d838654d9750ca2e68e2349) Importer(815301076,1909f56bfc062723c751e8b465ee728b)
Start importing Assets/Prefabs/Player.prefab using Guid(c24484f46d838654d9750ca2e68e2349) Importer(815301076,1909f56bfc062723c751e8b465ee728b) [PhysX] Initialized MultithreadedTaskDispatcher with 12 workers.
 -> (artifact id: '5035beb55cec9a3ef37e1217130bec7c') in 0.000506 seconds
Number of updated asset objects reloaded before import = 0
Number of asset objects unloaded after import = 0
========================================================================
Received Import Request.
  Time since last request: 8.342436 seconds.
  path: Assets/Prefabs/Cube.prefab
  artifactKey: Guid(2f3f3ddaa08afe048ba9a096ac2b9bbb) Importer(815301076,1909f56bfc062723c751e8b465ee728b)
Start importing Assets/Prefabs/Cube.prefab using Guid(2f3f3ddaa08afe048ba9a096ac2b9bbb) Importer(815301076,1909f56bfc062723c751e8b465ee728b) [PhysX] Initialized MultithreadedTaskDispatcher with 12 workers.
 -> (artifact id: '63e1a2c6c5f85ce7e59124fe68d4d1ba') in 0.000654 seconds
Number of updated asset objects reloaded before import = 0
Number of asset objects unloaded after import = 0
========================================================================
Received Import Request.
  Time since last request: 0.000046 seconds.
  path: Assets/Prefabs/customer_reservation.prefab
  artifactKey: Guid(a87820c368d9dfa4fbf776488653d447) Importer(815301076,1909f56bfc062723c751e8b465ee728b)
Start importing Assets/Prefabs/customer_reservation.prefab using Guid(a87820c368d9dfa4fbf776488653d447) Importer(815301076,1909f56bfc062723c751e8b465ee728b) [PhysX] Initialized MultithreadedTaskDispatcher with 12 workers.
 -> (artifact id: 'ca8c1cb3bcaaf7761da0e7d43eb16b11') in 0.000793 seconds
Number of updated asset objects reloaded before import = 0
Number of asset objects unloaded after import = 0
========================================================================
Received Import Request.
  Time since last request: 0.000931 seconds.
  path: Assets/Prefabs/Player.prefab
  artifactKey: Guid(c24484f46d838654d9750ca2e68e2349) Importer(815301076,1909f56bfc062723c751e8b465ee728b)
Start importing Assets/Prefabs/Player.prefab using Guid(c24484f46d838654d9750ca2e68e2349) Importer(815301076,1909f56bfc062723c751e8b465ee728b) [PhysX] Initialized MultithreadedTaskDispatcher with 12 workers.
 -> (artifact id: '5035beb55cec9a3ef37e1217130bec7c') in 0.000515 seconds
Number of updated asset objects reloaded before import = 0
Number of asset objects unloaded after import = 0
========================================================================
Received Import Request.
  Time since last request: 0.000138 seconds.
  path: Assets/Prefabs/UiCollisionKey.prefab
  artifactKey: Guid(f15110739299abd4f974d16b87e0a6b5) Importer(815301076,1909f56bfc062723c751e8b465ee728b)
Start importing Assets/Prefabs/UiCollisionKey.prefab using Guid(f15110739299abd4f974d16b87e0a6b5) Importer(815301076,1909f56bfc062723c751e8b465ee728b) [PhysX] Initialized MultithreadedTaskDispatcher with 12 workers.
 -> (artifact id: '4c946ab415aa52b8a2c1fae0f4527e0a') in 0.000694 seconds
Number of updated asset objects reloaded before import = 0
Number of asset objects unloaded after import = 0
========================================================================
Received Import Request.
  Time since last request: 0.000047 seconds.
  path: Assets/Prefabs/UiCollisionReservation.prefab
  artifactKey: Guid(0a01144c74bbc6043ad893ffd2ba8926) Importer(815301076,1909f56bfc062723c751e8b465ee728b)
Start importing Assets/Prefabs/UiCollisionReservation.prefab using Guid(0a01144c74bbc6043ad893ffd2ba8926) Importer(815301076,1909f56bfc062723c751e8b465ee728b) [PhysX] Initialized MultithreadedTaskDispatcher with 12 workers.
 -> (artifact id: 'd2e0713260d04685a2d2d97e5742e5ec') in 0.000815 seconds
Number of updated asset objects reloaded before import = 0
Number of asset objects unloaded after import = 0
========================================================================
Received Import Request.
  Time since last request: 1.617077 seconds.
  path: Assets/Prefabs/Cube.prefab
  artifactKey: Guid(2f3f3ddaa08afe048ba9a096ac2b9bbb) Importer(815301076,1909f56bfc062723c751e8b465ee728b)
Start importing Assets/Prefabs/Cube.prefab using Guid(2f3f3ddaa08afe048ba9a096ac2b9bbb) Importer(815301076,1909f56bfc062723c751e8b465ee728b) [PhysX] Initialized MultithreadedTaskDispatcher with 12 workers.
 -> (artifact id: '63e1a2c6c5f85ce7e59124fe68d4d1ba') in 0.000997 seconds
Number of updated asset objects reloaded before import = 0
Number of asset objects unloaded after import = 0
========================================================================
Received Import Request.
  Time since last request: 0.000043 seconds.
  path: Assets/Prefabs/customer_reservation.prefab
  artifactKey: Guid(a87820c368d9dfa4fbf776488653d447) Importer(815301076,1909f56bfc062723c751e8b465ee728b)
Start importing Assets/Prefabs/customer_reservation.prefab using Guid(a87820c368d9dfa4fbf776488653d447) Importer(815301076,1909f56bfc062723c751e8b465ee728b) [PhysX] Initialized MultithreadedTaskDispatcher with 12 workers.
 -> (artifact id: 'ca8c1cb3bcaaf7761da0e7d43eb16b11') in 0.000751 seconds
Number of updated asset objects reloaded before import = 0
Number of asset objects unloaded after import = 0
========================================================================
Received Import Request.
  Time since last request: 0.000100 seconds.
  path: Assets/Prefabs/Main Camera.prefab
  artifactKey: Guid(dca0cd9b6d4e5b544a431fbb4abc8b8e) Importer(815301076,1909f56bfc062723c751e8b465ee728b)
Start importing Assets/Prefabs/Main Camera.prefab using Guid(dca0cd9b6d4e5b544a431fbb4abc8b8e) Importer(815301076,1909f56bfc062723c751e8b465ee728b) [PhysX] Initialized MultithreadedTaskDispatcher with 12 workers.
 -> (artifact id: '1abe0f4b09d8ea70b77db7846a7fa83f') in 0.000499 seconds
Number of updated asset objects reloaded before import = 0
Number of asset objects unloaded after import = 0
========================================================================
Received Import Request.
  Time since last request: 0.000084 seconds.
  path: Assets/Prefabs/RayCasting.prefab
  artifactKey: Guid(0279262f6fe551a4583662e08f50bd2c) Importer(815301076,1909f56bfc062723c751e8b465ee728b)
Start importing Assets/Prefabs/RayCasting.prefab using Guid(0279262f6fe551a4583662e08f50bd2c) Importer(815301076,1909f56bfc062723c751e8b465ee728b) [PhysX] Initialized MultithreadedTaskDispatcher with 12 workers.
 -> (artifact id: '355f8e6e9f253d5bc57a8aabbe7933dc') in 0.000477 seconds
Number of updated asset objects reloaded before import = 0
Number of asset objects unloaded after import = 0
========================================================================
Received Import Request.
  Time since last request: 0.000028 seconds.
  path: Assets/Prefabs/UiCollisionLuggage.prefab
  artifactKey: Guid(76863a42cfe9518409b130cde1fbfc45) Importer(815301076,1909f56bfc062723c751e8b465ee728b)
Start importing Assets/Prefabs/UiCollisionLuggage.prefab using Guid(76863a42cfe9518409b130cde1fbfc45) Importer(815301076,1909f56bfc062723c751e8b465ee728b) [PhysX] Initialized MultithreadedTaskDispatcher with 12 workers.
 -> (artifact id: '769f96a58268061b696ac9904cac3cab') in 0.000645 seconds
Number of updated asset objects reloaded before import = 0
Number of asset objects unloaded after import = 0
========================================================================
Received Prepare
Caller must complete domain reload
Begin MonoManager ReloadAssembly
- Loaded All Assemblies, in  0.884 seconds
Native extension for WindowsStandalone target not found
[Package Manager] Server::EnsureServerProcessIsRunning -- launch failed, reason: Unity was launched with the -noUpm command-line argument
[Package Manager] UpmClient::Send -- Unable to send message (not connected to UPM process).
[Package Manager] Cannot connect to Unity Package Manager local server
Mono: successfully reloaded assembly
- Finished resetting the current domain, in  2.828 seconds
Domain Reload Profiling: 3708ms
	BeginReloadAssembly (277ms)
		ExecutionOrderSort (0ms)
		DisableScriptedObjects (12ms)
		BackupInstance (0ms)
		ReleaseScriptingObjects (0ms)
		CreateAndSetChildDomain (45ms)
	RebuildCommonClasses (72ms)
	RebuildNativeTypeToScriptingClass (19ms)
	initialDomainReloadingComplete (73ms)
	LoadAllAssembliesAndSetupDomain (438ms)
		LoadAssemblies (584ms)
		RebuildTransferFunctionScriptingTraits (0ms)
		AnalyzeDomain (28ms)
			TypeCache.Refresh (9ms)
				TypeCache.ScanAssembly (0ms)
			ScanForSourceGeneratedMonoScriptInfo (0ms)
			ResolveRequiredComponents (17ms)
	FinalizeReload (2830ms)
		ReleaseScriptCaches (0ms)
		RebuildScriptCaches (0ms)
		SetupLoadedEditorAssemblies (1186ms)
			LogAssemblyErrors (0ms)
			InitializePlatformSupportModulesInManaged (17ms)
			SetLoadedEditorAssemblies (8ms)
			RefreshPlugins (0ms)
			BeforeProcessingInitializeOnLoad (133ms)
			ProcessInitializeOnLoadAttributes (949ms)
			ProcessInitializeOnLoadMethodAttributes (54ms)
			AfterProcessingInitializeOnLoad (25ms)
			EditorAssembliesLoaded (0ms)
		ExecutionOrderSort2 (0ms)
		AwakeInstancesAfterBackupRestoration (13ms)
Refreshing native plugins compatible for Editor in 11.99 ms, found 3 plugins.
Preloading 0 native plugins for Editor in 0.00 ms.
Unloading 3302 Unused Serialized files (Serialized files now loaded: 0)
Unloading 14 unused Assets / (98.9 KB). Loaded Objects now: 4000.
Memory consumption went from 127.4 MB to 127.3 MB.
Total: 8.321000 ms (FindLiveObjects: 0.306500 ms CreateObjectMapping: 0.253600 ms MarkObjects: 7.699700 ms  DeleteObjects: 0.059400 ms)

Prepare: number of updated asset objects reloaded= 0
AssetImportParameters requested are different than current active one (requested -> active):
  custom:container-demuxer-ogg: 62fdf1f143b41e24485cea50d1cbac27 -> 
  custom:video-codec-MediaFoundation-h265: 746d11721c4dcdbdad8f713fa42b33f4 -> 
  custom:video-decoder-ogg-theora: a1e56fd34408186e4bbccfd4996cb3dc -> 
  custom:framework-win-MediaFoundation: 216162199b28c13a410421893ffa2e32 -> 
  custom:CustomObjectIndexerAttribute: 9a22284fe3817be447336de3de66b15e -> 
  custom:container-demuxer-webm: 4f35f7cbe854078d1ac9338744f61a02 -> 
  custom:container-muxer-webm: aa71ff27fc2769a1b78a27578f13a17b -> 
  custom:video-decoder-webm-vp8: 9c59270c3fd7afecdb556c50c9e8de78 -> 
  custom:SearchIndexIgnoredProperties: e643bd26f0fe6173181afceb89e7c659 -> 
  custom:AudioImporter_EditorPlatform: d09bf68614088b80899f8185d706f6e7 -> 
  custom:video-encoder-webm-vp8: eb34c28f22e8b96e1ab97ce403110664 -> 
  custom:audio-decoder-ogg-vorbis: bf7c407c2cedff20999df2af8eb42d56 -> 
  custom:audio-encoder-webm-vorbis: bf7c407c2cedff20999df2af8eb42d56 -> 
  custom:scripting/monoscript/fileName/UILookAt.cs: 8faaf52571da5b70ed83187d6c8e471d -> 
  custom:scripting/precompiled-assembly-types:Assembly-CSharp: 8734a268f6a09ac2dcfa063f74100be8 -> 12232df095ec81a39cbb81c15ff83476
========================================================================
Received Import Request.
  Time since last request: 14.151219 seconds.
  path: Assets/Prefabs/Main Camera.prefab
  artifactKey: Guid(dca0cd9b6d4e5b544a431fbb4abc8b8e) Importer(815301076,1909f56bfc062723c751e8b465ee728b)
Start importing Assets/Prefabs/Main Camera.prefab using Guid(dca0cd9b6d4e5b544a431fbb4abc8b8e) Importer(815301076,1909f56bfc062723c751e8b465ee728b) [PhysX] Initialized MultithreadedTaskDispatcher with 12 workers.
 -> (artifact id: '1abe0f4b09d8ea70b77db7846a7fa83f') in 0.010312 seconds
Number of updated asset objects reloaded before import = 0
Number of asset objects unloaded after import = 0
========================================================================
Received Import Request.
  Time since last request: 0.000039 seconds.
  path: Assets/Prefabs/Cube.prefab
  artifactKey: Guid(2f3f3ddaa08afe048ba9a096ac2b9bbb) Importer(815301076,1909f56bfc062723c751e8b465ee728b)
Start importing Assets/Prefabs/Cube.prefab using Guid(2f3f3ddaa08afe048ba9a096ac2b9bbb) Importer(815301076,1909f56bfc062723c751e8b465ee728b) [PhysX] Initialized MultithreadedTaskDispatcher with 12 workers.
 -> (artifact id: '63e1a2c6c5f85ce7e59124fe68d4d1ba') in 0.000969 seconds
Number of updated asset objects reloaded before import = 0
Number of asset objects unloaded after import = 0
========================================================================
Received Import Request.
  Time since last request: 0.000018 seconds.
  path: Assets/Prefabs/UiCollisionReservation.prefab
  artifactKey: Guid(0a01144c74bbc6043ad893ffd2ba8926) Importer(815301076,1909f56bfc062723c751e8b465ee728b)
Start importing Assets/Prefabs/UiCollisionReservation.prefab using Guid(0a01144c74bbc6043ad893ffd2ba8926) Importer(815301076,1909f56bfc062723c751e8b465ee728b) [PhysX] Initialized MultithreadedTaskDispatcher with 12 workers.
 -> (artifact id: 'd2e0713260d04685a2d2d97e5742e5ec') in 0.000598 seconds
Number of updated asset objects reloaded before import = 0
Number of asset objects unloaded after import = 0
========================================================================
Received Import Request.
  Time since last request: 0.000016 seconds.
  path: Assets/Prefabs/Player.prefab
  artifactKey: Guid(c24484f46d838654d9750ca2e68e2349) Importer(815301076,1909f56bfc062723c751e8b465ee728b)
Start importing Assets/Prefabs/Player.prefab using Guid(c24484f46d838654d9750ca2e68e2349) Importer(815301076,1909f56bfc062723c751e8b465ee728b) [PhysX] Initialized MultithreadedTaskDispatcher with 12 workers.
 -> (artifact id: '5035beb55cec9a3ef37e1217130bec7c') in 0.000751 seconds
Number of updated asset objects reloaded before import = 0
Number of asset objects unloaded after import = 0
========================================================================
Received Import Request.
  Time since last request: 46.556562 seconds.
  path: Assets/Prefabs/Cube.prefab
  artifactKey: Guid(2f3f3ddaa08afe048ba9a096ac2b9bbb) Importer(815301076,1909f56bfc062723c751e8b465ee728b)
Start importing Assets/Prefabs/Cube.prefab using Guid(2f3f3ddaa08afe048ba9a096ac2b9bbb) Importer(815301076,1909f56bfc062723c751e8b465ee728b) [PhysX] Initialized MultithreadedTaskDispatcher with 12 workers.
 -> (artifact id: '63e1a2c6c5f85ce7e59124fe68d4d1ba') in 0.001033 seconds
Number of updated asset objects reloaded before import = 0
Number of asset objects unloaded after import = 0
========================================================================
Received Import Request.
  Time since last request: 0.000065 seconds.
  path: Assets/Prefabs/customer_reservation.prefab
  artifactKey: Guid(a87820c368d9dfa4fbf776488653d447) Importer(815301076,1909f56bfc062723c751e8b465ee728b)
Start importing Assets/Prefabs/customer_reservation.prefab using Guid(a87820c368d9dfa4fbf776488653d447) Importer(815301076,1909f56bfc062723c751e8b465ee728b) [PhysX] Initialized MultithreadedTaskDispatcher with 12 workers.
 -> (artifact id: 'ca8c1cb3bcaaf7761da0e7d43eb16b11') in 0.000798 seconds
Number of updated asset objects reloaded before import = 0
Number of asset objects unloaded after import = 0
========================================================================
Received Import Request.
  Time since last request: 0.000417 seconds.
  path: Assets/Prefabs/Main Camera.prefab
  artifactKey: Guid(dca0cd9b6d4e5b544a431fbb4abc8b8e) Importer(815301076,1909f56bfc062723c751e8b465ee728b)
Start importing Assets/Prefabs/Main Camera.prefab using Guid(dca0cd9b6d4e5b544a431fbb4abc8b8e) Importer(815301076,1909f56bfc062723c751e8b465ee728b) [PhysX] Initialized MultithreadedTaskDispatcher with 12 workers.
 -> (artifact id: '1abe0f4b09d8ea70b77db7846a7fa83f') in 0.000534 seconds
Number of updated asset objects reloaded before import = 0
Number of asset objects unloaded after import = 0
========================================================================
Received Import Request.
  Time since last request: 0.000388 seconds.
  path: Assets/Prefabs/RayCasting.prefab
  artifactKey: Guid(0279262f6fe551a4583662e08f50bd2c) Importer(815301076,1909f56bfc062723c751e8b465ee728b)
Start importing Assets/Prefabs/RayCasting.prefab using Guid(0279262f6fe551a4583662e08f50bd2c) Importer(815301076,1909f56bfc062723c751e8b465ee728b) [PhysX] Initialized MultithreadedTaskDispatcher with 12 workers.
 -> (artifact id: '355f8e6e9f253d5bc57a8aabbe7933dc') in 0.000595 seconds
Number of updated asset objects reloaded before import = 0
Number of asset objects unloaded after import = 0
========================================================================
Received Import Request.
  Time since last request: 0.000134 seconds.
  path: Assets/Prefabs/UiCollisionLuggage.prefab
  artifactKey: Guid(76863a42cfe9518409b130cde1fbfc45) Importer(815301076,1909f56bfc062723c751e8b465ee728b)
Start importing Assets/Prefabs/UiCollisionLuggage.prefab using Guid(76863a42cfe9518409b130cde1fbfc45) Importer(815301076,1909f56bfc062723c751e8b465ee728b) [PhysX] Initialized MultithreadedTaskDispatcher with 12 workers.
 -> (artifact id: '769f96a58268061b696ac9904cac3cab') in 0.003201 seconds
Number of updated asset objects reloaded before import = 0
Number of asset objects unloaded after import = 0
========================================================================
Received Import Request.
  Time since last request: 1.223691 seconds.
  path: Assets/Prefabs/Cube.prefab
  artifactKey: Guid(2f3f3ddaa08afe048ba9a096ac2b9bbb) Importer(815301076,1909f56bfc062723c751e8b465ee728b)
Start importing Assets/Prefabs/Cube.prefab using Guid(2f3f3ddaa08afe048ba9a096ac2b9bbb) Importer(815301076,1909f56bfc062723c751e8b465ee728b) [PhysX] Initialized MultithreadedTaskDispatcher with 12 workers.
 -> (artifact id: '63e1a2c6c5f85ce7e59124fe68d4d1ba') in 0.000991 seconds
Number of updated asset objects reloaded before import = 0
Number of asset objects unloaded after import = 0
========================================================================
Received Import Request.
  Time since last request: 0.000161 seconds.
  path: Assets/Prefabs/customer_reservation.prefab
  artifactKey: Guid(a87820c368d9dfa4fbf776488653d447) Importer(815301076,1909f56bfc062723c751e8b465ee728b)
Start importing Assets/Prefabs/customer_reservation.prefab using Guid(a87820c368d9dfa4fbf776488653d447) Importer(815301076,1909f56bfc062723c751e8b465ee728b) [PhysX] Initialized MultithreadedTaskDispatcher with 12 workers.
 -> (artifact id: 'ca8c1cb3bcaaf7761da0e7d43eb16b11') in 0.000682 seconds
Number of updated asset objects reloaded before import = 0
Number of asset objects unloaded after import = 0
========================================================================
Received Import Request.
  Time since last request: 0.000350 seconds.
  path: Assets/Prefabs/Main Camera.prefab
  artifactKey: Guid(dca0cd9b6d4e5b544a431fbb4abc8b8e) Importer(815301076,1909f56bfc062723c751e8b465ee728b)
Start importing Assets/Prefabs/Main Camera.prefab using Guid(dca0cd9b6d4e5b544a431fbb4abc8b8e) Importer(815301076,1909f56bfc062723c751e8b465ee728b) [PhysX] Initialized MultithreadedTaskDispatcher with 12 workers.
 -> (artifact id: '1abe0f4b09d8ea70b77db7846a7fa83f') in 0.000762 seconds
Number of updated asset objects reloaded before import = 0
Number of asset objects unloaded after import = 0
========================================================================
Received Import Request.
  Time since last request: 0.000340 seconds.
  path: Assets/Prefabs/Player.prefab
  artifactKey: Guid(c24484f46d838654d9750ca2e68e2349) Importer(815301076,1909f56bfc062723c751e8b465ee728b)
Start importing Assets/Prefabs/Player.prefab using Guid(c24484f46d838654d9750ca2e68e2349) Importer(815301076,1909f56bfc062723c751e8b465ee728b) [PhysX] Initialized MultithreadedTaskDispatcher with 12 workers.
 -> (artifact id: '5035beb55cec9a3ef37e1217130bec7c') in 0.001006 seconds
Number of updated asset objects reloaded before import = 0
Number of asset objects unloaded after import = 0
========================================================================
Received Import Request.
  Time since last request: 0.000110 seconds.
  path: Assets/Prefabs/UiCollisionKey.prefab
  artifactKey: Guid(f15110739299abd4f974d16b87e0a6b5) Importer(815301076,1909f56bfc062723c751e8b465ee728b)
Start importing Assets/Prefabs/UiCollisionKey.prefab using Guid(f15110739299abd4f974d16b87e0a6b5) Importer(815301076,1909f56bfc062723c751e8b465ee728b) [PhysX] Initialized MultithreadedTaskDispatcher with 12 workers.
 -> (artifact id: '4c946ab415aa52b8a2c1fae0f4527e0a') in 0.000584 seconds
Number of updated asset objects reloaded before import = 0
Number of asset objects unloaded after import = 0
========================================================================
Received Import Request.
  Time since last request: 0.000124 seconds.
  path: Assets/Prefabs/UiCollisionReservation.prefab
  artifactKey: Guid(0a01144c74bbc6043ad893ffd2ba8926) Importer(815301076,1909f56bfc062723c751e8b465ee728b)
Start importing Assets/Prefabs/UiCollisionReservation.prefab using Guid(0a01144c74bbc6043ad893ffd2ba8926) Importer(815301076,1909f56bfc062723c751e8b465ee728b) [PhysX] Initialized MultithreadedTaskDispatcher with 12 workers.
 -> (artifact id: 'd2e0713260d04685a2d2d97e5742e5ec') in 0.000543 seconds
Number of updated asset objects reloaded before import = 0
Number of asset objects unloaded after import = 0
========================================================================
Received Prepare
Caller must complete domain reload
Begin MonoManager ReloadAssembly
- Loaded All Assemblies, in  0.881 seconds
Native extension for WindowsStandalone target not found
[Package Manager] Server::EnsureServerProcessIsRunning -- launch failed, reason: Unity was launched with the -noUpm command-line argument
[Package Manager] UpmClient::Send -- Unable to send message (not connected to UPM process).
[Package Manager] Cannot connect to Unity Package Manager local server
Mono: successfully reloaded assembly
- Finished resetting the current domain, in  2.328 seconds
Domain Reload Profiling: 3204ms
	BeginReloadAssembly (280ms)
		ExecutionOrderSort (0ms)
		DisableScriptedObjects (6ms)
		BackupInstance (0ms)
		ReleaseScriptingObjects (0ms)
		CreateAndSetChildDomain (50ms)
	RebuildCommonClasses (61ms)
	RebuildNativeTypeToScriptingClass (31ms)
	initialDomainReloadingComplete (56ms)
	LoadAllAssembliesAndSetupDomain (447ms)
		LoadAssemblies (588ms)
		RebuildTransferFunctionScriptingTraits (0ms)
		AnalyzeDomain (33ms)
			TypeCache.Refresh (10ms)
				TypeCache.ScanAssembly (0ms)
			ScanForSourceGeneratedMonoScriptInfo (0ms)
			ResolveRequiredComponents (21ms)
	FinalizeReload (2329ms)
		ReleaseScriptCaches (0ms)
		RebuildScriptCaches (0ms)
		SetupLoadedEditorAssemblies (1150ms)
			LogAssemblyErrors (0ms)
			InitializePlatformSupportModulesInManaged (18ms)
			SetLoadedEditorAssemblies (7ms)
			RefreshPlugins (0ms)
			BeforeProcessingInitializeOnLoad (157ms)
			ProcessInitializeOnLoadAttributes (887ms)
			ProcessInitializeOnLoadMethodAttributes (48ms)
			AfterProcessingInitializeOnLoad (31ms)
			EditorAssembliesLoaded (0ms)
		ExecutionOrderSort2 (0ms)
		AwakeInstancesAfterBackupRestoration (17ms)
Refreshing native plugins compatible for Editor in 12.28 ms, found 3 plugins.
Preloading 0 native plugins for Editor in 0.00 ms.
Unloading 3302 Unused Serialized files (Serialized files now loaded: 0)
Unloading 14 unused Assets / (98.9 KB). Loaded Objects now: 4015.
Memory consumption went from 127.4 MB to 127.3 MB.
Total: 6.895500 ms (FindLiveObjects: 0.392800 ms CreateObjectMapping: 0.543600 ms MarkObjects: 5.892200 ms  DeleteObjects: 0.065700 ms)

Prepare: number of updated asset objects reloaded= 0
AssetImportParameters requested are different than current active one (requested -> active):
  custom:container-demuxer-ogg: 62fdf1f143b41e24485cea50d1cbac27 -> 
  custom:video-codec-MediaFoundation-h265: 746d11721c4dcdbdad8f713fa42b33f4 -> 
  custom:video-decoder-ogg-theora: a1e56fd34408186e4bbccfd4996cb3dc -> 
  custom:framework-win-MediaFoundation: 216162199b28c13a410421893ffa2e32 -> 
  custom:CustomObjectIndexerAttribute: 9a22284fe3817be447336de3de66b15e -> 
  custom:container-demuxer-webm: 4f35f7cbe854078d1ac9338744f61a02 -> 
  custom:container-muxer-webm: aa71ff27fc2769a1b78a27578f13a17b -> 
  custom:video-decoder-webm-vp8: 9c59270c3fd7afecdb556c50c9e8de78 -> 
  custom:SearchIndexIgnoredProperties: e643bd26f0fe6173181afceb89e7c659 -> 
  custom:AudioImporter_EditorPlatform: d09bf68614088b80899f8185d706f6e7 -> 
  custom:video-encoder-webm-vp8: eb34c28f22e8b96e1ab97ce403110664 -> 
  custom:audio-decoder-ogg-vorbis: bf7c407c2cedff20999df2af8eb42d56 -> 
  custom:audio-encoder-webm-vorbis: bf7c407c2cedff20999df2af8eb42d56 -> 
  custom:scripting/monoscript/fileName/UILookAt.cs: 8faaf52571da5b70ed83187d6c8e471d -> 
  custom:scripting/precompiled-assembly-types:Assembly-CSharp: 8734a268f6a09ac2dcfa063f74100be8 -> 12232df095ec81a39cbb81c15ff83476
========================================================================
Received Import Request.
  Time since last request: 16.433623 seconds.
  path: Assets/Prefabs/Main Camera.prefab
  artifactKey: Guid(dca0cd9b6d4e5b544a431fbb4abc8b8e) Importer(815301076,1909f56bfc062723c751e8b465ee728b)
Start importing Assets/Prefabs/Main Camera.prefab using Guid(dca0cd9b6d4e5b544a431fbb4abc8b8e) Importer(815301076,1909f56bfc062723c751e8b465ee728b) [PhysX] Initialized MultithreadedTaskDispatcher with 12 workers.
 -> (artifact id: '1abe0f4b09d8ea70b77db7846a7fa83f') in 0.003623 seconds
Number of updated asset objects reloaded before import = 0
Number of asset objects unloaded after import = 0
========================================================================
Received Import Request.
  Time since last request: 0.000035 seconds.
  path: Assets/Prefabs/Cube.prefab
  artifactKey: Guid(2f3f3ddaa08afe048ba9a096ac2b9bbb) Importer(815301076,1909f56bfc062723c751e8b465ee728b)
Start importing Assets/Prefabs/Cube.prefab using Guid(2f3f3ddaa08afe048ba9a096ac2b9bbb) Importer(815301076,1909f56bfc062723c751e8b465ee728b) [PhysX] Initialized MultithreadedTaskDispatcher with 12 workers.
 -> (artifact id: '63e1a2c6c5f85ce7e59124fe68d4d1ba') in 0.000857 seconds
Number of updated asset objects reloaded before import = 0
Number of asset objects unloaded after import = 0
========================================================================
Received Import Request.
  Time since last request: 0.000022 seconds.
  path: Assets/Prefabs/UiCollisionReservation.prefab
  artifactKey: Guid(0a01144c74bbc6043ad893ffd2ba8926) Importer(815301076,1909f56bfc062723c751e8b465ee728b)
Start importing Assets/Prefabs/UiCollisionReservation.prefab using Guid(0a01144c74bbc6043ad893ffd2ba8926) Importer(815301076,1909f56bfc062723c751e8b465ee728b) [PhysX] Initialized MultithreadedTaskDispatcher with 12 workers.
 -> (artifact id: 'd2e0713260d04685a2d2d97e5742e5ec') in 0.000542 seconds
Number of updated asset objects reloaded before import = 0
Number of asset objects unloaded after import = 0
========================================================================
Received Import Request.
  Time since last request: 0.000020 seconds.
  path: Assets/Prefabs/Player.prefab
  artifactKey: Guid(c24484f46d838654d9750ca2e68e2349) Importer(815301076,1909f56bfc062723c751e8b465ee728b)
Start importing Assets/Prefabs/Player.prefab using Guid(c24484f46d838654d9750ca2e68e2349) Importer(815301076,1909f56bfc062723c751e8b465ee728b) [PhysX] Initialized MultithreadedTaskDispatcher with 12 workers.
 -> (artifact id: '5035beb55cec9a3ef37e1217130bec7c') in 0.004097 seconds
Number of updated asset objects reloaded before import = 0
Number of asset objects unloaded after import = 0
========================================================================
Received Import Request.
  Time since last request: 114.224226 seconds.
  path: Assets/Prefabs/Cube.prefab
  artifactKey: Guid(2f3f3ddaa08afe048ba9a096ac2b9bbb) Importer(815301076,1909f56bfc062723c751e8b465ee728b)
Start importing Assets/Prefabs/Cube.prefab using Guid(2f3f3ddaa08afe048ba9a096ac2b9bbb) Importer(815301076,1909f56bfc062723c751e8b465ee728b) [PhysX] Initialized MultithreadedTaskDispatcher with 12 workers.
 -> (artifact id: '63e1a2c6c5f85ce7e59124fe68d4d1ba') in 0.000644 seconds
Number of updated asset objects reloaded before import = 0
Number of asset objects unloaded after import = 0
========================================================================
Received Import Request.
  Time since last request: 0.000033 seconds.
  path: Assets/Prefabs/customer_reservation.prefab
  artifactKey: Guid(a87820c368d9dfa4fbf776488653d447) Importer(815301076,1909f56bfc062723c751e8b465ee728b)
Start importing Assets/Prefabs/customer_reservation.prefab using Guid(a87820c368d9dfa4fbf776488653d447) Importer(815301076,1909f56bfc062723c751e8b465ee728b) [PhysX] Initialized MultithreadedTaskDispatcher with 12 workers.
 -> (artifact id: 'ca8c1cb3bcaaf7761da0e7d43eb16b11') in 0.000544 seconds
Number of updated asset objects reloaded before import = 0
Number of asset objects unloaded after import = 0
========================================================================
Received Import Request.
  Time since last request: 0.000222 seconds.
  path: Assets/Prefabs/Main Camera.prefab
  artifactKey: Guid(dca0cd9b6d4e5b544a431fbb4abc8b8e) Importer(815301076,1909f56bfc062723c751e8b465ee728b)
Start importing Assets/Prefabs/Main Camera.prefab using Guid(dca0cd9b6d4e5b544a431fbb4abc8b8e) Importer(815301076,1909f56bfc062723c751e8b465ee728b) [PhysX] Initialized MultithreadedTaskDispatcher with 12 workers.
 -> (artifact id: '1abe0f4b09d8ea70b77db7846a7fa83f') in 0.000603 seconds
Number of updated asset objects reloaded before import = 0
Number of asset objects unloaded after import = 0
========================================================================
Received Import Request.
  Time since last request: 0.000414 seconds.
  path: Assets/Prefabs/RayCasting.prefab
  artifactKey: Guid(0279262f6fe551a4583662e08f50bd2c) Importer(815301076,1909f56bfc062723c751e8b465ee728b)
Start importing Assets/Prefabs/RayCasting.prefab using Guid(0279262f6fe551a4583662e08f50bd2c) Importer(815301076,1909f56bfc062723c751e8b465ee728b) [PhysX] Initialized MultithreadedTaskDispatcher with 12 workers.
 -> (artifact id: '355f8e6e9f253d5bc57a8aabbe7933dc') in 0.000447 seconds
Number of updated asset objects reloaded before import = 0
Number of asset objects unloaded after import = 0
========================================================================
Received Import Request.
  Time since last request: 0.000077 seconds.
  path: Assets/Prefabs/UiCollisionLuggage.prefab
  artifactKey: Guid(76863a42cfe9518409b130cde1fbfc45) Importer(815301076,1909f56bfc062723c751e8b465ee728b)
Start importing Assets/Prefabs/UiCollisionLuggage.prefab using Guid(76863a42cfe9518409b130cde1fbfc45) Importer(815301076,1909f56bfc062723c751e8b465ee728b) [PhysX] Initialized MultithreadedTaskDispatcher with 12 workers.
 -> (artifact id: '769f96a58268061b696ac9904cac3cab') in 0.000459 seconds
Number of updated asset objects reloaded before import = 0
Number of asset objects unloaded after import = 0
========================================================================
Received Import Request.
  Time since last request: 115.916084 seconds.
  path: Assets/Prefabs/Cube.prefab
  artifactKey: Guid(2f3f3ddaa08afe048ba9a096ac2b9bbb) Importer(815301076,1909f56bfc062723c751e8b465ee728b)
Start importing Assets/Prefabs/Cube.prefab using Guid(2f3f3ddaa08afe048ba9a096ac2b9bbb) Importer(815301076,1909f56bfc062723c751e8b465ee728b) [PhysX] Initialized MultithreadedTaskDispatcher with 12 workers.
 -> (artifact id: '63e1a2c6c5f85ce7e59124fe68d4d1ba') in 0.001056 seconds
Number of updated asset objects reloaded before import = 0
Number of asset objects unloaded after import = 0
========================================================================
Received Import Request.
  Time since last request: 0.000115 seconds.
  path: Assets/Prefabs/customer_reservation.prefab
  artifactKey: Guid(a87820c368d9dfa4fbf776488653d447) Importer(815301076,1909f56bfc062723c751e8b465ee728b)
Start importing Assets/Prefabs/customer_reservation.prefab using Guid(a87820c368d9dfa4fbf776488653d447) Importer(815301076,1909f56bfc062723c751e8b465ee728b) [PhysX] Initialized MultithreadedTaskDispatcher with 12 workers.
 -> (artifact id: 'ca8c1cb3bcaaf7761da0e7d43eb16b11') in 0.001756 seconds
Number of updated asset objects reloaded before import = 0
Number of asset objects unloaded after import = 0
========================================================================
Received Import Request.
  Time since last request: 0.000102 seconds.
  path: Assets/Prefabs/RayCasting.prefab
  artifactKey: Guid(0279262f6fe551a4583662e08f50bd2c) Importer(815301076,1909f56bfc062723c751e8b465ee728b)
Start importing Assets/Prefabs/RayCasting.prefab using Guid(0279262f6fe551a4583662e08f50bd2c) Importer(815301076,1909f56bfc062723c751e8b465ee728b) [PhysX] Initialized MultithreadedTaskDispatcher with 12 workers.
 -> (artifact id: '355f8e6e9f253d5bc57a8aabbe7933dc') in 0.000616 seconds
Number of updated asset objects reloaded before import = 0
Number of asset objects unloaded after import = 0
========================================================================
Received Import Request.
  Time since last request: 0.000081 seconds.
  path: Assets/Prefabs/UiCollisionLuggage.prefab
  artifactKey: Guid(76863a42cfe9518409b130cde1fbfc45) Importer(815301076,1909f56bfc062723c751e8b465ee728b)
Start importing Assets/Prefabs/UiCollisionLuggage.prefab using Guid(76863a42cfe9518409b130cde1fbfc45) Importer(815301076,1909f56bfc062723c751e8b465ee728b) [PhysX] Initialized MultithreadedTaskDispatcher with 12 workers.
 -> (artifact id: '769f96a58268061b696ac9904cac3cab') in 0.000969 seconds
Number of updated asset objects reloaded before import = 0
Number of asset objects unloaded after import = 0
========================================================================
Received Import Request.
  Time since last request: 0.000028 seconds.
  path: Assets/Prefabs/Player.prefab
  artifactKey: Guid(c24484f46d838654d9750ca2e68e2349) Importer(815301076,1909f56bfc062723c751e8b465ee728b)
Start importing Assets/Prefabs/Player.prefab using Guid(c24484f46d838654d9750ca2e68e2349) Importer(815301076,1909f56bfc062723c751e8b465ee728b) [PhysX] Initialized MultithreadedTaskDispatcher with 12 workers.
 -> (artifact id: '5035beb55cec9a3ef37e1217130bec7c') in 0.001254 seconds
Number of updated asset objects reloaded before import = 0
Number of asset objects unloaded after import = 0
========================================================================
Received Import Request.
  Time since last request: 3.823886 seconds.
  path: Assets/Prefabs/Cube.prefab
  artifactKey: Guid(2f3f3ddaa08afe048ba9a096ac2b9bbb) Importer(815301076,1909f56bfc062723c751e8b465ee728b)
Start importing Assets/Prefabs/Cube.prefab using Guid(2f3f3ddaa08afe048ba9a096ac2b9bbb) Importer(815301076,1909f56bfc062723c751e8b465ee728b) [PhysX] Initialized MultithreadedTaskDispatcher with 12 workers.
 -> (artifact id: '63e1a2c6c5f85ce7e59124fe68d4d1ba') in 0.000557 seconds
Number of updated asset objects reloaded before import = 0
Number of asset objects unloaded after import = 0
========================================================================
Received Import Request.
  Time since last request: 0.000160 seconds.
  path: Assets/Prefabs/customer_reservation.prefab
  artifactKey: Guid(a87820c368d9dfa4fbf776488653d447) Importer(815301076,1909f56bfc062723c751e8b465ee728b)
Start importing Assets/Prefabs/customer_reservation.prefab using Guid(a87820c368d9dfa4fbf776488653d447) Importer(815301076,1909f56bfc062723c751e8b465ee728b) [PhysX] Initialized MultithreadedTaskDispatcher with 12 workers.
 -> (artifact id: 'ca8c1cb3bcaaf7761da0e7d43eb16b11') in 0.003610 seconds
Number of updated asset objects reloaded before import = 0
Number of asset objects unloaded after import = 0
========================================================================
Received Import Request.
  Time since last request: 0.000029 seconds.
  path: Assets/Prefabs/RayCasting.prefab
  artifactKey: Guid(0279262f6fe551a4583662e08f50bd2c) Importer(815301076,1909f56bfc062723c751e8b465ee728b)
Start importing Assets/Prefabs/RayCasting.prefab using Guid(0279262f6fe551a4583662e08f50bd2c) Importer(815301076,1909f56bfc062723c751e8b465ee728b) [PhysX] Initialized MultithreadedTaskDispatcher with 12 workers.
 -> (artifact id: '355f8e6e9f253d5bc57a8aabbe7933dc') in 0.000967 seconds
Number of updated asset objects reloaded before import = 0
Number of asset objects unloaded after import = 0
========================================================================
Received Import Request.
  Time since last request: 0.000111 seconds.
  path: Assets/Prefabs/UiCollisionLuggage.prefab
  artifactKey: Guid(76863a42cfe9518409b130cde1fbfc45) Importer(815301076,1909f56bfc062723c751e8b465ee728b)
Start importing Assets/Prefabs/UiCollisionLuggage.prefab using Guid(76863a42cfe9518409b130cde1fbfc45) Importer(815301076,1909f56bfc062723c751e8b465ee728b) [PhysX] Initialized MultithreadedTaskDispatcher with 12 workers.
 -> (artifact id: '769f96a58268061b696ac9904cac3cab') in 0.000595 seconds
Number of updated asset objects reloaded before import = 0
Number of asset objects unloaded after import = 0
========================================================================
Received Import Request.
  Time since last request: 0.000119 seconds.
  path: Assets/Prefabs/Player.prefab
  artifactKey: Guid(c24484f46d838654d9750ca2e68e2349) Importer(815301076,1909f56bfc062723c751e8b465ee728b)
Start importing Assets/Prefabs/Player.prefab using Guid(c24484f46d838654d9750ca2e68e2349) Importer(815301076,1909f56bfc062723c751e8b465ee728b) [PhysX] Initialized MultithreadedTaskDispatcher with 12 workers.
 -> (artifact id: '5035beb55cec9a3ef37e1217130bec7c') in 0.000533 seconds
Number of updated asset objects reloaded before import = 0
Number of asset objects unloaded after import = 0
========================================================================
Received Import Request.
  Time since last request: 1.830923 seconds.
  path: Assets/Prefabs/Cube.prefab
  artifactKey: Guid(2f3f3ddaa08afe048ba9a096ac2b9bbb) Importer(815301076,1909f56bfc062723c751e8b465ee728b)
Start importing Assets/Prefabs/Cube.prefab using Guid(2f3f3ddaa08afe048ba9a096ac2b9bbb) Importer(815301076,1909f56bfc062723c751e8b465ee728b) [PhysX] Initialized MultithreadedTaskDispatcher with 12 workers.
 -> (artifact id: '63e1a2c6c5f85ce7e59124fe68d4d1ba') in 0.000593 seconds
Number of updated asset objects reloaded before import = 0
Number of asset objects unloaded after import = 0
========================================================================
Received Import Request.
  Time since last request: 0.000099 seconds.
  path: Assets/Prefabs/customer_reservation.prefab
  artifactKey: Guid(a87820c368d9dfa4fbf776488653d447) Importer(815301076,1909f56bfc062723c751e8b465ee728b)
Start importing Assets/Prefabs/customer_reservation.prefab using Guid(a87820c368d9dfa4fbf776488653d447) Importer(815301076,1909f56bfc062723c751e8b465ee728b) [PhysX] Initialized MultithreadedTaskDispatcher with 12 workers.
 -> (artifact id: 'ca8c1cb3bcaaf7761da0e7d43eb16b11') in 0.000454 seconds
Number of updated asset objects reloaded before import = 0
Number of asset objects unloaded after import = 0
========================================================================
Received Import Request.
  Time since last request: 0.000191 seconds.
  path: Assets/Prefabs/Main Camera.prefab
  artifactKey: Guid(dca0cd9b6d4e5b544a431fbb4abc8b8e) Importer(815301076,1909f56bfc062723c751e8b465ee728b)
Start importing Assets/Prefabs/Main Camera.prefab using Guid(dca0cd9b6d4e5b544a431fbb4abc8b8e) Importer(815301076,1909f56bfc062723c751e8b465ee728b) [PhysX] Initialized MultithreadedTaskDispatcher with 12 workers.
 -> (artifact id: '1abe0f4b09d8ea70b77db7846a7fa83f') in 0.000413 seconds
Number of updated asset objects reloaded before import = 0
Number of asset objects unloaded after import = 0
========================================================================
Received Import Request.
  Time since last request: 0.000394 seconds.
  path: Assets/Prefabs/RayCasting.prefab
  artifactKey: Guid(0279262f6fe551a4583662e08f50bd2c) Importer(815301076,1909f56bfc062723c751e8b465ee728b)
Start importing Assets/Prefabs/RayCasting.prefab using Guid(0279262f6fe551a4583662e08f50bd2c) Importer(815301076,1909f56bfc062723c751e8b465ee728b) [PhysX] Initialized MultithreadedTaskDispatcher with 12 workers.
 -> (artifact id: '355f8e6e9f253d5bc57a8aabbe7933dc') in 0.000462 seconds
Number of updated asset objects reloaded before import = 0
Number of asset objects unloaded after import = 0
========================================================================
Received Import Request.
  Time since last request: 0.000028 seconds.
  path: Assets/Prefabs/UiCollisionLuggage.prefab
  artifactKey: Guid(76863a42cfe9518409b130cde1fbfc45) Importer(815301076,1909f56bfc062723c751e8b465ee728b)
Start importing Assets/Prefabs/UiCollisionLuggage.prefab using Guid(76863a42cfe9518409b130cde1fbfc45) Importer(815301076,1909f56bfc062723c751e8b465ee728b) [PhysX] Initialized MultithreadedTaskDispatcher with 12 workers.
 -> (artifact id: '769f96a58268061b696ac9904cac3cab') in 0.000601 seconds
Number of updated asset objects reloaded before import = 0
Number of asset objects unloaded after import = 0
========================================================================
Received Import Request.
  Time since last request: 61.809638 seconds.
  path: Assets/TextMesh Pro/Examples & Extras/Materials/Ground - Surface Shader Scene.mat
  artifactKey: Guid(aadd5a709a48466c887296bb5b1b8110) Importer(815301076,1909f56bfc062723c751e8b465ee728b)
Start importing Assets/TextMesh Pro/Examples & Extras/Materials/Ground - Surface Shader Scene.mat using Guid(aadd5a709a48466c887296bb5b1b8110) Importer(815301076,1909f56bfc062723c751e8b465ee728b) [PhysX] Initialized MultithreadedTaskDispatcher with 12 workers.
[PhysX] Initialized MultithreadedTaskDispatcher with 12 workers.
 -> (artifact id: '36ee19b9fc5f2a9737fc2241e648e6d8') in 0.107737 seconds
Number of updated asset objects reloaded before import = 0
Number of asset objects unloaded after import = 2
========================================================================
Received Import Request.
  Time since last request: 0.000019 seconds.
  path: Assets/TextMesh Pro/Resources/Fonts & Materials/LiberationSans SDF - Outline.mat
  artifactKey: Guid(79459efec17a4d00a321bdcc27bbc385) Importer(815301076,1909f56bfc062723c751e8b465ee728b)
Start importing Assets/TextMesh Pro/Resources/Fonts & Materials/LiberationSans SDF - Outline.mat using Guid(79459efec17a4d00a321bdcc27bbc385) Importer(815301076,1909f56bfc062723c751e8b465ee728b) [PhysX] Initialized MultithreadedTaskDispatcher with 12 workers.
[PhysX] Initialized MultithreadedTaskDispatcher with 12 workers.
 -> (artifact id: '57122ba18f9ffb143b16e56f038f6d07') in 0.122671 seconds
Number of updated asset objects reloaded before import = 0
Number of asset objects unloaded after import = 2
========================================================================
Received Import Request.
  Time since last request: 0.000020 seconds.
  path: Assets/Material/New Material 1.mat
  artifactKey: Guid(a1dd8726741c10148864d1ed33faa92b) Importer(815301076,1909f56bfc062723c751e8b465ee728b)
Start importing Assets/Material/New Material 1.mat using Guid(a1dd8726741c10148864d1ed33faa92b) Importer(815301076,1909f56bfc062723c751e8b465ee728b) [PhysX] Initialized MultithreadedTaskDispatcher with 12 workers.
[PhysX] Initialized MultithreadedTaskDispatcher with 12 workers.
 -> (artifact id: 'd5b110a4b612651e154436b03c973365') in 0.019167 seconds
Number of updated asset objects reloaded before import = 0
Number of asset objects unloaded after import = 1
========================================================================
Received Import Request.
  Time since last request: 0.000032 seconds.
  path: Assets/Material/New Material.mat
  artifactKey: Guid(4a443ab868fddde458e4f77aca9c319e) Importer(815301076,1909f56bfc062723c751e8b465ee728b)
Start importing Assets/Material/New Material.mat using Guid(4a443ab868fddde458e4f77aca9c319e) Importer(815301076,1909f56bfc062723c751e8b465ee728b) [PhysX] Initialized MultithreadedTaskDispatcher with 12 workers.
[PhysX] Initialized MultithreadedTaskDispatcher with 12 workers.
 -> (artifact id: 'ac79d643949e89909107aec885ac15d1') in 0.009138 seconds
Number of updated asset objects reloaded before import = 0
Number of asset objects unloaded after import = 1
========================================================================
Received Import Request.
  Time since last request: 0.000145 seconds.
  path: Assets/TextMesh Pro/Resources/Fonts & Materials/LiberationSans SDF.asset
  artifactKey: Guid(8f586378b4e144a9851e7b34d9b748ee) Importer(815301076,1909f56bfc062723c751e8b465ee728b)
Start importing Assets/TextMesh Pro/Resources/Fonts & Materials/LiberationSans SDF.asset using Guid(8f586378b4e144a9851e7b34d9b748ee) Importer(815301076,1909f56bfc062723c751e8b465ee728b) [PhysX] Initialized MultithreadedTaskDispatcher with 12 workers.
[PhysX] Initialized MultithreadedTaskDispatcher with 12 workers.
[PhysX] Initialized MultithreadedTaskDispatcher with 12 workers.
 -> (artifact id: 'd2123ac4659da689fe841b1a6861b608') in 0.077412 seconds
Number of updated asset objects reloaded before import = 0
Number of asset objects unloaded after import = 9
========================================================================
Received Import Request.
  Time since last request: 0.000028 seconds.
  path: Assets/TextMesh Pro/Examples & Extras/Resources/Fonts & Materials/LiberationSans SDF - Metalic Green.mat
  artifactKey: Guid(8b29aaa3eec7468097ff07adfcf29ac9) Importer(815301076,1909f56bfc062723c751e8b465ee728b)
Start importing Assets/TextMesh Pro/Examples & Extras/Resources/Fonts & Materials/LiberationSans SDF - Metalic Green.mat using Guid(8b29aaa3eec7468097ff07adfcf29ac9) Importer(815301076,1909f56bfc062723c751e8b465ee728b) [PhysX] Initialized MultithreadedTaskDispatcher with 12 workers.
[PhysX] Initialized MultithreadedTaskDispatcher with 12 workers.
 -> (artifact id: '038818b18a2d22a8992c130f03eebc32') in 0.163503 seconds
Number of updated asset objects reloaded before import = 0
Number of asset objects unloaded after import = 4
========================================================================
Received Import Request.
  Time since last request: 48.398597 seconds.
  path: Assets/Prefabs
  artifactKey: Guid(87dd46934ccc14ab5bd0b68d19f7ca03) Importer(815301076,1909f56bfc062723c751e8b465ee728b)
Start importing Assets/Prefabs using Guid(87dd46934ccc14ab5bd0b68d19f7ca03) Importer(815301076,1909f56bfc062723c751e8b465ee728b) [PhysX] Initialized MultithreadedTaskDispatcher with 12 workers.
 -> (artifact id: 'f40477f75e4162e6760fef5a4f4ff3ff') in 0.003681 seconds
Number of updated asset objects reloaded before import = 0
Number of asset objects unloaded after import = 0
========================================================================
Received Import Request.
  Time since last request: 33.853219 seconds.
  path: Assets/Prefabs/Cube.prefab
  artifactKey: Guid(2f3f3ddaa08afe048ba9a096ac2b9bbb) Importer(815301076,1909f56bfc062723c751e8b465ee728b)
Start importing Assets/Prefabs/Cube.prefab using Guid(2f3f3ddaa08afe048ba9a096ac2b9bbb) Importer(815301076,1909f56bfc062723c751e8b465ee728b) [PhysX] Initialized MultithreadedTaskDispatcher with 12 workers.
 -> (artifact id: '63e1a2c6c5f85ce7e59124fe68d4d1ba') in 0.000706 seconds
Number of updated asset objects reloaded before import = 0
Number of asset objects unloaded after import = 0
========================================================================
Received Import Request.
  Time since last request: 0.000096 seconds.
  path: Assets/Prefabs/customer_reservation.prefab
  artifactKey: Guid(a87820c368d9dfa4fbf776488653d447) Importer(815301076,1909f56bfc062723c751e8b465ee728b)
Start importing Assets/Prefabs/customer_reservation.prefab using Guid(a87820c368d9dfa4fbf776488653d447) Importer(815301076,1909f56bfc062723c751e8b465ee728b) [PhysX] Initialized MultithreadedTaskDispatcher with 12 workers.
 -> (artifact id: 'ca8c1cb3bcaaf7761da0e7d43eb16b11') in 0.000467 seconds
Number of updated asset objects reloaded before import = 0
Number of asset objects unloaded after import = 0
========================================================================
Received Import Request.
  Time since last request: 0.005591 seconds.
  path: Assets/Prefabs/Main Camera.prefab
  artifactKey: Guid(dca0cd9b6d4e5b544a431fbb4abc8b8e) Importer(815301076,1909f56bfc062723c751e8b465ee728b)
Start importing Assets/Prefabs/Main Camera.prefab using Guid(dca0cd9b6d4e5b544a431fbb4abc8b8e) Importer(815301076,1909f56bfc062723c751e8b465ee728b) [PhysX] Initialized MultithreadedTaskDispatcher with 12 workers.
 -> (artifact id: '1abe0f4b09d8ea70b77db7846a7fa83f') in 0.000506 seconds
Number of updated asset objects reloaded before import = 0
Number of asset objects unloaded after import = 0
========================================================================
Received Import Request.
  Time since last request: 0.000302 seconds.
  path: Assets/Prefabs/RayCasting.prefab
  artifactKey: Guid(0279262f6fe551a4583662e08f50bd2c) Importer(815301076,1909f56bfc062723c751e8b465ee728b)
Start importing Assets/Prefabs/RayCasting.prefab using Guid(0279262f6fe551a4583662e08f50bd2c) Importer(815301076,1909f56bfc062723c751e8b465ee728b) [PhysX] Initialized MultithreadedTaskDispatcher with 12 workers.
 -> (artifact id: '355f8e6e9f253d5bc57a8aabbe7933dc') in 0.000558 seconds
Number of updated asset objects reloaded before import = 0
Number of asset objects unloaded after import = 0
========================================================================
Received Import Request.
  Time since last request: 0.000143 seconds.
  path: Assets/Prefabs/UiCollisionLuggage.prefab
  artifactKey: Guid(76863a42cfe9518409b130cde1fbfc45) Importer(815301076,1909f56bfc062723c751e8b465ee728b)
Start importing Assets/Prefabs/UiCollisionLuggage.prefab using Guid(76863a42cfe9518409b130cde1fbfc45) Importer(815301076,1909f56bfc062723c751e8b465ee728b) [PhysX] Initialized MultithreadedTaskDispatcher with 12 workers.
 -> (artifact id: '769f96a58268061b696ac9904cac3cab') in 0.000451 seconds
Number of updated asset objects reloaded before import = 0
Number of asset objects unloaded after import = 0
========================================================================
Received Import Request.
  Time since last request: 7.091216 seconds.
  path: Assets/Prefabs/Cube.prefab
  artifactKey: Guid(2f3f3ddaa08afe048ba9a096ac2b9bbb) Importer(815301076,1909f56bfc062723c751e8b465ee728b)
Start importing Assets/Prefabs/Cube.prefab using Guid(2f3f3ddaa08afe048ba9a096ac2b9bbb) Importer(815301076,1909f56bfc062723c751e8b465ee728b) [PhysX] Initialized MultithreadedTaskDispatcher with 12 workers.
 -> (artifact id: '63e1a2c6c5f85ce7e59124fe68d4d1ba') in 0.001064 seconds
Number of updated asset objects reloaded before import = 0
Number of asset objects unloaded after import = 0
========================================================================
Received Import Request.
  Time since last request: 0.000024 seconds.
  path: Assets/Prefabs/customer_luggage.prefab
  artifactKey: Guid(8966d6666d84adf49aae546fced840ee) Importer(815301076,1909f56bfc062723c751e8b465ee728b)
Start importing Assets/Prefabs/customer_luggage.prefab using Guid(8966d6666d84adf49aae546fced840ee) Importer(815301076,1909f56bfc062723c751e8b465ee728b) [PhysX] Initialized MultithreadedTaskDispatcher with 12 workers.
 -> (artifact id: 'c230e2eb73494bb339ce080a10223ba5') in 0.001108 seconds
Number of updated asset objects reloaded before import = 0
Number of asset objects unloaded after import = 0
========================================================================
Received Import Request.
  Time since last request: 0.003388 seconds.
  path: Assets/Prefabs/Main Camera.prefab
  artifactKey: Guid(dca0cd9b6d4e5b544a431fbb4abc8b8e) Importer(815301076,1909f56bfc062723c751e8b465ee728b)
Start importing Assets/Prefabs/Main Camera.prefab using Guid(dca0cd9b6d4e5b544a431fbb4abc8b8e) Importer(815301076,1909f56bfc062723c751e8b465ee728b) [PhysX] Initialized MultithreadedTaskDispatcher with 12 workers.
 -> (artifact id: '1abe0f4b09d8ea70b77db7846a7fa83f') in 0.000502 seconds
Number of updated asset objects reloaded before import = 0
Number of asset objects unloaded after import = 0
========================================================================
Received Import Request.
  Time since last request: 0.000423 seconds.
  path: Assets/Prefabs/RayCasting.prefab
  artifactKey: Guid(0279262f6fe551a4583662e08f50bd2c) Importer(815301076,1909f56bfc062723c751e8b465ee728b)
Start importing Assets/Prefabs/RayCasting.prefab using Guid(0279262f6fe551a4583662e08f50bd2c) Importer(815301076,1909f56bfc062723c751e8b465ee728b) [PhysX] Initialized MultithreadedTaskDispatcher with 12 workers.
 -> (artifact id: '355f8e6e9f253d5bc57a8aabbe7933dc') in 0.000410 seconds
Number of updated asset objects reloaded before import = 0
Number of asset objects unloaded after import = 0
========================================================================
Received Import Request.
  Time since last request: 0.000143 seconds.
  path: Assets/Prefabs/UiCollisionLuggage.prefab
  artifactKey: Guid(76863a42cfe9518409b130cde1fbfc45) Importer(815301076,1909f56bfc062723c751e8b465ee728b)
Start importing Assets/Prefabs/UiCollisionLuggage.prefab using Guid(76863a42cfe9518409b130cde1fbfc45) Importer(815301076,1909f56bfc062723c751e8b465ee728b) [PhysX] Initialized MultithreadedTaskDispatcher with 12 workers.
 -> (artifact id: '769f96a58268061b696ac9904cac3cab') in 0.000509 seconds
Number of updated asset objects reloaded before import = 0
Number of asset objects unloaded after import = 0
========================================================================
Received Import Request.
  Time since last request: 17.673253 seconds.
  path: Assets/Prefabs/Cube.prefab
  artifactKey: Guid(2f3f3ddaa08afe048ba9a096ac2b9bbb) Importer(815301076,1909f56bfc062723c751e8b465ee728b)
Start importing Assets/Prefabs/Cube.prefab using Guid(2f3f3ddaa08afe048ba9a096ac2b9bbb) Importer(815301076,1909f56bfc062723c751e8b465ee728b) [PhysX] Initialized MultithreadedTaskDispatcher with 12 workers.
 -> (artifact id: '63e1a2c6c5f85ce7e59124fe68d4d1ba') in 0.000552 seconds
Number of updated asset objects reloaded before import = 0
Number of asset objects unloaded after import = 0
========================================================================
Received Import Request.
  Time since last request: 0.000157 seconds.
  path: Assets/Prefabs/customer_reservation.prefab
  artifactKey: Guid(a87820c368d9dfa4fbf776488653d447) Importer(815301076,1909f56bfc062723c751e8b465ee728b)
Start importing Assets/Prefabs/customer_reservation.prefab using Guid(a87820c368d9dfa4fbf776488653d447) Importer(815301076,1909f56bfc062723c751e8b465ee728b) [PhysX] Initialized MultithreadedTaskDispatcher with 12 workers.
 -> (artifact id: 'ca8c1cb3bcaaf7761da0e7d43eb16b11') in 0.000459 seconds
Number of updated asset objects reloaded before import = 0
Number of asset objects unloaded after import = 0
========================================================================
Received Import Request.
  Time since last request: 0.000413 seconds.
  path: Assets/Prefabs/Main Camera.prefab
  artifactKey: Guid(dca0cd9b6d4e5b544a431fbb4abc8b8e) Importer(815301076,1909f56bfc062723c751e8b465ee728b)
Start importing Assets/Prefabs/Main Camera.prefab using Guid(dca0cd9b6d4e5b544a431fbb4abc8b8e) Importer(815301076,1909f56bfc062723c751e8b465ee728b) [PhysX] Initialized MultithreadedTaskDispatcher with 12 workers.
 -> (artifact id: '1abe0f4b09d8ea70b77db7846a7fa83f') in 0.000567 seconds
Number of updated asset objects reloaded before import = 0
Number of asset objects unloaded after import = 0
========================================================================
Received Import Request.
  Time since last request: 0.000091 seconds.
  path: Assets/Prefabs/Player.prefab
  artifactKey: Guid(c24484f46d838654d9750ca2e68e2349) Importer(815301076,1909f56bfc062723c751e8b465ee728b)
Start importing Assets/Prefabs/Player.prefab using Guid(c24484f46d838654d9750ca2e68e2349) Importer(815301076,1909f56bfc062723c751e8b465ee728b) [PhysX] Initialized MultithreadedTaskDispatcher with 12 workers.
 -> (artifact id: '5035beb55cec9a3ef37e1217130bec7c') in 0.000415 seconds
Number of updated asset objects reloaded before import = 0
Number of asset objects unloaded after import = 0
========================================================================
Received Import Request.
  Time since last request: 0.000012 seconds.
  path: Assets/Prefabs/RayCasting.prefab
  artifactKey: Guid(0279262f6fe551a4583662e08f50bd2c) Importer(815301076,1909f56bfc062723c751e8b465ee728b)
Start importing Assets/Prefabs/RayCasting.prefab using Guid(0279262f6fe551a4583662e08f50bd2c) Importer(815301076,1909f56bfc062723c751e8b465ee728b) [PhysX] Initialized MultithreadedTaskDispatcher with 12 workers.
 -> (artifact id: '355f8e6e9f253d5bc57a8aabbe7933dc') in 0.000398 seconds
Number of updated asset objects reloaded before import = 0
Number of asset objects unloaded after import = 0
========================================================================
Received Import Request.
  Time since last request: 0.000012 seconds.
  path: Assets/Prefabs/UiCollisionKey.prefab
  artifactKey: Guid(f15110739299abd4f974d16b87e0a6b5) Importer(815301076,1909f56bfc062723c751e8b465ee728b)
Start importing Assets/Prefabs/UiCollisionKey.prefab using Guid(f15110739299abd4f974d16b87e0a6b5) Importer(815301076,1909f56bfc062723c751e8b465ee728b) [PhysX] Initialized MultithreadedTaskDispatcher with 12 workers.
 -> (artifact id: '4c946ab415aa52b8a2c1fae0f4527e0a') in 0.000434 seconds
Number of updated asset objects reloaded before import = 0
Number of asset objects unloaded after import = 0
========================================================================
Received Import Request.
  Time since last request: 0.000013 seconds.
  path: Assets/Prefabs/UiCollisionLuggage.prefab
  artifactKey: Guid(76863a42cfe9518409b130cde1fbfc45) Importer(815301076,1909f56bfc062723c751e8b465ee728b)
Start importing Assets/Prefabs/UiCollisionLuggage.prefab using Guid(76863a42cfe9518409b130cde1fbfc45) Importer(815301076,1909f56bfc062723c751e8b465ee728b) [PhysX] Initialized MultithreadedTaskDispatcher with 12 workers.
 -> (artifact id: '769f96a58268061b696ac9904cac3cab') in 0.000413 seconds
Number of updated asset objects reloaded before import = 0
Number of asset objects unloaded after import = 0
========================================================================
Received Import Request.
  Time since last request: 0.001034 seconds.
  path: Assets/Prefabs/UiCollisionReservation.prefab
  artifactKey: Guid(0a01144c74bbc6043ad893ffd2ba8926) Importer(815301076,1909f56bfc062723c751e8b465ee728b)
Start importing Assets/Prefabs/UiCollisionReservation.prefab using Guid(0a01144c74bbc6043ad893ffd2ba8926) Importer(815301076,1909f56bfc062723c751e8b465ee728b) [PhysX] Initialized MultithreadedTaskDispatcher with 12 workers.
 -> (artifact id: 'd2e0713260d04685a2d2d97e5742e5ec') in 0.000812 seconds
Number of updated asset objects reloaded before import = 0
Number of asset objects unloaded after import = 0
========================================================================
Received Prepare
Caller must complete domain reload
Begin MonoManager ReloadAssembly
- Loaded All Assemblies, in  0.759 seconds
Native extension for WindowsStandalone target not found
[Package Manager] Server::EnsureServerProcessIsRunning -- launch failed, reason: Unity was launched with the -noUpm command-line argument
[Package Manager] UpmClient::Send -- Unable to send message (not connected to UPM process).
[Package Manager] Cannot connect to Unity Package Manager local server
Mono: successfully reloaded assembly
- Finished resetting the current domain, in  2.280 seconds
Domain Reload Profiling: 3039ms
	BeginReloadAssembly (236ms)
		ExecutionOrderSort (0ms)
		DisableScriptedObjects (6ms)
		BackupInstance (0ms)
		ReleaseScriptingObjects (0ms)
		CreateAndSetChildDomain (44ms)
	RebuildCommonClasses (57ms)
	RebuildNativeTypeToScriptingClass (16ms)
	initialDomainReloadingComplete (52ms)
	LoadAllAssembliesAndSetupDomain (392ms)
		LoadAssemblies (511ms)
		RebuildTransferFunctionScriptingTraits (0ms)
		AnalyzeDomain (21ms)
			TypeCache.Refresh (9ms)
				TypeCache.ScanAssembly (0ms)
			ScanForSourceGeneratedMonoScriptInfo (0ms)
			ResolveRequiredComponents (10ms)
	FinalizeReload (2286ms)
		ReleaseScriptCaches (0ms)
		RebuildScriptCaches (0ms)
		SetupLoadedEditorAssemblies (853ms)
			LogAssemblyErrors (0ms)
			InitializePlatformSupportModulesInManaged (17ms)
			SetLoadedEditorAssemblies (4ms)
			RefreshPlugins (0ms)
			BeforeProcessingInitializeOnLoad (124ms)
			ProcessInitializeOnLoadAttributes (652ms)
			ProcessInitializeOnLoadMethodAttributes (35ms)
			AfterProcessingInitializeOnLoad (20ms)
			EditorAssembliesLoaded (0ms)
		ExecutionOrderSort2 (0ms)
		AwakeInstancesAfterBackupRestoration (13ms)
Refreshing native plugins compatible for Editor in 9.07 ms, found 3 plugins.
Preloading 0 native plugins for Editor in 0.00 ms.
Unloading 3302 Unused Serialized files (Serialized files now loaded: 0)
Unloading 14 unused Assets / (98.9 KB). Loaded Objects now: 4032.
Memory consumption went from 127.5 MB to 127.4 MB.
Total: 5.683300 ms (FindLiveObjects: 0.303700 ms CreateObjectMapping: 0.343900 ms MarkObjects: 4.928700 ms  DeleteObjects: 0.106100 ms)

Prepare: number of updated asset objects reloaded= 0
AssetImportParameters requested are different than current active one (requested -> active):
  custom:container-demuxer-ogg: 62fdf1f143b41e24485cea50d1cbac27 -> 
  custom:video-codec-MediaFoundation-h265: 746d11721c4dcdbdad8f713fa42b33f4 -> 
  custom:video-decoder-ogg-theora: a1e56fd34408186e4bbccfd4996cb3dc -> 
  custom:framework-win-MediaFoundation: 216162199b28c13a410421893ffa2e32 -> 
  custom:CustomObjectIndexerAttribute: 9a22284fe3817be447336de3de66b15e -> 
  custom:container-demuxer-webm: 4f35f7cbe854078d1ac9338744f61a02 -> 
  custom:container-muxer-webm: aa71ff27fc2769a1b78a27578f13a17b -> 
  custom:video-decoder-webm-vp8: 9c59270c3fd7afecdb556c50c9e8de78 -> 
  custom:SearchIndexIgnoredProperties: e643bd26f0fe6173181afceb89e7c659 -> 
  custom:AudioImporter_EditorPlatform: d09bf68614088b80899f8185d706f6e7 -> 
  custom:video-encoder-webm-vp8: eb34c28f22e8b96e1ab97ce403110664 -> 
  custom:audio-decoder-ogg-vorbis: bf7c407c2cedff20999df2af8eb42d56 -> 
  custom:audio-encoder-webm-vorbis: bf7c407c2cedff20999df2af8eb42d56 -> 
  custom:scripting/monoscript/fileName/UILookAt.cs: 8faaf52571da5b70ed83187d6c8e471d -> 
  custom:scripting/precompiled-assembly-types:Assembly-CSharp: 8734a268f6a09ac2dcfa063f74100be8 -> 12232df095ec81a39cbb81c15ff83476
========================================================================
Received Import Request.
  Time since last request: 43.876316 seconds.
  path: Assets/Prefabs/customer_reservation.prefab
  artifactKey: Guid(a87820c368d9dfa4fbf776488653d447) Importer(815301076,1909f56bfc062723c751e8b465ee728b)
Start importing Assets/Prefabs/customer_reservation.prefab using Guid(a87820c368d9dfa4fbf776488653d447) Importer(815301076,1909f56bfc062723c751e8b465ee728b) [PhysX] Initialized MultithreadedTaskDispatcher with 12 workers.
 -> (artifact id: 'ca8c1cb3bcaaf7761da0e7d43eb16b11') in 0.004812 seconds
Number of updated asset objects reloaded before import = 0
Number of asset objects unloaded after import = 0
========================================================================
Received Import Request.
  Time since last request: 0.000033 seconds.
  path: Assets/Prefabs/RayCasting.prefab
  artifactKey: Guid(0279262f6fe551a4583662e08f50bd2c) Importer(815301076,1909f56bfc062723c751e8b465ee728b)
Start importing Assets/Prefabs/RayCasting.prefab using Guid(0279262f6fe551a4583662e08f50bd2c) Importer(815301076,1909f56bfc062723c751e8b465ee728b) [PhysX] Initialized MultithreadedTaskDispatcher with 12 workers.
 -> (artifact id: '355f8e6e9f253d5bc57a8aabbe7933dc') in 0.000876 seconds
Number of updated asset objects reloaded before import = 0
Number of asset objects unloaded after import = 0
========================================================================
Received Import Request.
  Time since last request: 0.000106 seconds.
  path: Assets/Prefabs/customer_key.prefab
  artifactKey: Guid(af397f1f3e64fa04f959444d3bec0bf5) Importer(815301076,1909f56bfc062723c751e8b465ee728b)
Start importing Assets/Prefabs/customer_key.prefab using Guid(af397f1f3e64fa04f959444d3bec0bf5) Importer(815301076,1909f56bfc062723c751e8b465ee728b) [PhysX] Initialized MultithreadedTaskDispatcher with 12 workers.
 -> (artifact id: 'b2ace9ca70ff9409e73b76616dfc58da') in 0.000686 seconds
Number of updated asset objects reloaded before import = 0
Number of asset objects unloaded after import = 0
========================================================================
Received Import Request.
  Time since last request: 0.000044 seconds.
  path: Assets/Prefabs/UiCollisionLuggage.prefab
  artifactKey: Guid(76863a42cfe9518409b130cde1fbfc45) Importer(815301076,1909f56bfc062723c751e8b465ee728b)
Start importing Assets/Prefabs/UiCollisionLuggage.prefab using Guid(76863a42cfe9518409b130cde1fbfc45) Importer(815301076,1909f56bfc062723c751e8b465ee728b) [PhysX] Initialized MultithreadedTaskDispatcher with 12 workers.
 -> (artifact id: '769f96a58268061b696ac9904cac3cab') in 0.000900 seconds
Number of updated asset objects reloaded before import = 0
Number of asset objects unloaded after import = 0
========================================================================
Received Import Request.
  Time since last request: 0.000019 seconds.
  path: Assets/Prefabs/customer_luggage.prefab
  artifactKey: Guid(8966d6666d84adf49aae546fced840ee) Importer(815301076,1909f56bfc062723c751e8b465ee728b)
Start importing Assets/Prefabs/customer_luggage.prefab using Guid(8966d6666d84adf49aae546fced840ee) Importer(815301076,1909f56bfc062723c751e8b465ee728b) [PhysX] Initialized MultithreadedTaskDispatcher with 12 workers.
 -> (artifact id: 'c230e2eb73494bb339ce080a10223ba5') in 0.000646 seconds
Number of updated asset objects reloaded before import = 0
Number of asset objects unloaded after import = 0
========================================================================
Received Import Request.
  Time since last request: 26.114044 seconds.
  path: Assets/TextMesh Pro/Examples & Extras/Fonts/Bangers.ttf
  artifactKey: Guid(5dd49b3eacc540408c98eee0de38e0f1) Importer(815301076,1909f56bfc062723c751e8b465ee728b)
Start importing Assets/TextMesh Pro/Examples & Extras/Fonts/Bangers.ttf using Guid(5dd49b3eacc540408c98eee0de38e0f1) Importer(815301076,1909f56bfc062723c751e8b465ee728b) [PhysX] Initialized MultithreadedTaskDispatcher with 12 workers.
[PhysX] Initialized MultithreadedTaskDispatcher with 12 workers.
[PhysX] Initialized MultithreadedTaskDispatcher with 12 workers.
 -> (artifact id: 'b9ff9ad841e178c5f7537cbd8c8831ef') in 0.111232 seconds
Number of updated asset objects reloaded before import = 0
Number of asset objects unloaded after import = 4
========================================================================
Received Import Request.
  Time since last request: 0.000021 seconds.
  path: Assets/TextMesh Pro/Fonts/LiberationSans.ttf
  artifactKey: Guid(e3265ab4bf004d28a9537516768c1c75) Importer(815301076,1909f56bfc062723c751e8b465ee728b)
Start importing Assets/TextMesh Pro/Fonts/LiberationSans.ttf using Guid(e3265ab4bf004d28a9537516768c1c75) Importer(815301076,1909f56bfc062723c751e8b465ee728b) [PhysX] Initialized MultithreadedTaskDispatcher with 12 workers.
[PhysX] Initialized MultithreadedTaskDispatcher with 12 workers.
[PhysX] Initialized MultithreadedTaskDispatcher with 12 workers.
 -> (artifact id: 'aaf910accc72db1552e58e752620fdca') in 0.014184 seconds
Number of updated asset objects reloaded before import = 0
Number of asset objects unloaded after import = 4
========================================================================
Received Import Request.
  Time since last request: 0.260908 seconds.
  path: Assets/TextMesh Pro/Examples & Extras/Resources/Fonts & Materials/Electronic Highway Sign SDF.asset
  artifactKey: Guid(dc36b3fdc14f47ebb36fd484a67e268a) Importer(815301076,1909f56bfc062723c751e8b465ee728b)
Start importing Assets/TextMesh Pro/Examples & Extras/Resources/Fonts & Materials/Electronic Highway Sign SDF.asset using Guid(dc36b3fdc14f47ebb36fd484a67e268a) Importer(815301076,1909f56bfc062723c751e8b465ee728b) [PhysX] Initialized MultithreadedTaskDispatcher with 12 workers.
[PhysX] Initialized MultithreadedTaskDispatcher with 12 workers.
[PhysX] Initialized MultithreadedTaskDispatcher with 12 workers.
 -> (artifact id: '3dfc86aa9080edbd691cac8a030c34e5') in 0.030570 seconds
Number of updated asset objects reloaded before import = 0
Number of asset objects unloaded after import = 6
========================================================================
Received Import Request.
  Time since last request: 0.039210 seconds.
  path: Assets/TextMesh Pro/Examples & Extras/Resources/Fonts & Materials/Bangers SDF Logo.mat
  artifactKey: Guid(f4e195ac1e204eff960149d1cb34e18c) Importer(815301076,1909f56bfc062723c751e8b465ee728b)
Start importing Assets/TextMesh Pro/Examples & Extras/Resources/Fonts & Materials/Bangers SDF Logo.mat using Guid(f4e195ac1e204eff960149d1cb34e18c) Importer(815301076,1909f56bfc062723c751e8b465ee728b) [PhysX] Initialized MultithreadedTaskDispatcher with 12 workers.
[PhysX] Initialized MultithreadedTaskDispatcher with 12 workers.
 -> (artifact id: '10b925ae9fbc326455447b4f524e4c2f') in 0.431412 seconds
Number of updated asset objects reloaded before import = 0
Number of asset objects unloaded after import = 4
========================================================================
Received Import Request.
  Time since last request: 0.000019 seconds.
  path: Assets/TextMesh Pro/Examples & Extras/Resources/Fonts & Materials/Anton SDF - Drop Shadow.mat
  artifactKey: Guid(749b9069dc4742c5bfa5c74644049926) Importer(815301076,1909f56bfc062723c751e8b465ee728b)
Start importing Assets/TextMesh Pro/Examples & Extras/Resources/Fonts & Materials/Anton SDF - Drop Shadow.mat using Guid(749b9069dc4742c5bfa5c74644049926) Importer(815301076,1909f56bfc062723c751e8b465ee728b) [PhysX] Initialized MultithreadedTaskDispatcher with 12 workers.
[PhysX] Initialized MultithreadedTaskDispatcher with 12 workers.
 -> (artifact id: 'f2a8d787d9987f51f4c7bc7c3f075657') in 0.081640 seconds
Number of updated asset objects reloaded before import = 0
Number of asset objects unloaded after import = 2
========================================================================
Received Import Request.
  Time since last request: 0.000031 seconds.
  path: Assets/TextMesh Pro/Examples & Extras/Resources/Fonts & Materials/Bangers SDF - Drop Shadow.mat
  artifactKey: Guid(f2dcf029949142e28b974630369c8b4e) Importer(815301076,1909f56bfc062723c751e8b465ee728b)
Start importing Assets/TextMesh Pro/Examples & Extras/Resources/Fonts & Materials/Bangers SDF - Drop Shadow.mat using Guid(f2dcf029949142e28b974630369c8b4e) Importer(815301076,1909f56bfc062723c751e8b465ee728b) [PhysX] Initialized MultithreadedTaskDispatcher with 12 workers.
[PhysX] Initialized MultithreadedTaskDispatcher with 12 workers.
 -> (artifact id: 'd18c921ec52e3ea822c5145aba869206') in 0.008063 seconds
Number of updated asset objects reloaded before import = 0
Number of asset objects unloaded after import = 2
========================================================================
Received Import Request.
  Time since last request: 0.000023 seconds.
  path: Assets/Material/carpet.mat
  artifactKey: Guid(5e853f0ff75ea4a48a33f0f6d8c209a7) Importer(815301076,1909f56bfc062723c751e8b465ee728b)
Start importing Assets/Material/carpet.mat using Guid(5e853f0ff75ea4a48a33f0f6d8c209a7) Importer(815301076,1909f56bfc062723c751e8b465ee728b) [PhysX] Initialized MultithreadedTaskDispatcher with 12 workers.
[PhysX] Initialized MultithreadedTaskDispatcher with 12 workers.
 -> (artifact id: 'e6d06fc0eb056eb1c3b47f58cfad01ee') in 0.029801 seconds
Number of updated asset objects reloaded before import = 0
Number of asset objects unloaded after import = 1
========================================================================
Received Import Request.
  Time since last request: 0.000103 seconds.
  path: Assets/TextMesh Pro/Examples & Extras/Resources/Fonts & Materials/Bangers SDF Glow.mat
  artifactKey: Guid(d75b8f41e959450c84ac6e967084d3e1) Importer(815301076,1909f56bfc062723c751e8b465ee728b)
Start importing Assets/TextMesh Pro/Examples & Extras/Resources/Fonts & Materials/Bangers SDF Glow.mat using Guid(d75b8f41e959450c84ac6e967084d3e1) Importer(815301076,1909f56bfc062723c751e8b465ee728b) [PhysX] Initialized MultithreadedTaskDispatcher with 12 workers.
[PhysX] Initialized MultithreadedTaskDispatcher with 12 workers.
 -> (artifact id: 'a7b36cc8487c78066c0aa66247c2ca92') in 0.132086 seconds
Number of updated asset objects reloaded before import = 0
Number of asset objects unloaded after import = 3
========================================================================
Received Import Request.
  Time since last request: 0.000016 seconds.
  path: Assets/Material/Blue.mat
  artifactKey: Guid(82b4eab03cbfd0f4a98b653cbea44779) Importer(815301076,1909f56bfc062723c751e8b465ee728b)
Start importing Assets/Material/Blue.mat using Guid(82b4eab03cbfd0f4a98b653cbea44779) Importer(815301076,1909f56bfc062723c751e8b465ee728b) [PhysX] Initialized MultithreadedTaskDispatcher with 12 workers.
[PhysX] Initialized MultithreadedTaskDispatcher with 12 workers.
 -> (artifact id: 'dd1e2cd757a674a20ef65c3b5cb9ba0a') in 0.008032 seconds
Number of updated asset objects reloaded before import = 0
Number of asset objects unloaded after import = 1
========================================================================
Received Import Request.
  Time since last request: 14.354424 seconds.
  path: Assets/Prefabs/Cube.prefab
  artifactKey: Guid(2f3f3ddaa08afe048ba9a096ac2b9bbb) Importer(815301076,1909f56bfc062723c751e8b465ee728b)
Start importing Assets/Prefabs/Cube.prefab using Guid(2f3f3ddaa08afe048ba9a096ac2b9bbb) Importer(815301076,1909f56bfc062723c751e8b465ee728b) [PhysX] Initialized MultithreadedTaskDispatcher with 12 workers.
 -> (artifact id: '63e1a2c6c5f85ce7e59124fe68d4d1ba') in 0.000730 seconds
Number of updated asset objects reloaded before import = 0
Number of asset objects unloaded after import = 0
========================================================================
Received Import Request.
  Time since last request: 0.000097 seconds.
  path: Assets/Prefabs/customer_reservation.prefab
  artifactKey: Guid(a87820c368d9dfa4fbf776488653d447) Importer(815301076,1909f56bfc062723c751e8b465ee728b)
Start importing Assets/Prefabs/customer_reservation.prefab using Guid(a87820c368d9dfa4fbf776488653d447) Importer(815301076,1909f56bfc062723c751e8b465ee728b) [PhysX] Initialized MultithreadedTaskDispatcher with 12 workers.
 -> (artifact id: 'ca8c1cb3bcaaf7761da0e7d43eb16b11') in 0.002486 seconds
Number of updated asset objects reloaded before import = 0
Number of asset objects unloaded after import = 0
========================================================================
Received Import Request.
  Time since last request: 0.000146 seconds.
  path: Assets/Prefabs/RayCasting.prefab
  artifactKey: Guid(0279262f6fe551a4583662e08f50bd2c) Importer(815301076,1909f56bfc062723c751e8b465ee728b)
Start importing Assets/Prefabs/RayCasting.prefab using Guid(0279262f6fe551a4583662e08f50bd2c) Importer(815301076,1909f56bfc062723c751e8b465ee728b) [PhysX] Initialized MultithreadedTaskDispatcher with 12 workers.
 -> (artifact id: '355f8e6e9f253d5bc57a8aabbe7933dc') in 0.000393 seconds
Number of updated asset objects reloaded before import = 0
Number of asset objects unloaded after import = 0
========================================================================
Received Import Request.
  Time since last request: 0.000080 seconds.
  path: Assets/Prefabs/UiCollisionLuggage.prefab
  artifactKey: Guid(76863a42cfe9518409b130cde1fbfc45) Importer(815301076,1909f56bfc062723c751e8b465ee728b)
Start importing Assets/Prefabs/UiCollisionLuggage.prefab using Guid(76863a42cfe9518409b130cde1fbfc45) Importer(815301076,1909f56bfc062723c751e8b465ee728b) [PhysX] Initialized MultithreadedTaskDispatcher with 12 workers.
 -> (artifact id: '769f96a58268061b696ac9904cac3cab') in 0.000418 seconds
Number of updated asset objects reloaded before import = 0
Number of asset objects unloaded after import = 0
========================================================================
Received Import Request.
  Time since last request: 0.207592 seconds.
  path: Assets/Prefabs/Cube.prefab
  artifactKey: Guid(2f3f3ddaa08afe048ba9a096ac2b9bbb) Importer(815301076,1909f56bfc062723c751e8b465ee728b)
Start importing Assets/Prefabs/Cube.prefab using Guid(2f3f3ddaa08afe048ba9a096ac2b9bbb) Importer(815301076,1909f56bfc062723c751e8b465ee728b) [PhysX] Initialized MultithreadedTaskDispatcher with 12 workers.
 -> (artifact id: '63e1a2c6c5f85ce7e59124fe68d4d1ba') in 0.000523 seconds
Number of updated asset objects reloaded before import = 0
Number of asset objects unloaded after import = 0
========================================================================
Received Import Request.
  Time since last request: 0.000060 seconds.
  path: Assets/Prefabs/customer_reservation.prefab
  artifactKey: Guid(a87820c368d9dfa4fbf776488653d447) Importer(815301076,1909f56bfc062723c751e8b465ee728b)
Start importing Assets/Prefabs/customer_reservation.prefab using Guid(a87820c368d9dfa4fbf776488653d447) Importer(815301076,1909f56bfc062723c751e8b465ee728b) [PhysX] Initialized MultithreadedTaskDispatcher with 12 workers.
 -> (artifact id: 'ca8c1cb3bcaaf7761da0e7d43eb16b11') in 0.000655 seconds
Number of updated asset objects reloaded before import = 0
Number of asset objects unloaded after import = 0
========================================================================
Received Import Request.
  Time since last request: 0.000081 seconds.
  path: Assets/Prefabs/Main Camera.prefab
  artifactKey: Guid(dca0cd9b6d4e5b544a431fbb4abc8b8e) Importer(815301076,1909f56bfc062723c751e8b465ee728b)
Start importing Assets/Prefabs/Main Camera.prefab using Guid(dca0cd9b6d4e5b544a431fbb4abc8b8e) Importer(815301076,1909f56bfc062723c751e8b465ee728b) [PhysX] Initialized MultithreadedTaskDispatcher with 12 workers.
 -> (artifact id: '1abe0f4b09d8ea70b77db7846a7fa83f') in 0.000434 seconds
Number of updated asset objects reloaded before import = 0
Number of asset objects unloaded after import = 0
========================================================================
Received Import Request.
  Time since last request: 0.000224 seconds.
  path: Assets/Prefabs/Player.prefab
  artifactKey: Guid(c24484f46d838654d9750ca2e68e2349) Importer(815301076,1909f56bfc062723c751e8b465ee728b)
Start importing Assets/Prefabs/Player.prefab using Guid(c24484f46d838654d9750ca2e68e2349) Importer(815301076,1909f56bfc062723c751e8b465ee728b) [PhysX] Initialized MultithreadedTaskDispatcher with 12 workers.
 -> (artifact id: '5035beb55cec9a3ef37e1217130bec7c') in 0.000383 seconds
Number of updated asset objects reloaded before import = 0
Number of asset objects unloaded after import = 0
========================================================================
Received Import Request.
  Time since last request: 0.000124 seconds.
  path: Assets/Prefabs/UiCollisionKey.prefab
  artifactKey: Guid(f15110739299abd4f974d16b87e0a6b5) Importer(815301076,1909f56bfc062723c751e8b465ee728b)
Start importing Assets/Prefabs/UiCollisionKey.prefab using Guid(f15110739299abd4f974d16b87e0a6b5) Importer(815301076,1909f56bfc062723c751e8b465ee728b) [PhysX] Initialized MultithreadedTaskDispatcher with 12 workers.
 -> (artifact id: '4c946ab415aa52b8a2c1fae0f4527e0a') in 0.000494 seconds
Number of updated asset objects reloaded before import = 0
Number of asset objects unloaded after import = 0
========================================================================
Received Import Request.
  Time since last request: 0.000086 seconds.
  path: Assets/Prefabs/UiCollisionReservation.prefab
  artifactKey: Guid(0a01144c74bbc6043ad893ffd2ba8926) Importer(815301076,1909f56bfc062723c751e8b465ee728b)
Start importing Assets/Prefabs/UiCollisionReservation.prefab using Guid(0a01144c74bbc6043ad893ffd2ba8926) Importer(815301076,1909f56bfc062723c751e8b465ee728b) [PhysX] Initialized MultithreadedTaskDispatcher with 12 workers.
 -> (artifact id: 'd2e0713260d04685a2d2d97e5742e5ec') in 0.000625 seconds
Number of updated asset objects reloaded before import = 0
Number of asset objects unloaded after import = 0
========================================================================
Received Import Request.
  Time since last request: 25.359189 seconds.
  path: Assets/Prefabs/Cube.prefab
  artifactKey: Guid(2f3f3ddaa08afe048ba9a096ac2b9bbb) Importer(815301076,1909f56bfc062723c751e8b465ee728b)
Start importing Assets/Prefabs/Cube.prefab using Guid(2f3f3ddaa08afe048ba9a096ac2b9bbb) Importer(815301076,1909f56bfc062723c751e8b465ee728b) [PhysX] Initialized MultithreadedTaskDispatcher with 12 workers.
 -> (artifact id: '63e1a2c6c5f85ce7e59124fe68d4d1ba') in 0.000596 seconds
Number of updated asset objects reloaded before import = 0
Number of asset objects unloaded after import = 0
========================================================================
Received Import Request.
  Time since last request: 0.000089 seconds.
  path: Assets/Prefabs/customer_reservation.prefab
  artifactKey: Guid(a87820c368d9dfa4fbf776488653d447) Importer(815301076,1909f56bfc062723c751e8b465ee728b)
Start importing Assets/Prefabs/customer_reservation.prefab using Guid(a87820c368d9dfa4fbf776488653d447) Importer(815301076,1909f56bfc062723c751e8b465ee728b) [PhysX] Initialized MultithreadedTaskDispatcher with 12 workers.
 -> (artifact id: 'ca8c1cb3bcaaf7761da0e7d43eb16b11') in 0.000496 seconds
Number of updated asset objects reloaded before import = 0
Number of asset objects unloaded after import = 0
========================================================================
Received Import Request.
  Time since last request: 0.000349 seconds.
  path: Assets/Prefabs/Main Camera.prefab
  artifactKey: Guid(dca0cd9b6d4e5b544a431fbb4abc8b8e) Importer(815301076,1909f56bfc062723c751e8b465ee728b)
Start importing Assets/Prefabs/Main Camera.prefab using Guid(dca0cd9b6d4e5b544a431fbb4abc8b8e) Importer(815301076,1909f56bfc062723c751e8b465ee728b) [PhysX] Initialized MultithreadedTaskDispatcher with 12 workers.
 -> (artifact id: '1abe0f4b09d8ea70b77db7846a7fa83f') in 0.000544 seconds
Number of updated asset objects reloaded before import = 0
Number of asset objects unloaded after import = 0
========================================================================
Received Import Request.
  Time since last request: 0.000292 seconds.
  path: Assets/Prefabs/Player.prefab
  artifactKey: Guid(c24484f46d838654d9750ca2e68e2349) Importer(815301076,1909f56bfc062723c751e8b465ee728b)
Start importing Assets/Prefabs/Player.prefab using Guid(c24484f46d838654d9750ca2e68e2349) Importer(815301076,1909f56bfc062723c751e8b465ee728b) [PhysX] Initialized MultithreadedTaskDispatcher with 12 workers.
 -> (artifact id: '5035beb55cec9a3ef37e1217130bec7c') in 0.000436 seconds
Number of updated asset objects reloaded before import = 0
Number of asset objects unloaded after import = 0
========================================================================
Received Import Request.
  Time since last request: 0.000108 seconds.
  path: Assets/Prefabs/UiCollisionKey.prefab
  artifactKey: Guid(f15110739299abd4f974d16b87e0a6b5) Importer(815301076,1909f56bfc062723c751e8b465ee728b)
Start importing Assets/Prefabs/UiCollisionKey.prefab using Guid(f15110739299abd4f974d16b87e0a6b5) Importer(815301076,1909f56bfc062723c751e8b465ee728b) [PhysX] Initialized MultithreadedTaskDispatcher with 12 workers.
 -> (artifact id: '4c946ab415aa52b8a2c1fae0f4527e0a') in 0.000467 seconds
Number of updated asset objects reloaded before import = 0
Number of asset objects unloaded after import = 0
========================================================================
Received Import Request.
  Time since last request: 0.000107 seconds.
  path: Assets/Prefabs/UiCollisionReservation.prefab
  artifactKey: Guid(0a01144c74bbc6043ad893ffd2ba8926) Importer(815301076,1909f56bfc062723c751e8b465ee728b)
Start importing Assets/Prefabs/UiCollisionReservation.prefab using Guid(0a01144c74bbc6043ad893ffd2ba8926) Importer(815301076,1909f56bfc062723c751e8b465ee728b) [PhysX] Initialized MultithreadedTaskDispatcher with 12 workers.
 -> (artifact id: 'd2e0713260d04685a2d2d97e5742e5ec') in 0.000458 seconds
Number of updated asset objects reloaded before import = 0
Number of asset objects unloaded after import = 0
========================================================================
Received Import Request.
  Time since last request: 8.857745 seconds.
  path: Assets/Prefabs/customer_key.prefab
  artifactKey: Guid(af397f1f3e64fa04f959444d3bec0bf5) Importer(815301076,1909f56bfc062723c751e8b465ee728b)
Start importing Assets/Prefabs/customer_key.prefab using Guid(af397f1f3e64fa04f959444d3bec0bf5) Importer(815301076,1909f56bfc062723c751e8b465ee728b) [PhysX] Initialized MultithreadedTaskDispatcher with 12 workers.
 -> (artifact id: 'b2ace9ca70ff9409e73b76616dfc58da') in 0.000525 seconds
Number of updated asset objects reloaded before import = 0
Number of asset objects unloaded after import = 0
========================================================================
Received Import Request.
  Time since last request: 0.069284 seconds.
  path: Assets/Prefabs/Cube.prefab
  artifactKey: Guid(2f3f3ddaa08afe048ba9a096ac2b9bbb) Importer(815301076,1909f56bfc062723c751e8b465ee728b)
Start importing Assets/Prefabs/Cube.prefab using Guid(2f3f3ddaa08afe048ba9a096ac2b9bbb) Importer(815301076,1909f56bfc062723c751e8b465ee728b) [PhysX] Initialized MultithreadedTaskDispatcher with 12 workers.
 -> (artifact id: '63e1a2c6c5f85ce7e59124fe68d4d1ba') in 0.000554 seconds
Number of updated asset objects reloaded before import = 0
Number of asset objects unloaded after import = 0
========================================================================
Received Import Request.
  Time since last request: 0.000150 seconds.
  path: Assets/Prefabs/customer_reservation.prefab
  artifactKey: Guid(a87820c368d9dfa4fbf776488653d447) Importer(815301076,1909f56bfc062723c751e8b465ee728b)
Start importing Assets/Prefabs/customer_reservation.prefab using Guid(a87820c368d9dfa4fbf776488653d447) Importer(815301076,1909f56bfc062723c751e8b465ee728b) [PhysX] Initialized MultithreadedTaskDispatcher with 12 workers.
 -> (artifact id: 'ca8c1cb3bcaaf7761da0e7d43eb16b11') in 0.000456 seconds
Number of updated asset objects reloaded before import = 0
Number of asset objects unloaded after import = 0
========================================================================
Received Import Request.
  Time since last request: 0.000832 seconds.
  path: Assets/Prefabs/Main Camera.prefab
  artifactKey: Guid(dca0cd9b6d4e5b544a431fbb4abc8b8e) Importer(815301076,1909f56bfc062723c751e8b465ee728b)
Start importing Assets/Prefabs/Main Camera.prefab using Guid(dca0cd9b6d4e5b544a431fbb4abc8b8e) Importer(815301076,1909f56bfc062723c751e8b465ee728b) [PhysX] Initialized MultithreadedTaskDispatcher with 12 workers.
 -> (artifact id: '1abe0f4b09d8ea70b77db7846a7fa83f') in 0.000682 seconds
Number of updated asset objects reloaded before import = 0
Number of asset objects unloaded after import = 0
========================================================================
Received Import Request.
  Time since last request: 0.000220 seconds.
  path: Assets/Prefabs/Player.prefab
  artifactKey: Guid(c24484f46d838654d9750ca2e68e2349) Importer(815301076,1909f56bfc062723c751e8b465ee728b)
Start importing Assets/Prefabs/Player.prefab using Guid(c24484f46d838654d9750ca2e68e2349) Importer(815301076,1909f56bfc062723c751e8b465ee728b) [PhysX] Initialized MultithreadedTaskDispatcher with 12 workers.
 -> (artifact id: '5035beb55cec9a3ef37e1217130bec7c') in 0.000500 seconds
Number of updated asset objects reloaded before import = 0
Number of asset objects unloaded after import = 0
========================================================================
Received Import Request.
  Time since last request: 0.000113 seconds.
  path: Assets/Prefabs/UiCollisionKey.prefab
  artifactKey: Guid(f15110739299abd4f974d16b87e0a6b5) Importer(815301076,1909f56bfc062723c751e8b465ee728b)
Start importing Assets/Prefabs/UiCollisionKey.prefab using Guid(f15110739299abd4f974d16b87e0a6b5) Importer(815301076,1909f56bfc062723c751e8b465ee728b) [PhysX] Initialized MultithreadedTaskDispatcher with 12 workers.
 -> (artifact id: '4c946ab415aa52b8a2c1fae0f4527e0a') in 0.000437 seconds
Number of updated asset objects reloaded before import = 0
Number of asset objects unloaded after import = 0
========================================================================
Received Import Request.
  Time since last request: 0.000038 seconds.
  path: Assets/Prefabs/UiCollisionReservation.prefab
  artifactKey: Guid(0a01144c74bbc6043ad893ffd2ba8926) Importer(815301076,1909f56bfc062723c751e8b465ee728b)
Start importing Assets/Prefabs/UiCollisionReservation.prefab using Guid(0a01144c74bbc6043ad893ffd2ba8926) Importer(815301076,1909f56bfc062723c751e8b465ee728b) [PhysX] Initialized MultithreadedTaskDispatcher with 12 workers.
 -> (artifact id: 'd2e0713260d04685a2d2d97e5742e5ec') in 0.000430 seconds
Number of updated asset objects reloaded before import = 0
Number of asset objects unloaded after import = 0
========================================================================
Received Import Request.
  Time since last request: 1.518479 seconds.
  path: Assets/Prefabs/customer_luggage.prefab
  artifactKey: Guid(8966d6666d84adf49aae546fced840ee) Importer(815301076,1909f56bfc062723c751e8b465ee728b)
Start importing Assets/Prefabs/customer_luggage.prefab using Guid(8966d6666d84adf49aae546fced840ee) Importer(815301076,1909f56bfc062723c751e8b465ee728b) [PhysX] Initialized MultithreadedTaskDispatcher with 12 workers.
 -> (artifact id: 'd07149334291dcbcb0c8b79d92b7ed74') in 0.000520 seconds
Number of updated asset objects reloaded before import = 0
Number of asset objects unloaded after import = 0
========================================================================
Received Import Request.
  Time since last request: 0.064028 seconds.
  path: Assets/Prefabs/Cube.prefab
  artifactKey: Guid(2f3f3ddaa08afe048ba9a096ac2b9bbb) Importer(815301076,1909f56bfc062723c751e8b465ee728b)
Start importing Assets/Prefabs/Cube.prefab using Guid(2f3f3ddaa08afe048ba9a096ac2b9bbb) Importer(815301076,1909f56bfc062723c751e8b465ee728b) [PhysX] Initialized MultithreadedTaskDispatcher with 12 workers.
 -> (artifact id: '63e1a2c6c5f85ce7e59124fe68d4d1ba') in 0.000641 seconds
Number of updated asset objects reloaded before import = 0
Number of asset objects unloaded after import = 0
========================================================================
Received Import Request.
  Time since last request: 0.000153 seconds.
  path: Assets/Prefabs/customer_reservation.prefab
  artifactKey: Guid(a87820c368d9dfa4fbf776488653d447) Importer(815301076,1909f56bfc062723c751e8b465ee728b)
Start importing Assets/Prefabs/customer_reservation.prefab using Guid(a87820c368d9dfa4fbf776488653d447) Importer(815301076,1909f56bfc062723c751e8b465ee728b) [PhysX] Initialized MultithreadedTaskDispatcher with 12 workers.
 -> (artifact id: 'ca8c1cb3bcaaf7761da0e7d43eb16b11') in 0.000565 seconds
Number of updated asset objects reloaded before import = 0
Number of asset objects unloaded after import = 0
========================================================================
Received Import Request.
  Time since last request: 0.000854 seconds.
  path: Assets/Prefabs/Player.prefab
  artifactKey: Guid(c24484f46d838654d9750ca2e68e2349) Importer(815301076,1909f56bfc062723c751e8b465ee728b)
Start importing Assets/Prefabs/Player.prefab using Guid(c24484f46d838654d9750ca2e68e2349) Importer(815301076,1909f56bfc062723c751e8b465ee728b) [PhysX] Initialized MultithreadedTaskDispatcher with 12 workers.
 -> (artifact id: '5035beb55cec9a3ef37e1217130bec7c') in 0.000454 seconds
Number of updated asset objects reloaded before import = 0
Number of asset objects unloaded after import = 0
========================================================================
Received Import Request.
  Time since last request: 0.000144 seconds.
  path: Assets/Prefabs/UiCollisionKey.prefab
  artifactKey: Guid(f15110739299abd4f974d16b87e0a6b5) Importer(815301076,1909f56bfc062723c751e8b465ee728b)
Start importing Assets/Prefabs/UiCollisionKey.prefab using Guid(f15110739299abd4f974d16b87e0a6b5) Importer(815301076,1909f56bfc062723c751e8b465ee728b) [PhysX] Initialized MultithreadedTaskDispatcher with 12 workers.
 -> (artifact id: '4c946ab415aa52b8a2c1fae0f4527e0a') in 0.000453 seconds
Number of updated asset objects reloaded before import = 0
Number of asset objects unloaded after import = 0
========================================================================
Received Import Request.
  Time since last request: 0.000159 seconds.
  path: Assets/Prefabs/UiCollisionReservation.prefab
  artifactKey: Guid(0a01144c74bbc6043ad893ffd2ba8926) Importer(815301076,1909f56bfc062723c751e8b465ee728b)
Start importing Assets/Prefabs/UiCollisionReservation.prefab using Guid(0a01144c74bbc6043ad893ffd2ba8926) Importer(815301076,1909f56bfc062723c751e8b465ee728b) [PhysX] Initialized MultithreadedTaskDispatcher with 12 workers.
 -> (artifact id: 'd2e0713260d04685a2d2d97e5742e5ec') in 0.000588 seconds
Number of updated asset objects reloaded before import = 0
Number of asset objects unloaded after import = 0
========================================================================
Received Import Request.
  Time since last request: 1.678532 seconds.
  path: Assets/Prefabs/customer_key.prefab
  artifactKey: Guid(af397f1f3e64fa04f959444d3bec0bf5) Importer(815301076,1909f56bfc062723c751e8b465ee728b)
Start importing Assets/Prefabs/customer_key.prefab using Guid(af397f1f3e64fa04f959444d3bec0bf5) Importer(815301076,1909f56bfc062723c751e8b465ee728b) [PhysX] Initialized MultithreadedTaskDispatcher with 12 workers.
 -> (artifact id: 'b2ace9ca70ff9409e73b76616dfc58da') in 0.002567 seconds
Number of updated asset objects reloaded before import = 0
Number of asset objects unloaded after import = 0
========================================================================
Received Import Request.
  Time since last request: 0.054107 seconds.
  path: Assets/Prefabs/Cube.prefab
  artifactKey: Guid(2f3f3ddaa08afe048ba9a096ac2b9bbb) Importer(815301076,1909f56bfc062723c751e8b465ee728b)
Start importing Assets/Prefabs/Cube.prefab using Guid(2f3f3ddaa08afe048ba9a096ac2b9bbb) Importer(815301076,1909f56bfc062723c751e8b465ee728b) [PhysX] Initialized MultithreadedTaskDispatcher with 12 workers.
 -> (artifact id: '63e1a2c6c5f85ce7e59124fe68d4d1ba') in 0.000617 seconds
Number of updated asset objects reloaded before import = 0
Number of asset objects unloaded after import = 0
========================================================================
Received Import Request.
  Time since last request: 0.000130 seconds.
  path: Assets/Prefabs/customer_reservation.prefab
  artifactKey: Guid(a87820c368d9dfa4fbf776488653d447) Importer(815301076,1909f56bfc062723c751e8b465ee728b)
Start importing Assets/Prefabs/customer_reservation.prefab using Guid(a87820c368d9dfa4fbf776488653d447) Importer(815301076,1909f56bfc062723c751e8b465ee728b) [PhysX] Initialized MultithreadedTaskDispatcher with 12 workers.
 -> (artifact id: 'ca8c1cb3bcaaf7761da0e7d43eb16b11') in 0.000448 seconds
Number of updated asset objects reloaded before import = 0
Number of asset objects unloaded after import = 0
========================================================================
Received Import Request.
  Time since last request: 0.001166 seconds.
  path: Assets/Prefabs/Main Camera.prefab
  artifactKey: Guid(dca0cd9b6d4e5b544a431fbb4abc8b8e) Importer(815301076,1909f56bfc062723c751e8b465ee728b)
Start importing Assets/Prefabs/Main Camera.prefab using Guid(dca0cd9b6d4e5b544a431fbb4abc8b8e) Importer(815301076,1909f56bfc062723c751e8b465ee728b) [PhysX] Initialized MultithreadedTaskDispatcher with 12 workers.
 -> (artifact id: '1abe0f4b09d8ea70b77db7846a7fa83f') in 0.000410 seconds
Number of updated asset objects reloaded before import = 0
Number of asset objects unloaded after import = 0
========================================================================
Received Import Request.
  Time since last request: 0.000472 seconds.
  path: Assets/Prefabs/Player.prefab
  artifactKey: Guid(c24484f46d838654d9750ca2e68e2349) Importer(815301076,1909f56bfc062723c751e8b465ee728b)
Start importing Assets/Prefabs/Player.prefab using Guid(c24484f46d838654d9750ca2e68e2349) Importer(815301076,1909f56bfc062723c751e8b465ee728b) [PhysX] Initialized MultithreadedTaskDispatcher with 12 workers.
 -> (artifact id: '5035beb55cec9a3ef37e1217130bec7c') in 0.000783 seconds
Number of updated asset objects reloaded before import = 0
Number of asset objects unloaded after import = 0
========================================================================
Received Import Request.
  Time since last request: 0.000119 seconds.
  path: Assets/Prefabs/UiCollisionKey.prefab
  artifactKey: Guid(f15110739299abd4f974d16b87e0a6b5) Importer(815301076,1909f56bfc062723c751e8b465ee728b)
Start importing Assets/Prefabs/UiCollisionKey.prefab using Guid(f15110739299abd4f974d16b87e0a6b5) Importer(815301076,1909f56bfc062723c751e8b465ee728b) [PhysX] Initialized MultithreadedTaskDispatcher with 12 workers.
 -> (artifact id: '4c946ab415aa52b8a2c1fae0f4527e0a') in 0.000572 seconds
Number of updated asset objects reloaded before import = 0
Number of asset objects unloaded after import = 0
========================================================================
Received Import Request.
  Time since last request: 0.000078 seconds.
  path: Assets/Prefabs/UiCollisionReservation.prefab
  artifactKey: Guid(0a01144c74bbc6043ad893ffd2ba8926) Importer(815301076,1909f56bfc062723c751e8b465ee728b)
Start importing Assets/Prefabs/UiCollisionReservation.prefab using Guid(0a01144c74bbc6043ad893ffd2ba8926) Importer(815301076,1909f56bfc062723c751e8b465ee728b) [PhysX] Initialized MultithreadedTaskDispatcher with 12 workers.
 -> (artifact id: 'd2e0713260d04685a2d2d97e5742e5ec') in 0.000493 seconds
Number of updated asset objects reloaded before import = 0
Number of asset objects unloaded after import = 0
========================================================================
Received Import Request.
  Time since last request: 0.546968 seconds.
  path: Assets/Prefabs/customer_reservation.prefab
  artifactKey: Guid(a87820c368d9dfa4fbf776488653d447) Importer(815301076,1909f56bfc062723c751e8b465ee728b)
Start importing Assets/Prefabs/customer_reservation.prefab using Guid(a87820c368d9dfa4fbf776488653d447) Importer(815301076,1909f56bfc062723c751e8b465ee728b) [PhysX] Initialized MultithreadedTaskDispatcher with 12 workers.
 -> (artifact id: 'ca8c1cb3bcaaf7761da0e7d43eb16b11') in 0.000511 seconds
Number of updated asset objects reloaded before import = 0
Number of asset objects unloaded after import = 0
========================================================================
Received Import Request.
  Time since last request: 0.055520 seconds.
  path: Assets/Prefabs/Cube.prefab
  artifactKey: Guid(2f3f3ddaa08afe048ba9a096ac2b9bbb) Importer(815301076,1909f56bfc062723c751e8b465ee728b)
Start importing Assets/Prefabs/Cube.prefab using Guid(2f3f3ddaa08afe048ba9a096ac2b9bbb) Importer(815301076,1909f56bfc062723c751e8b465ee728b) [PhysX] Initialized MultithreadedTaskDispatcher with 12 workers.
 -> (artifact id: '63e1a2c6c5f85ce7e59124fe68d4d1ba') in 0.000509 seconds
Number of updated asset objects reloaded before import = 0
Number of asset objects unloaded after import = 0
========================================================================
Received Import Request.
  Time since last request: 0.000121 seconds.
  path: Assets/Prefabs/customer_luggage.prefab
  artifactKey: Guid(8966d6666d84adf49aae546fced840ee) Importer(815301076,1909f56bfc062723c751e8b465ee728b)
Start importing Assets/Prefabs/customer_luggage.prefab using Guid(8966d6666d84adf49aae546fced840ee) Importer(815301076,1909f56bfc062723c751e8b465ee728b) [PhysX] Initialized MultithreadedTaskDispatcher with 12 workers.
 -> (artifact id: 'cdebdf668209ba090ed24333ed3b4e86') in 0.000398 seconds
Number of updated asset objects reloaded before import = 0
Number of asset objects unloaded after import = 0
========================================================================
Received Import Request.
  Time since last request: 0.000973 seconds.
  path: Assets/Prefabs/Main Camera.prefab
  artifactKey: Guid(dca0cd9b6d4e5b544a431fbb4abc8b8e) Importer(815301076,1909f56bfc062723c751e8b465ee728b)
Start importing Assets/Prefabs/Main Camera.prefab using Guid(dca0cd9b6d4e5b544a431fbb4abc8b8e) Importer(815301076,1909f56bfc062723c751e8b465ee728b) [PhysX] Initialized MultithreadedTaskDispatcher with 12 workers.
 -> (artifact id: '1abe0f4b09d8ea70b77db7846a7fa83f') in 0.000711 seconds
Number of updated asset objects reloaded before import = 0
Number of asset objects unloaded after import = 0
========================================================================
Received Import Request.
  Time since last request: 0.000361 seconds.
  path: Assets/Prefabs/Player.prefab
  artifactKey: Guid(c24484f46d838654d9750ca2e68e2349) Importer(815301076,1909f56bfc062723c751e8b465ee728b)
Start importing Assets/Prefabs/Player.prefab using Guid(c24484f46d838654d9750ca2e68e2349) Importer(815301076,1909f56bfc062723c751e8b465ee728b) [PhysX] Initialized MultithreadedTaskDispatcher with 12 workers.
 -> (artifact id: '5035beb55cec9a3ef37e1217130bec7c') in 0.000471 seconds
Number of updated asset objects reloaded before import = 0
Number of asset objects unloaded after import = 0
========================================================================
Received Import Request.
  Time since last request: 0.000142 seconds.
  path: Assets/Prefabs/UiCollisionKey.prefab
  artifactKey: Guid(f15110739299abd4f974d16b87e0a6b5) Importer(815301076,1909f56bfc062723c751e8b465ee728b)
Start importing Assets/Prefabs/UiCollisionKey.prefab using Guid(f15110739299abd4f974d16b87e0a6b5) Importer(815301076,1909f56bfc062723c751e8b465ee728b) [PhysX] Initialized MultithreadedTaskDispatcher with 12 workers.
 -> (artifact id: '4c946ab415aa52b8a2c1fae0f4527e0a') in 0.000467 seconds
Number of updated asset objects reloaded before import = 0
Number of asset objects unloaded after import = 0
========================================================================
Received Import Request.
  Time since last request: 0.000060 seconds.
  path: Assets/Prefabs/UiCollisionReservation.prefab
  artifactKey: Guid(0a01144c74bbc6043ad893ffd2ba8926) Importer(815301076,1909f56bfc062723c751e8b465ee728b)
Start importing Assets/Prefabs/UiCollisionReservation.prefab using Guid(0a01144c74bbc6043ad893ffd2ba8926) Importer(815301076,1909f56bfc062723c751e8b465ee728b) [PhysX] Initialized MultithreadedTaskDispatcher with 12 workers.
 -> (artifact id: 'd2e0713260d04685a2d2d97e5742e5ec') in 0.000454 seconds
Number of updated asset objects reloaded before import = 0
Number of asset objects unloaded after import = 0
========================================================================
Received Import Request.
  Time since last request: 0.524514 seconds.
  path: Assets/Prefabs/customer_luggage.prefab
  artifactKey: Guid(8966d6666d84adf49aae546fced840ee) Importer(815301076,1909f56bfc062723c751e8b465ee728b)
Start importing Assets/Prefabs/customer_luggage.prefab using Guid(8966d6666d84adf49aae546fced840ee) Importer(815301076,1909f56bfc062723c751e8b465ee728b) [PhysX] Initialized MultithreadedTaskDispatcher with 12 workers.
 -> (artifact id: 'cdebdf668209ba090ed24333ed3b4e86') in 0.000525 seconds
Number of updated asset objects reloaded before import = 0
Number of asset objects unloaded after import = 0
========================================================================
Received Import Request.
  Time since last request: 0.060698 seconds.
  path: Assets/Prefabs/Cube.prefab
  artifactKey: Guid(2f3f3ddaa08afe048ba9a096ac2b9bbb) Importer(815301076,1909f56bfc062723c751e8b465ee728b)
Start importing Assets/Prefabs/Cube.prefab using Guid(2f3f3ddaa08afe048ba9a096ac2b9bbb) Importer(815301076,1909f56bfc062723c751e8b465ee728b) [PhysX] Initialized MultithreadedTaskDispatcher with 12 workers.
 -> (artifact id: '63e1a2c6c5f85ce7e59124fe68d4d1ba') in 0.000606 seconds
Number of updated asset objects reloaded before import = 0
Number of asset objects unloaded after import = 0
========================================================================
Received Import Request.
  Time since last request: 0.000117 seconds.
  path: Assets/Prefabs/customer_reservation.prefab
  artifactKey: Guid(a87820c368d9dfa4fbf776488653d447) Importer(815301076,1909f56bfc062723c751e8b465ee728b)
Start importing Assets/Prefabs/customer_reservation.prefab using Guid(a87820c368d9dfa4fbf776488653d447) Importer(815301076,1909f56bfc062723c751e8b465ee728b) [PhysX] Initialized MultithreadedTaskDispatcher with 12 workers.
 -> (artifact id: 'ca8c1cb3bcaaf7761da0e7d43eb16b11') in 0.000436 seconds
Number of updated asset objects reloaded before import = 0
Number of asset objects unloaded after import = 0
========================================================================
Received Import Request.
  Time since last request: 0.000777 seconds.
  path: Assets/Prefabs/Main Camera.prefab
  artifactKey: Guid(dca0cd9b6d4e5b544a431fbb4abc8b8e) Importer(815301076,1909f56bfc062723c751e8b465ee728b)
Start importing Assets/Prefabs/Main Camera.prefab using Guid(dca0cd9b6d4e5b544a431fbb4abc8b8e) Importer(815301076,1909f56bfc062723c751e8b465ee728b) [PhysX] Initialized MultithreadedTaskDispatcher with 12 workers.
 -> (artifact id: '1abe0f4b09d8ea70b77db7846a7fa83f') in 0.000410 seconds
Number of updated asset objects reloaded before import = 0
Number of asset objects unloaded after import = 0
========================================================================
Received Import Request.
  Time since last request: 0.000407 seconds.
  path: Assets/Prefabs/Player.prefab
  artifactKey: Guid(c24484f46d838654d9750ca2e68e2349) Importer(815301076,1909f56bfc062723c751e8b465ee728b)
Start importing Assets/Prefabs/Player.prefab using Guid(c24484f46d838654d9750ca2e68e2349) Importer(815301076,1909f56bfc062723c751e8b465ee728b) [PhysX] Initialized MultithreadedTaskDispatcher with 12 workers.
 -> (artifact id: '5035beb55cec9a3ef37e1217130bec7c') in 0.000393 seconds
Number of updated asset objects reloaded before import = 0
Number of asset objects unloaded after import = 0
========================================================================
Received Import Request.
  Time since last request: 0.000166 seconds.
  path: Assets/Prefabs/UiCollisionKey.prefab
  artifactKey: Guid(f15110739299abd4f974d16b87e0a6b5) Importer(815301076,1909f56bfc062723c751e8b465ee728b)
Start importing Assets/Prefabs/UiCollisionKey.prefab using Guid(f15110739299abd4f974d16b87e0a6b5) Importer(815301076,1909f56bfc062723c751e8b465ee728b) [PhysX] Initialized MultithreadedTaskDispatcher with 12 workers.
 -> (artifact id: '4c946ab415aa52b8a2c1fae0f4527e0a') in 0.000524 seconds
Number of updated asset objects reloaded before import = 0
Number of asset objects unloaded after import = 0
========================================================================
Received Import Request.
  Time since last request: 0.000030 seconds.
  path: Assets/Prefabs/UiCollisionReservation.prefab
  artifactKey: Guid(0a01144c74bbc6043ad893ffd2ba8926) Importer(815301076,1909f56bfc062723c751e8b465ee728b)
Start importing Assets/Prefabs/UiCollisionReservation.prefab using Guid(0a01144c74bbc6043ad893ffd2ba8926) Importer(815301076,1909f56bfc062723c751e8b465ee728b) [PhysX] Initialized MultithreadedTaskDispatcher with 12 workers.
 -> (artifact id: 'd2e0713260d04685a2d2d97e5742e5ec') in 0.000684 seconds
Number of updated asset objects reloaded before import = 0
Number of asset objects unloaded after import = 0
========================================================================
Received Import Request.
  Time since last request: 1.228015 seconds.
  path: Assets/Prefabs/Cube.prefab
  artifactKey: Guid(2f3f3ddaa08afe048ba9a096ac2b9bbb) Importer(815301076,1909f56bfc062723c751e8b465ee728b)
Start importing Assets/Prefabs/Cube.prefab using Guid(2f3f3ddaa08afe048ba9a096ac2b9bbb) Importer(815301076,1909f56bfc062723c751e8b465ee728b) [PhysX] Initialized MultithreadedTaskDispatcher with 12 workers.
 -> (artifact id: '63e1a2c6c5f85ce7e59124fe68d4d1ba') in 0.000539 seconds
Number of updated asset objects reloaded before import = 0
Number of asset objects unloaded after import = 0
========================================================================
Received Import Request.
  Time since last request: 0.000066 seconds.
  path: Assets/Prefabs/customer_luggage.prefab
  artifactKey: Guid(8966d6666d84adf49aae546fced840ee) Importer(815301076,1909f56bfc062723c751e8b465ee728b)
Start importing Assets/Prefabs/customer_luggage.prefab using Guid(8966d6666d84adf49aae546fced840ee) Importer(815301076,1909f56bfc062723c751e8b465ee728b) [PhysX] Initialized MultithreadedTaskDispatcher with 12 workers.
 -> (artifact id: 'cdebdf668209ba090ed24333ed3b4e86') in 0.000451 seconds
Number of updated asset objects reloaded before import = 0
Number of asset objects unloaded after import = 0
========================================================================
Received Import Request.
  Time since last request: 0.000954 seconds.
  path: Assets/Prefabs/Player.prefab
  artifactKey: Guid(c24484f46d838654d9750ca2e68e2349) Importer(815301076,1909f56bfc062723c751e8b465ee728b)
Start importing Assets/Prefabs/Player.prefab using Guid(c24484f46d838654d9750ca2e68e2349) Importer(815301076,1909f56bfc062723c751e8b465ee728b) [PhysX] Initialized MultithreadedTaskDispatcher with 12 workers.
 -> (artifact id: '5035beb55cec9a3ef37e1217130bec7c') in 0.000442 seconds
Number of updated asset objects reloaded before import = 0
Number of asset objects unloaded after import = 0
========================================================================
Received Import Request.
  Time since last request: 0.000095 seconds.
  path: Assets/Prefabs/UiCollisionKey.prefab
  artifactKey: Guid(f15110739299abd4f974d16b87e0a6b5) Importer(815301076,1909f56bfc062723c751e8b465ee728b)
Start importing Assets/Prefabs/UiCollisionKey.prefab using Guid(f15110739299abd4f974d16b87e0a6b5) Importer(815301076,1909f56bfc062723c751e8b465ee728b) [PhysX] Initialized MultithreadedTaskDispatcher with 12 workers.
 -> (artifact id: '4c946ab415aa52b8a2c1fae0f4527e0a') in 0.000533 seconds
Number of updated asset objects reloaded before import = 0
Number of asset objects unloaded after import = 0
========================================================================
Received Import Request.
  Time since last request: 0.000062 seconds.
  path: Assets/Prefabs/UiCollisionReservation.prefab
  artifactKey: Guid(0a01144c74bbc6043ad893ffd2ba8926) Importer(815301076,1909f56bfc062723c751e8b465ee728b)
Start importing Assets/Prefabs/UiCollisionReservation.prefab using Guid(0a01144c74bbc6043ad893ffd2ba8926) Importer(815301076,1909f56bfc062723c751e8b465ee728b) [PhysX] Initialized MultithreadedTaskDispatcher with 12 workers.
 -> (artifact id: 'd2e0713260d04685a2d2d97e5742e5ec') in 0.000507 seconds
Number of updated asset objects reloaded before import = 0
Number of asset objects unloaded after import = 0
========================================================================
Received Import Request.
  Time since last request: 1.191996 seconds.
  path: Assets/Prefabs/Cube.prefab
  artifactKey: Guid(2f3f3ddaa08afe048ba9a096ac2b9bbb) Importer(815301076,1909f56bfc062723c751e8b465ee728b)
Start importing Assets/Prefabs/Cube.prefab using Guid(2f3f3ddaa08afe048ba9a096ac2b9bbb) Importer(815301076,1909f56bfc062723c751e8b465ee728b) [PhysX] Initialized MultithreadedTaskDispatcher with 12 workers.
 -> (artifact id: '63e1a2c6c5f85ce7e59124fe68d4d1ba') in 0.000593 seconds
Number of updated asset objects reloaded before import = 0
Number of asset objects unloaded after import = 0
========================================================================
Received Import Request.
  Time since last request: 0.000126 seconds.
  path: Assets/Prefabs/customer_reservation.prefab
  artifactKey: Guid(a87820c368d9dfa4fbf776488653d447) Importer(815301076,1909f56bfc062723c751e8b465ee728b)
Start importing Assets/Prefabs/customer_reservation.prefab using Guid(a87820c368d9dfa4fbf776488653d447) Importer(815301076,1909f56bfc062723c751e8b465ee728b) [PhysX] Initialized MultithreadedTaskDispatcher with 12 workers.
 -> (artifact id: 'ca8c1cb3bcaaf7761da0e7d43eb16b11') in 0.000431 seconds
Number of updated asset objects reloaded before import = 0
Number of asset objects unloaded after import = 0
========================================================================
Received Import Request.
  Time since last request: 0.000130 seconds.
  path: Assets/Prefabs/Main Camera.prefab
  artifactKey: Guid(dca0cd9b6d4e5b544a431fbb4abc8b8e) Importer(815301076,1909f56bfc062723c751e8b465ee728b)
Start importing Assets/Prefabs/Main Camera.prefab using Guid(dca0cd9b6d4e5b544a431fbb4abc8b8e) Importer(815301076,1909f56bfc062723c751e8b465ee728b) [PhysX] Initialized MultithreadedTaskDispatcher with 12 workers.
 -> (artifact id: '1abe0f4b09d8ea70b77db7846a7fa83f') in 0.000404 seconds
Number of updated asset objects reloaded before import = 0
Number of asset objects unloaded after import = 0
========================================================================
Received Import Request.
  Time since last request: 0.000512 seconds.
  path: Assets/Prefabs/RayCasting.prefab
  artifactKey: Guid(0279262f6fe551a4583662e08f50bd2c) Importer(815301076,1909f56bfc062723c751e8b465ee728b)
Start importing Assets/Prefabs/RayCasting.prefab using Guid(0279262f6fe551a4583662e08f50bd2c) Importer(815301076,1909f56bfc062723c751e8b465ee728b) [PhysX] Initialized MultithreadedTaskDispatcher with 12 workers.
 -> (artifact id: '355f8e6e9f253d5bc57a8aabbe7933dc') in 0.000471 seconds
Number of updated asset objects reloaded before import = 0
Number of asset objects unloaded after import = 0
========================================================================
Received Import Request.
  Time since last request: 0.000106 seconds.
  path: Assets/Prefabs/UiCollisionLuggage.prefab
  artifactKey: Guid(76863a42cfe9518409b130cde1fbfc45) Importer(815301076,1909f56bfc062723c751e8b465ee728b)
Start importing Assets/Prefabs/UiCollisionLuggage.prefab using Guid(76863a42cfe9518409b130cde1fbfc45) Importer(815301076,1909f56bfc062723c751e8b465ee728b) [PhysX] Initialized MultithreadedTaskDispatcher with 12 workers.
 -> (artifact id: '769f96a58268061b696ac9904cac3cab') in 0.000711 seconds
Number of updated asset objects reloaded before import = 0
Number of asset objects unloaded after import = 0
========================================================================
Received Import Request.
  Time since last request: 0.422741 seconds.
  path: Assets/Prefabs/customer_luggage.prefab
  artifactKey: Guid(8966d6666d84adf49aae546fced840ee) Importer(815301076,1909f56bfc062723c751e8b465ee728b)
Start importing Assets/Prefabs/customer_luggage.prefab using Guid(8966d6666d84adf49aae546fced840ee) Importer(815301076,1909f56bfc062723c751e8b465ee728b) [PhysX] Initialized MultithreadedTaskDispatcher with 12 workers.
 -> (artifact id: 'cdebdf668209ba090ed24333ed3b4e86') in 0.000526 seconds
Number of updated asset objects reloaded before import = 0
Number of asset objects unloaded after import = 0
========================================================================
Received Import Request.
  Time since last request: 0.073051 seconds.
  path: Assets/Prefabs/Cube.prefab
  artifactKey: Guid(2f3f3ddaa08afe048ba9a096ac2b9bbb) Importer(815301076,1909f56bfc062723c751e8b465ee728b)
Start importing Assets/Prefabs/Cube.prefab using Guid(2f3f3ddaa08afe048ba9a096ac2b9bbb) Importer(815301076,1909f56bfc062723c751e8b465ee728b) [PhysX] Initialized MultithreadedTaskDispatcher with 12 workers.
 -> (artifact id: '63e1a2c6c5f85ce7e59124fe68d4d1ba') in 0.000517 seconds
Number of updated asset objects reloaded before import = 0
Number of asset objects unloaded after import = 0
========================================================================
Received Import Request.
  Time since last request: 0.000016 seconds.
  path: Assets/Prefabs/customer_reservation.prefab
  artifactKey: Guid(a87820c368d9dfa4fbf776488653d447) Importer(815301076,1909f56bfc062723c751e8b465ee728b)
Start importing Assets/Prefabs/customer_reservation.prefab using Guid(a87820c368d9dfa4fbf776488653d447) Importer(815301076,1909f56bfc062723c751e8b465ee728b) [PhysX] Initialized MultithreadedTaskDispatcher with 12 workers.
 -> (artifact id: 'ca8c1cb3bcaaf7761da0e7d43eb16b11') in 0.000470 seconds
Number of updated asset objects reloaded before import = 0
Number of asset objects unloaded after import = 0
========================================================================
Received Import Request.
  Time since last request: 0.000683 seconds.
  path: Assets/Prefabs/Main Camera.prefab
  artifactKey: Guid(dca0cd9b6d4e5b544a431fbb4abc8b8e) Importer(815301076,1909f56bfc062723c751e8b465ee728b)
Start importing Assets/Prefabs/Main Camera.prefab using Guid(dca0cd9b6d4e5b544a431fbb4abc8b8e) Importer(815301076,1909f56bfc062723c751e8b465ee728b) [PhysX] Initialized MultithreadedTaskDispatcher with 12 workers.
 -> (artifact id: '1abe0f4b09d8ea70b77db7846a7fa83f') in 0.000447 seconds
Number of updated asset objects reloaded before import = 0
Number of asset objects unloaded after import = 0
========================================================================
Received Import Request.
  Time since last request: 0.000289 seconds.
  path: Assets/Prefabs/Player.prefab
  artifactKey: Guid(c24484f46d838654d9750ca2e68e2349) Importer(815301076,1909f56bfc062723c751e8b465ee728b)
Start importing Assets/Prefabs/Player.prefab using Guid(c24484f46d838654d9750ca2e68e2349) Importer(815301076,1909f56bfc062723c751e8b465ee728b) [PhysX] Initialized MultithreadedTaskDispatcher with 12 workers.
 -> (artifact id: '5035beb55cec9a3ef37e1217130bec7c') in 0.000404 seconds
Number of updated asset objects reloaded before import = 0
Number of asset objects unloaded after import = 0
========================================================================
Received Import Request.
  Time since last request: 0.000137 seconds.
  path: Assets/Prefabs/UiCollisionKey.prefab
  artifactKey: Guid(f15110739299abd4f974d16b87e0a6b5) Importer(815301076,1909f56bfc062723c751e8b465ee728b)
Start importing Assets/Prefabs/UiCollisionKey.prefab using Guid(f15110739299abd4f974d16b87e0a6b5) Importer(815301076,1909f56bfc062723c751e8b465ee728b) [PhysX] Initialized MultithreadedTaskDispatcher with 12 workers.
 -> (artifact id: '4c946ab415aa52b8a2c1fae0f4527e0a') in 0.000430 seconds
Number of updated asset objects reloaded before import = 0
Number of asset objects unloaded after import = 0
========================================================================
Received Import Request.
  Time since last request: 0.000087 seconds.
  path: Assets/Prefabs/UiCollisionReservation.prefab
  artifactKey: Guid(0a01144c74bbc6043ad893ffd2ba8926) Importer(815301076,1909f56bfc062723c751e8b465ee728b)
Start importing Assets/Prefabs/UiCollisionReservation.prefab using Guid(0a01144c74bbc6043ad893ffd2ba8926) Importer(815301076,1909f56bfc062723c751e8b465ee728b) [PhysX] Initialized MultithreadedTaskDispatcher with 12 workers.
 -> (artifact id: 'd2e0713260d04685a2d2d97e5742e5ec') in 0.000406 seconds
Number of updated asset objects reloaded before import = 0
Number of asset objects unloaded after import = 0
========================================================================
Received Import Request.
  Time since last request: 1.817752 seconds.
  path: Assets/Prefabs/customer_key.prefab
  artifactKey: Guid(af397f1f3e64fa04f959444d3bec0bf5) Importer(815301076,1909f56bfc062723c751e8b465ee728b)
Start importing Assets/Prefabs/customer_key.prefab using Guid(af397f1f3e64fa04f959444d3bec0bf5) Importer(815301076,1909f56bfc062723c751e8b465ee728b) [PhysX] Initialized MultithreadedTaskDispatcher with 12 workers.
 -> (artifact id: '4faeb53b82d72c798d79db1700e63f98') in 0.002159 seconds
Number of updated asset objects reloaded before import = 0
Number of asset objects unloaded after import = 0
========================================================================
Received Import Request.
  Time since last request: 0.043889 seconds.
  path: Assets/Prefabs/Cube.prefab
  artifactKey: Guid(2f3f3ddaa08afe048ba9a096ac2b9bbb) Importer(815301076,1909f56bfc062723c751e8b465ee728b)
Start importing Assets/Prefabs/Cube.prefab using Guid(2f3f3ddaa08afe048ba9a096ac2b9bbb) Importer(815301076,1909f56bfc062723c751e8b465ee728b) [PhysX] Initialized MultithreadedTaskDispatcher with 12 workers.
 -> (artifact id: '63e1a2c6c5f85ce7e59124fe68d4d1ba') in 0.002054 seconds
Number of updated asset objects reloaded before import = 0
Number of asset objects unloaded after import = 0
========================================================================
Received Import Request.
  Time since last request: 0.000141 seconds.
  path: Assets/Prefabs/customer_reservation.prefab
  artifactKey: Guid(a87820c368d9dfa4fbf776488653d447) Importer(815301076,1909f56bfc062723c751e8b465ee728b)
Start importing Assets/Prefabs/customer_reservation.prefab using Guid(a87820c368d9dfa4fbf776488653d447) Importer(815301076,1909f56bfc062723c751e8b465ee728b) [PhysX] Initialized MultithreadedTaskDispatcher with 12 workers.
 -> (artifact id: 'ca8c1cb3bcaaf7761da0e7d43eb16b11') in 0.000457 seconds
Number of updated asset objects reloaded before import = 0
Number of asset objects unloaded after import = 0
========================================================================
Received Import Request.
  Time since last request: 0.001498 seconds.
  path: Assets/Prefabs/Player.prefab
  artifactKey: Guid(c24484f46d838654d9750ca2e68e2349) Importer(815301076,1909f56bfc062723c751e8b465ee728b)
Start importing Assets/Prefabs/Player.prefab using Guid(c24484f46d838654d9750ca2e68e2349) Importer(815301076,1909f56bfc062723c751e8b465ee728b) [PhysX] Initialized MultithreadedTaskDispatcher with 12 workers.
 -> (artifact id: '5035beb55cec9a3ef37e1217130bec7c') in 0.000585 seconds
Number of updated asset objects reloaded before import = 0
Number of asset objects unloaded after import = 0
========================================================================
Received Import Request.
  Time since last request: 0.000043 seconds.
  path: Assets/Prefabs/UiCollisionKey.prefab
  artifactKey: Guid(f15110739299abd4f974d16b87e0a6b5) Importer(815301076,1909f56bfc062723c751e8b465ee728b)
Start importing Assets/Prefabs/UiCollisionKey.prefab using Guid(f15110739299abd4f974d16b87e0a6b5) Importer(815301076,1909f56bfc062723c751e8b465ee728b) [PhysX] Initialized MultithreadedTaskDispatcher with 12 workers.
 -> (artifact id: '4c946ab415aa52b8a2c1fae0f4527e0a') in 0.000463 seconds
Number of updated asset objects reloaded before import = 0
Number of asset objects unloaded after import = 0
========================================================================
Received Import Request.
  Time since last request: 0.000133 seconds.
  path: Assets/Prefabs/UiCollisionReservation.prefab
  artifactKey: Guid(0a01144c74bbc6043ad893ffd2ba8926) Importer(815301076,1909f56bfc062723c751e8b465ee728b)
Start importing Assets/Prefabs/UiCollisionReservation.prefab using Guid(0a01144c74bbc6043ad893ffd2ba8926) Importer(815301076,1909f56bfc062723c751e8b465ee728b) [PhysX] Initialized MultithreadedTaskDispatcher with 12 workers.
 -> (artifact id: 'd2e0713260d04685a2d2d97e5742e5ec') in 0.000449 seconds
Number of updated asset objects reloaded before import = 0
Number of asset objects unloaded after import = 0
========================================================================
Received Import Request.
  Time since last request: 1.669395 seconds.
  path: Assets/Prefabs/Cube.prefab
  artifactKey: Guid(2f3f3ddaa08afe048ba9a096ac2b9bbb) Importer(815301076,1909f56bfc062723c751e8b465ee728b)
Start importing Assets/Prefabs/Cube.prefab using Guid(2f3f3ddaa08afe048ba9a096ac2b9bbb) Importer(815301076,1909f56bfc062723c751e8b465ee728b) [PhysX] Initialized MultithreadedTaskDispatcher with 12 workers.
 -> (artifact id: '63e1a2c6c5f85ce7e59124fe68d4d1ba') in 0.000856 seconds
Number of updated asset objects reloaded before import = 0
Number of asset objects unloaded after import = 0
========================================================================
Received Import Request.
  Time since last request: 0.000179 seconds.
  path: Assets/Prefabs/customer_reservation.prefab
  artifactKey: Guid(a87820c368d9dfa4fbf776488653d447) Importer(815301076,1909f56bfc062723c751e8b465ee728b)
Start importing Assets/Prefabs/customer_reservation.prefab using Guid(a87820c368d9dfa4fbf776488653d447) Importer(815301076,1909f56bfc062723c751e8b465ee728b) [PhysX] Initialized MultithreadedTaskDispatcher with 12 workers.
 -> (artifact id: 'ca8c1cb3bcaaf7761da0e7d43eb16b11') in 0.000473 seconds
Number of updated asset objects reloaded before import = 0
Number of asset objects unloaded after import = 0
========================================================================
Received Import Request.
  Time since last request: 0.000522 seconds.
  path: Assets/Prefabs/Main Camera.prefab
  artifactKey: Guid(dca0cd9b6d4e5b544a431fbb4abc8b8e) Importer(815301076,1909f56bfc062723c751e8b465ee728b)
Start importing Assets/Prefabs/Main Camera.prefab using Guid(dca0cd9b6d4e5b544a431fbb4abc8b8e) Importer(815301076,1909f56bfc062723c751e8b465ee728b) [PhysX] Initialized MultithreadedTaskDispatcher with 12 workers.
 -> (artifact id: '1abe0f4b09d8ea70b77db7846a7fa83f') in 0.000466 seconds
Number of updated asset objects reloaded before import = 0
Number of asset objects unloaded after import = 0
========================================================================
Received Import Request.
  Time since last request: 0.000387 seconds.
  path: Assets/Prefabs/Player.prefab
  artifactKey: Guid(c24484f46d838654d9750ca2e68e2349) Importer(815301076,1909f56bfc062723c751e8b465ee728b)
Start importing Assets/Prefabs/Player.prefab using Guid(c24484f46d838654d9750ca2e68e2349) Importer(815301076,1909f56bfc062723c751e8b465ee728b) [PhysX] Initialized MultithreadedTaskDispatcher with 12 workers.
 -> (artifact id: '5035beb55cec9a3ef37e1217130bec7c') in 0.000408 seconds
Number of updated asset objects reloaded before import = 0
Number of asset objects unloaded after import = 0
========================================================================
Received Import Request.
  Time since last request: 0.000133 seconds.
  path: Assets/Prefabs/UiCollisionKey.prefab
  artifactKey: Guid(f15110739299abd4f974d16b87e0a6b5) Importer(815301076,1909f56bfc062723c751e8b465ee728b)
Start importing Assets/Prefabs/UiCollisionKey.prefab using Guid(f15110739299abd4f974d16b87e0a6b5) Importer(815301076,1909f56bfc062723c751e8b465ee728b) [PhysX] Initialized MultithreadedTaskDispatcher with 12 workers.
 -> (artifact id: '4c946ab415aa52b8a2c1fae0f4527e0a') in 0.000461 seconds
Number of updated asset objects reloaded before import = 0
Number of asset objects unloaded after import = 0
========================================================================
Received Import Request.
  Time since last request: 0.000013 seconds.
  path: Assets/Prefabs/UiCollisionReservation.prefab
  artifactKey: Guid(0a01144c74bbc6043ad893ffd2ba8926) Importer(815301076,1909f56bfc062723c751e8b465ee728b)
Start importing Assets/Prefabs/UiCollisionReservation.prefab using Guid(0a01144c74bbc6043ad893ffd2ba8926) Importer(815301076,1909f56bfc062723c751e8b465ee728b) [PhysX] Initialized MultithreadedTaskDispatcher with 12 workers.
 -> (artifact id: 'd2e0713260d04685a2d2d97e5742e5ec') in 0.000439 seconds
Number of updated asset objects reloaded before import = 0
Number of asset objects unloaded after import = 0
========================================================================
Received Import Request.
  Time since last request: 2.748360 seconds.
  path: Assets/Prefabs/Cube.prefab
  artifactKey: Guid(2f3f3ddaa08afe048ba9a096ac2b9bbb) Importer(815301076,1909f56bfc062723c751e8b465ee728b)
Start importing Assets/Prefabs/Cube.prefab using Guid(2f3f3ddaa08afe048ba9a096ac2b9bbb) Importer(815301076,1909f56bfc062723c751e8b465ee728b) [PhysX] Initialized MultithreadedTaskDispatcher with 12 workers.
 -> (artifact id: '63e1a2c6c5f85ce7e59124fe68d4d1ba') in 0.000612 seconds
Number of updated asset objects reloaded before import = 0
Number of asset objects unloaded after import = 0
========================================================================
Received Import Request.
  Time since last request: 0.000125 seconds.
  path: Assets/Prefabs/customer_reservation.prefab
  artifactKey: Guid(a87820c368d9dfa4fbf776488653d447) Importer(815301076,1909f56bfc062723c751e8b465ee728b)
Start importing Assets/Prefabs/customer_reservation.prefab using Guid(a87820c368d9dfa4fbf776488653d447) Importer(815301076,1909f56bfc062723c751e8b465ee728b) [PhysX] Initialized MultithreadedTaskDispatcher with 12 workers.
 -> (artifact id: 'ca8c1cb3bcaaf7761da0e7d43eb16b11') in 0.000506 seconds
Number of updated asset objects reloaded before import = 0
Number of asset objects unloaded after import = 0
========================================================================
Received Import Request.
  Time since last request: 0.000317 seconds.
  path: Assets/Prefabs/Main Camera.prefab
  artifactKey: Guid(dca0cd9b6d4e5b544a431fbb4abc8b8e) Importer(815301076,1909f56bfc062723c751e8b465ee728b)
Start importing Assets/Prefabs/Main Camera.prefab using Guid(dca0cd9b6d4e5b544a431fbb4abc8b8e) Importer(815301076,1909f56bfc062723c751e8b465ee728b) [PhysX] Initialized MultithreadedTaskDispatcher with 12 workers.
 -> (artifact id: '1abe0f4b09d8ea70b77db7846a7fa83f') in 0.000522 seconds
Number of updated asset objects reloaded before import = 0
Number of asset objects unloaded after import = 0
========================================================================
Received Import Request.
  Time since last request: 0.000191 seconds.
  path: Assets/Prefabs/RayCasting.prefab
  artifactKey: Guid(0279262f6fe551a4583662e08f50bd2c) Importer(815301076,1909f56bfc062723c751e8b465ee728b)
Start importing Assets/Prefabs/RayCasting.prefab using Guid(0279262f6fe551a4583662e08f50bd2c) Importer(815301076,1909f56bfc062723c751e8b465ee728b) [PhysX] Initialized MultithreadedTaskDispatcher with 12 workers.
 -> (artifact id: '355f8e6e9f253d5bc57a8aabbe7933dc') in 0.000459 seconds
Number of updated asset objects reloaded before import = 0
Number of asset objects unloaded after import = 0
========================================================================
Received Import Request.
  Time since last request: 0.000093 seconds.
  path: Assets/Prefabs/UiCollisionLuggage.prefab
  artifactKey: Guid(76863a42cfe9518409b130cde1fbfc45) Importer(815301076,1909f56bfc062723c751e8b465ee728b)
Start importing Assets/Prefabs/UiCollisionLuggage.prefab using Guid(76863a42cfe9518409b130cde1fbfc45) Importer(815301076,1909f56bfc062723c751e8b465ee728b) [PhysX] Initialized MultithreadedTaskDispatcher with 12 workers.
 -> (artifact id: '769f96a58268061b696ac9904cac3cab') in 0.000551 seconds
Number of updated asset objects reloaded before import = 0
Number of asset objects unloaded after import = 0
========================================================================
Received Import Request.
  Time since last request: 4.910934 seconds.
  path: Assets/Prefabs/Cube.prefab
  artifactKey: Guid(2f3f3ddaa08afe048ba9a096ac2b9bbb) Importer(815301076,1909f56bfc062723c751e8b465ee728b)
Start importing Assets/Prefabs/Cube.prefab using Guid(2f3f3ddaa08afe048ba9a096ac2b9bbb) Importer(815301076,1909f56bfc062723c751e8b465ee728b) [PhysX] Initialized MultithreadedTaskDispatcher with 12 workers.
 -> (artifact id: '63e1a2c6c5f85ce7e59124fe68d4d1ba') in 0.000523 seconds
Number of updated asset objects reloaded before import = 0
Number of asset objects unloaded after import = 0
========================================================================
Received Import Request.
  Time since last request: 0.000102 seconds.
  path: Assets/Prefabs/customer_reservation.prefab
  artifactKey: Guid(a87820c368d9dfa4fbf776488653d447) Importer(815301076,1909f56bfc062723c751e8b465ee728b)
Start importing Assets/Prefabs/customer_reservation.prefab using Guid(a87820c368d9dfa4fbf776488653d447) Importer(815301076,1909f56bfc062723c751e8b465ee728b) [PhysX] Initialized MultithreadedTaskDispatcher with 12 workers.
 -> (artifact id: 'ca8c1cb3bcaaf7761da0e7d43eb16b11') in 0.000409 seconds
Number of updated asset objects reloaded before import = 0
Number of asset objects unloaded after import = 0
========================================================================
Received Import Request.
  Time since last request: 0.000555 seconds.
  path: Assets/Prefabs/Main Camera.prefab
  artifactKey: Guid(dca0cd9b6d4e5b544a431fbb4abc8b8e) Importer(815301076,1909f56bfc062723c751e8b465ee728b)
Start importing Assets/Prefabs/Main Camera.prefab using Guid(dca0cd9b6d4e5b544a431fbb4abc8b8e) Importer(815301076,1909f56bfc062723c751e8b465ee728b) [PhysX] Initialized MultithreadedTaskDispatcher with 12 workers.
 -> (artifact id: '1abe0f4b09d8ea70b77db7846a7fa83f') in 0.000392 seconds
Number of updated asset objects reloaded before import = 0
Number of asset objects unloaded after import = 0
========================================================================
Received Import Request.
  Time since last request: 0.000432 seconds.
  path: Assets/Prefabs/Player.prefab
  artifactKey: Guid(c24484f46d838654d9750ca2e68e2349) Importer(815301076,1909f56bfc062723c751e8b465ee728b)
Start importing Assets/Prefabs/Player.prefab using Guid(c24484f46d838654d9750ca2e68e2349) Importer(815301076,1909f56bfc062723c751e8b465ee728b) [PhysX] Initialized MultithreadedTaskDispatcher with 12 workers.
 -> (artifact id: '5035beb55cec9a3ef37e1217130bec7c') in 0.000441 seconds
Number of updated asset objects reloaded before import = 0
Number of asset objects unloaded after import = 0
========================================================================
Received Import Request.
  Time since last request: 0.000068 seconds.
  path: Assets/Prefabs/UiCollisionKey.prefab
  artifactKey: Guid(f15110739299abd4f974d16b87e0a6b5) Importer(815301076,1909f56bfc062723c751e8b465ee728b)
Start importing Assets/Prefabs/UiCollisionKey.prefab using Guid(f15110739299abd4f974d16b87e0a6b5) Importer(815301076,1909f56bfc062723c751e8b465ee728b) [PhysX] Initialized MultithreadedTaskDispatcher with 12 workers.
 -> (artifact id: '4c946ab415aa52b8a2c1fae0f4527e0a') in 0.000639 seconds
Number of updated asset objects reloaded before import = 0
Number of asset objects unloaded after import = 0
========================================================================
Received Import Request.
  Time since last request: 0.000061 seconds.
  path: Assets/Prefabs/UiCollisionReservation.prefab
  artifactKey: Guid(0a01144c74bbc6043ad893ffd2ba8926) Importer(815301076,1909f56bfc062723c751e8b465ee728b)
Start importing Assets/Prefabs/UiCollisionReservation.prefab using Guid(0a01144c74bbc6043ad893ffd2ba8926) Importer(815301076,1909f56bfc062723c751e8b465ee728b) [PhysX] Initialized MultithreadedTaskDispatcher with 12 workers.
 -> (artifact id: 'd2e0713260d04685a2d2d97e5742e5ec') in 0.000606 seconds
Number of updated asset objects reloaded before import = 0
Number of asset objects unloaded after import = 0
========================================================================
Received Import Request.
  Time since last request: 0.291395 seconds.
  path: Assets/Prefabs/Cube.prefab
  artifactKey: Guid(2f3f3ddaa08afe048ba9a096ac2b9bbb) Importer(815301076,1909f56bfc062723c751e8b465ee728b)
Start importing Assets/Prefabs/Cube.prefab using Guid(2f3f3ddaa08afe048ba9a096ac2b9bbb) Importer(815301076,1909f56bfc062723c751e8b465ee728b) [PhysX] Initialized MultithreadedTaskDispatcher with 12 workers.
 -> (artifact id: '63e1a2c6c5f85ce7e59124fe68d4d1ba') in 0.000527 seconds
Number of updated asset objects reloaded before import = 0
Number of asset objects unloaded after import = 0
========================================================================
Received Import Request.
  Time since last request: 0.000156 seconds.
  path: Assets/Prefabs/customer_reservation.prefab
  artifactKey: Guid(a87820c368d9dfa4fbf776488653d447) Importer(815301076,1909f56bfc062723c751e8b465ee728b)
Start importing Assets/Prefabs/customer_reservation.prefab using Guid(a87820c368d9dfa4fbf776488653d447) Importer(815301076,1909f56bfc062723c751e8b465ee728b) [PhysX] Initialized MultithreadedTaskDispatcher with 12 workers.
 -> (artifact id: 'ca8c1cb3bcaaf7761da0e7d43eb16b11') in 0.000405 seconds
Number of updated asset objects reloaded before import = 0
Number of asset objects unloaded after import = 0
========================================================================
Received Import Request.
  Time since last request: 0.000304 seconds.
  path: Assets/Prefabs/Main Camera.prefab
  artifactKey: Guid(dca0cd9b6d4e5b544a431fbb4abc8b8e) Importer(815301076,1909f56bfc062723c751e8b465ee728b)
Start importing Assets/Prefabs/Main Camera.prefab using Guid(dca0cd9b6d4e5b544a431fbb4abc8b8e) Importer(815301076,1909f56bfc062723c751e8b465ee728b) [PhysX] Initialized MultithreadedTaskDispatcher with 12 workers.
 -> (artifact id: '1abe0f4b09d8ea70b77db7846a7fa83f') in 0.000657 seconds
Number of updated asset objects reloaded before import = 0
Number of asset objects unloaded after import = 0
========================================================================
Received Import Request.
  Time since last request: 0.000191 seconds.
  path: Assets/Prefabs/RayCasting.prefab
  artifactKey: Guid(0279262f6fe551a4583662e08f50bd2c) Importer(815301076,1909f56bfc062723c751e8b465ee728b)
Start importing Assets/Prefabs/RayCasting.prefab using Guid(0279262f6fe551a4583662e08f50bd2c) Importer(815301076,1909f56bfc062723c751e8b465ee728b) [PhysX] Initialized MultithreadedTaskDispatcher with 12 workers.
 -> (artifact id: '355f8e6e9f253d5bc57a8aabbe7933dc') in 0.000470 seconds
Number of updated asset objects reloaded before import = 0
Number of asset objects unloaded after import = 0
========================================================================
Received Import Request.
  Time since last request: 0.000102 seconds.
  path: Assets/Prefabs/UiCollisionLuggage.prefab
  artifactKey: Guid(76863a42cfe9518409b130cde1fbfc45) Importer(815301076,1909f56bfc062723c751e8b465ee728b)
Start importing Assets/Prefabs/UiCollisionLuggage.prefab using Guid(76863a42cfe9518409b130cde1fbfc45) Importer(815301076,1909f56bfc062723c751e8b465ee728b) [PhysX] Initialized MultithreadedTaskDispatcher with 12 workers.
 -> (artifact id: '769f96a58268061b696ac9904cac3cab') in 0.000428 seconds
Number of updated asset objects reloaded before import = 0
Number of asset objects unloaded after import = 0
========================================================================
Received Import Request.
  Time since last request: 0.297107 seconds.
  path: Assets/Prefabs/Cube.prefab
  artifactKey: Guid(2f3f3ddaa08afe048ba9a096ac2b9bbb) Importer(815301076,1909f56bfc062723c751e8b465ee728b)
Start importing Assets/Prefabs/Cube.prefab using Guid(2f3f3ddaa08afe048ba9a096ac2b9bbb) Importer(815301076,1909f56bfc062723c751e8b465ee728b) [PhysX] Initialized MultithreadedTaskDispatcher with 12 workers.
 -> (artifact id: '63e1a2c6c5f85ce7e59124fe68d4d1ba') in 0.000531 seconds
Number of updated asset objects reloaded before import = 0
Number of asset objects unloaded after import = 0
========================================================================
Received Import Request.
  Time since last request: 0.000143 seconds.
  path: Assets/Prefabs/customer_reservation.prefab
  artifactKey: Guid(a87820c368d9dfa4fbf776488653d447) Importer(815301076,1909f56bfc062723c751e8b465ee728b)
Start importing Assets/Prefabs/customer_reservation.prefab using Guid(a87820c368d9dfa4fbf776488653d447) Importer(815301076,1909f56bfc062723c751e8b465ee728b) [PhysX] Initialized MultithreadedTaskDispatcher with 12 workers.
 -> (artifact id: 'ca8c1cb3bcaaf7761da0e7d43eb16b11') in 0.000443 seconds
Number of updated asset objects reloaded before import = 0
Number of asset objects unloaded after import = 0
========================================================================
Received Import Request.
  Time since last request: 0.000587 seconds.
  path: Assets/Prefabs/Main Camera.prefab
  artifactKey: Guid(dca0cd9b6d4e5b544a431fbb4abc8b8e) Importer(815301076,1909f56bfc062723c751e8b465ee728b)
Start importing Assets/Prefabs/Main Camera.prefab using Guid(dca0cd9b6d4e5b544a431fbb4abc8b8e) Importer(815301076,1909f56bfc062723c751e8b465ee728b) [PhysX] Initialized MultithreadedTaskDispatcher with 12 workers.
 -> (artifact id: '1abe0f4b09d8ea70b77db7846a7fa83f') in 0.000420 seconds
Number of updated asset objects reloaded before import = 0
Number of asset objects unloaded after import = 0
========================================================================
Received Import Request.
  Time since last request: 0.000515 seconds.
  path: Assets/Prefabs/Player.prefab
  artifactKey: Guid(c24484f46d838654d9750ca2e68e2349) Importer(815301076,1909f56bfc062723c751e8b465ee728b)
Start importing Assets/Prefabs/Player.prefab using Guid(c24484f46d838654d9750ca2e68e2349) Importer(815301076,1909f56bfc062723c751e8b465ee728b) [PhysX] Initialized MultithreadedTaskDispatcher with 12 workers.
 -> (artifact id: '5035beb55cec9a3ef37e1217130bec7c') in 0.000435 seconds
Number of updated asset objects reloaded before import = 0
Number of asset objects unloaded after import = 0
========================================================================
Received Import Request.
  Time since last request: 0.000025 seconds.
  path: Assets/Prefabs/UiCollisionKey.prefab
  artifactKey: Guid(f15110739299abd4f974d16b87e0a6b5) Importer(815301076,1909f56bfc062723c751e8b465ee728b)
Start importing Assets/Prefabs/UiCollisionKey.prefab using Guid(f15110739299abd4f974d16b87e0a6b5) Importer(815301076,1909f56bfc062723c751e8b465ee728b) [PhysX] Initialized MultithreadedTaskDispatcher with 12 workers.
 -> (artifact id: '4c946ab415aa52b8a2c1fae0f4527e0a') in 0.000598 seconds
Number of updated asset objects reloaded before import = 0
Number of asset objects unloaded after import = 0
========================================================================
Received Import Request.
  Time since last request: 0.000151 seconds.
  path: Assets/Prefabs/UiCollisionReservation.prefab
  artifactKey: Guid(0a01144c74bbc6043ad893ffd2ba8926) Importer(815301076,1909f56bfc062723c751e8b465ee728b)
Start importing Assets/Prefabs/UiCollisionReservation.prefab using Guid(0a01144c74bbc6043ad893ffd2ba8926) Importer(815301076,1909f56bfc062723c751e8b465ee728b) [PhysX] Initialized MultithreadedTaskDispatcher with 12 workers.
 -> (artifact id: 'd2e0713260d04685a2d2d97e5742e5ec') in 0.000553 seconds
Number of updated asset objects reloaded before import = 0
Number of asset objects unloaded after import = 0
========================================================================
Received Import Request.
  Time since last request: 0.273778 seconds.
  path: Assets/Prefabs/Cube.prefab
  artifactKey: Guid(2f3f3ddaa08afe048ba9a096ac2b9bbb) Importer(815301076,1909f56bfc062723c751e8b465ee728b)
Start importing Assets/Prefabs/Cube.prefab using Guid(2f3f3ddaa08afe048ba9a096ac2b9bbb) Importer(815301076,1909f56bfc062723c751e8b465ee728b) [PhysX] Initialized MultithreadedTaskDispatcher with 12 workers.
 -> (artifact id: '63e1a2c6c5f85ce7e59124fe68d4d1ba') in 0.002464 seconds
Number of updated asset objects reloaded before import = 0
Number of asset objects unloaded after import = 0
========================================================================
Received Import Request.
  Time since last request: 0.000092 seconds.
  path: Assets/Prefabs/customer_reservation.prefab
  artifactKey: Guid(a87820c368d9dfa4fbf776488653d447) Importer(815301076,1909f56bfc062723c751e8b465ee728b)
Start importing Assets/Prefabs/customer_reservation.prefab using Guid(a87820c368d9dfa4fbf776488653d447) Importer(815301076,1909f56bfc062723c751e8b465ee728b) [PhysX] Initialized MultithreadedTaskDispatcher with 12 workers.
 -> (artifact id: 'ca8c1cb3bcaaf7761da0e7d43eb16b11') in 0.000476 seconds
Number of updated asset objects reloaded before import = 0
Number of asset objects unloaded after import = 0
========================================================================
Received Import Request.
  Time since last request: 0.000079 seconds.
  path: Assets/Prefabs/Main Camera.prefab
  artifactKey: Guid(dca0cd9b6d4e5b544a431fbb4abc8b8e) Importer(815301076,1909f56bfc062723c751e8b465ee728b)
Start importing Assets/Prefabs/Main Camera.prefab using Guid(dca0cd9b6d4e5b544a431fbb4abc8b8e) Importer(815301076,1909f56bfc062723c751e8b465ee728b) [PhysX] Initialized MultithreadedTaskDispatcher with 12 workers.
 -> (artifact id: '1abe0f4b09d8ea70b77db7846a7fa83f') in 0.000588 seconds
Number of updated asset objects reloaded before import = 0
Number of asset objects unloaded after import = 0
========================================================================
Received Import Request.
  Time since last request: 0.000093 seconds.
  path: Assets/Prefabs/RayCasting.prefab
  artifactKey: Guid(0279262f6fe551a4583662e08f50bd2c) Importer(815301076,1909f56bfc062723c751e8b465ee728b)
Start importing Assets/Prefabs/RayCasting.prefab using Guid(0279262f6fe551a4583662e08f50bd2c) Importer(815301076,1909f56bfc062723c751e8b465ee728b) [PhysX] Initialized MultithreadedTaskDispatcher with 12 workers.
 -> (artifact id: '355f8e6e9f253d5bc57a8aabbe7933dc') in 0.000499 seconds
Number of updated asset objects reloaded before import = 0
Number of asset objects unloaded after import = 0
========================================================================
Received Import Request.
  Time since last request: 0.000053 seconds.
  path: Assets/Prefabs/UiCollisionLuggage.prefab
  artifactKey: Guid(76863a42cfe9518409b130cde1fbfc45) Importer(815301076,1909f56bfc062723c751e8b465ee728b)
Start importing Assets/Prefabs/UiCollisionLuggage.prefab using Guid(76863a42cfe9518409b130cde1fbfc45) Importer(815301076,1909f56bfc062723c751e8b465ee728b) [PhysX] Initialized MultithreadedTaskDispatcher with 12 workers.
 -> (artifact id: '769f96a58268061b696ac9904cac3cab') in 0.000559 seconds
Number of updated asset objects reloaded before import = 0
Number of asset objects unloaded after import = 0
========================================================================
Received Import Request.
  Time since last request: 0.062898 seconds.
  path: Assets/Prefabs/customer_key.prefab
  artifactKey: Guid(af397f1f3e64fa04f959444d3bec0bf5) Importer(815301076,1909f56bfc062723c751e8b465ee728b)
Start importing Assets/Prefabs/customer_key.prefab using Guid(af397f1f3e64fa04f959444d3bec0bf5) Importer(815301076,1909f56bfc062723c751e8b465ee728b) [PhysX] Initialized MultithreadedTaskDispatcher with 12 workers.
 -> (artifact id: '829060cadbd48aa17ba2345e3c05c855') in 0.000522 seconds
Number of updated asset objects reloaded before import = 0
Number of asset objects unloaded after import = 0
========================================================================
Received Import Request.
  Time since last request: 0.054169 seconds.
  path: Assets/Prefabs/Cube.prefab
  artifactKey: Guid(2f3f3ddaa08afe048ba9a096ac2b9bbb) Importer(815301076,1909f56bfc062723c751e8b465ee728b)
Start importing Assets/Prefabs/Cube.prefab using Guid(2f3f3ddaa08afe048ba9a096ac2b9bbb) Importer(815301076,1909f56bfc062723c751e8b465ee728b) [PhysX] Initialized MultithreadedTaskDispatcher with 12 workers.
 -> (artifact id: '63e1a2c6c5f85ce7e59124fe68d4d1ba') in 0.000738 seconds
Number of updated asset objects reloaded before import = 0
Number of asset objects unloaded after import = 0
========================================================================
Received Import Request.
  Time since last request: 0.000016 seconds.
  path: Assets/Prefabs/customer_reservation.prefab
  artifactKey: Guid(a87820c368d9dfa4fbf776488653d447) Importer(815301076,1909f56bfc062723c751e8b465ee728b)
Start importing Assets/Prefabs/customer_reservation.prefab using Guid(a87820c368d9dfa4fbf776488653d447) Importer(815301076,1909f56bfc062723c751e8b465ee728b) [PhysX] Initialized MultithreadedTaskDispatcher with 12 workers.
 -> (artifact id: 'ca8c1cb3bcaaf7761da0e7d43eb16b11') in 0.000426 seconds
Number of updated asset objects reloaded before import = 0
Number of asset objects unloaded after import = 0
========================================================================
Received Import Request.
  Time since last request: 0.001132 seconds.
  path: Assets/Prefabs/Player.prefab
  artifactKey: Guid(c24484f46d838654d9750ca2e68e2349) Importer(815301076,1909f56bfc062723c751e8b465ee728b)
Start importing Assets/Prefabs/Player.prefab using Guid(c24484f46d838654d9750ca2e68e2349) Importer(815301076,1909f56bfc062723c751e8b465ee728b) [PhysX] Initialized MultithreadedTaskDispatcher with 12 workers.
 -> (artifact id: '5035beb55cec9a3ef37e1217130bec7c') in 0.000547 seconds
Number of updated asset objects reloaded before import = 0
Number of asset objects unloaded after import = 0
========================================================================
Received Import Request.
  Time since last request: 0.000074 seconds.
  path: Assets/Prefabs/UiCollisionKey.prefab
  artifactKey: Guid(f15110739299abd4f974d16b87e0a6b5) Importer(815301076,1909f56bfc062723c751e8b465ee728b)
Start importing Assets/Prefabs/UiCollisionKey.prefab using Guid(f15110739299abd4f974d16b87e0a6b5) Importer(815301076,1909f56bfc062723c751e8b465ee728b) [PhysX] Initialized MultithreadedTaskDispatcher with 12 workers.
 -> (artifact id: '4c946ab415aa52b8a2c1fae0f4527e0a') in 0.000527 seconds
Number of updated asset objects reloaded before import = 0
Number of asset objects unloaded after import = 0
========================================================================
Received Import Request.
  Time since last request: 0.000102 seconds.
  path: Assets/Prefabs/UiCollisionReservation.prefab
  artifactKey: Guid(0a01144c74bbc6043ad893ffd2ba8926) Importer(815301076,1909f56bfc062723c751e8b465ee728b)
Start importing Assets/Prefabs/UiCollisionReservation.prefab using Guid(0a01144c74bbc6043ad893ffd2ba8926) Importer(815301076,1909f56bfc062723c751e8b465ee728b) [PhysX] Initialized MultithreadedTaskDispatcher with 12 workers.
 -> (artifact id: 'd2e0713260d04685a2d2d97e5742e5ec') in 0.000499 seconds
Number of updated asset objects reloaded before import = 0
Number of asset objects unloaded after import = 0
========================================================================
Received Import Request.
  Time since last request: 0.070661 seconds.
  path: Assets/Prefabs/customer_key.prefab
  artifactKey: Guid(af397f1f3e64fa04f959444d3bec0bf5) Importer(815301076,1909f56bfc062723c751e8b465ee728b)
Start importing Assets/Prefabs/customer_key.prefab using Guid(af397f1f3e64fa04f959444d3bec0bf5) Importer(815301076,1909f56bfc062723c751e8b465ee728b) [PhysX] Initialized MultithreadedTaskDispatcher with 12 workers.
 -> (artifact id: 'b2ace9ca70ff9409e73b76616dfc58da') in 0.000604 seconds
Number of updated asset objects reloaded before import = 0
Number of asset objects unloaded after import = 0
========================================================================
Received Import Request.
  Time since last request: 0.060315 seconds.
  path: Assets/Prefabs/Cube.prefab
  artifactKey: Guid(2f3f3ddaa08afe048ba9a096ac2b9bbb) Importer(815301076,1909f56bfc062723c751e8b465ee728b)
Start importing Assets/Prefabs/Cube.prefab using Guid(2f3f3ddaa08afe048ba9a096ac2b9bbb) Importer(815301076,1909f56bfc062723c751e8b465ee728b) [PhysX] Initialized MultithreadedTaskDispatcher with 12 workers.
 -> (artifact id: '63e1a2c6c5f85ce7e59124fe68d4d1ba') in 0.000554 seconds
Number of updated asset objects reloaded before import = 0
Number of asset objects unloaded after import = 0
========================================================================
Received Import Request.
  Time since last request: 0.000114 seconds.
  path: Assets/Prefabs/customer_reservation.prefab
  artifactKey: Guid(a87820c368d9dfa4fbf776488653d447) Importer(815301076,1909f56bfc062723c751e8b465ee728b)
Start importing Assets/Prefabs/customer_reservation.prefab using Guid(a87820c368d9dfa4fbf776488653d447) Importer(815301076,1909f56bfc062723c751e8b465ee728b) [PhysX] Initialized MultithreadedTaskDispatcher with 12 workers.
 -> (artifact id: 'ca8c1cb3bcaaf7761da0e7d43eb16b11') in 0.000443 seconds
Number of updated asset objects reloaded before import = 0
Number of asset objects unloaded after import = 0
========================================================================
Received Import Request.
  Time since last request: 0.000707 seconds.
  path: Assets/Prefabs/Main Camera.prefab
  artifactKey: Guid(dca0cd9b6d4e5b544a431fbb4abc8b8e) Importer(815301076,1909f56bfc062723c751e8b465ee728b)
Start importing Assets/Prefabs/Main Camera.prefab using Guid(dca0cd9b6d4e5b544a431fbb4abc8b8e) Importer(815301076,1909f56bfc062723c751e8b465ee728b) [PhysX] Initialized MultithreadedTaskDispatcher with 12 workers.
 -> (artifact id: '1abe0f4b09d8ea70b77db7846a7fa83f') in 0.000649 seconds
Number of updated asset objects reloaded before import = 0
Number of asset objects unloaded after import = 0
========================================================================
Received Import Request.
  Time since last request: 0.000393 seconds.
  path: Assets/Prefabs/Player.prefab
  artifactKey: Guid(c24484f46d838654d9750ca2e68e2349) Importer(815301076,1909f56bfc062723c751e8b465ee728b)
Start importing Assets/Prefabs/Player.prefab using Guid(c24484f46d838654d9750ca2e68e2349) Importer(815301076,1909f56bfc062723c751e8b465ee728b) [PhysX] Initialized MultithreadedTaskDispatcher with 12 workers.
 -> (artifact id: '5035beb55cec9a3ef37e1217130bec7c') in 0.000434 seconds
Number of updated asset objects reloaded before import = 0
Number of asset objects unloaded after import = 0
========================================================================
Received Import Request.
  Time since last request: 0.000144 seconds.
  path: Assets/Prefabs/UiCollisionKey.prefab
  artifactKey: Guid(f15110739299abd4f974d16b87e0a6b5) Importer(815301076,1909f56bfc062723c751e8b465ee728b)
Start importing Assets/Prefabs/UiCollisionKey.prefab using Guid(f15110739299abd4f974d16b87e0a6b5) Importer(815301076,1909f56bfc062723c751e8b465ee728b) [PhysX] Initialized MultithreadedTaskDispatcher with 12 workers.
 -> (artifact id: '4c946ab415aa52b8a2c1fae0f4527e0a') in 0.000512 seconds
Number of updated asset objects reloaded before import = 0
Number of asset objects unloaded after import = 0
========================================================================
Received Import Request.
  Time since last request: 0.000110 seconds.
  path: Assets/Prefabs/UiCollisionReservation.prefab
  artifactKey: Guid(0a01144c74bbc6043ad893ffd2ba8926) Importer(815301076,1909f56bfc062723c751e8b465ee728b)
Start importing Assets/Prefabs/UiCollisionReservation.prefab using Guid(0a01144c74bbc6043ad893ffd2ba8926) Importer(815301076,1909f56bfc062723c751e8b465ee728b) [PhysX] Initialized MultithreadedTaskDispatcher with 12 workers.
 -> (artifact id: 'd2e0713260d04685a2d2d97e5742e5ec') in 0.000514 seconds
Number of updated asset objects reloaded before import = 0
Number of asset objects unloaded after import = 0
========================================================================
Received Import Request.
  Time since last request: 0.123455 seconds.
  path: Assets/Prefabs/Cube.prefab
  artifactKey: Guid(2f3f3ddaa08afe048ba9a096ac2b9bbb) Importer(815301076,1909f56bfc062723c751e8b465ee728b)
Start importing Assets/Prefabs/Cube.prefab using Guid(2f3f3ddaa08afe048ba9a096ac2b9bbb) Importer(815301076,1909f56bfc062723c751e8b465ee728b) [PhysX] Initialized MultithreadedTaskDispatcher with 12 workers.
 -> (artifact id: '63e1a2c6c5f85ce7e59124fe68d4d1ba') in 0.000519 seconds
Number of updated asset objects reloaded before import = 0
Number of asset objects unloaded after import = 0
========================================================================
Received Import Request.
  Time since last request: 0.000142 seconds.
  path: Assets/Prefabs/customer_reservation.prefab
  artifactKey: Guid(a87820c368d9dfa4fbf776488653d447) Importer(815301076,1909f56bfc062723c751e8b465ee728b)
Start importing Assets/Prefabs/customer_reservation.prefab using Guid(a87820c368d9dfa4fbf776488653d447) Importer(815301076,1909f56bfc062723c751e8b465ee728b) [PhysX] Initialized MultithreadedTaskDispatcher with 12 workers.
 -> (artifact id: 'ca8c1cb3bcaaf7761da0e7d43eb16b11') in 0.000414 seconds
Number of updated asset objects reloaded before import = 0
Number of asset objects unloaded after import = 0
========================================================================
Received Import Request.
  Time since last request: 0.000299 seconds.
  path: Assets/Prefabs/Main Camera.prefab
  artifactKey: Guid(dca0cd9b6d4e5b544a431fbb4abc8b8e) Importer(815301076,1909f56bfc062723c751e8b465ee728b)
Start importing Assets/Prefabs/Main Camera.prefab using Guid(dca0cd9b6d4e5b544a431fbb4abc8b8e) Importer(815301076,1909f56bfc062723c751e8b465ee728b) [PhysX] Initialized MultithreadedTaskDispatcher with 12 workers.
 -> (artifact id: '1abe0f4b09d8ea70b77db7846a7fa83f') in 0.000464 seconds
Number of updated asset objects reloaded before import = 0
Number of asset objects unloaded after import = 0
========================================================================
Received Import Request.
  Time since last request: 0.000652 seconds.
  path: Assets/Prefabs/Player.prefab
  artifactKey: Guid(c24484f46d838654d9750ca2e68e2349) Importer(815301076,1909f56bfc062723c751e8b465ee728b)
Start importing Assets/Prefabs/Player.prefab using Guid(c24484f46d838654d9750ca2e68e2349) Importer(815301076,1909f56bfc062723c751e8b465ee728b) [PhysX] Initialized MultithreadedTaskDispatcher with 12 workers.
 -> (artifact id: '5035beb55cec9a3ef37e1217130bec7c') in 0.000493 seconds
Number of updated asset objects reloaded before import = 0
Number of asset objects unloaded after import = 0
========================================================================
Received Import Request.
  Time since last request: 0.000162 seconds.
  path: Assets/Prefabs/UiCollisionLuggage.prefab
  artifactKey: Guid(76863a42cfe9518409b130cde1fbfc45) Importer(815301076,1909f56bfc062723c751e8b465ee728b)
Start importing Assets/Prefabs/UiCollisionLuggage.prefab using Guid(76863a42cfe9518409b130cde1fbfc45) Importer(815301076,1909f56bfc062723c751e8b465ee728b) [PhysX] Initialized MultithreadedTaskDispatcher with 12 workers.
 -> (artifact id: '769f96a58268061b696ac9904cac3cab') in 0.000612 seconds
Number of updated asset objects reloaded before import = 0
Number of asset objects unloaded after import = 0
========================================================================
Received Import Request.
  Time since last request: 0.046091 seconds.
  path: Assets/Prefabs/Cube.prefab
  artifactKey: Guid(2f3f3ddaa08afe048ba9a096ac2b9bbb) Importer(815301076,1909f56bfc062723c751e8b465ee728b)
Start importing Assets/Prefabs/Cube.prefab using Guid(2f3f3ddaa08afe048ba9a096ac2b9bbb) Importer(815301076,1909f56bfc062723c751e8b465ee728b) [PhysX] Initialized MultithreadedTaskDispatcher with 12 workers.
 -> (artifact id: '63e1a2c6c5f85ce7e59124fe68d4d1ba') in 0.000547 seconds
Number of updated asset objects reloaded before import = 0
Number of asset objects unloaded after import = 0
========================================================================
Received Import Request.
  Time since last request: 0.000148 seconds.
  path: Assets/Prefabs/customer_reservation.prefab
  artifactKey: Guid(a87820c368d9dfa4fbf776488653d447) Importer(815301076,1909f56bfc062723c751e8b465ee728b)
Start importing Assets/Prefabs/customer_reservation.prefab using Guid(a87820c368d9dfa4fbf776488653d447) Importer(815301076,1909f56bfc062723c751e8b465ee728b) [PhysX] Initialized MultithreadedTaskDispatcher with 12 workers.
 -> (artifact id: 'ca8c1cb3bcaaf7761da0e7d43eb16b11') in 0.000507 seconds
Number of updated asset objects reloaded before import = 0
Number of asset objects unloaded after import = 0
========================================================================
Received Import Request.
  Time since last request: 0.000558 seconds.
  path: Assets/Prefabs/Main Camera.prefab
  artifactKey: Guid(dca0cd9b6d4e5b544a431fbb4abc8b8e) Importer(815301076,1909f56bfc062723c751e8b465ee728b)
Start importing Assets/Prefabs/Main Camera.prefab using Guid(dca0cd9b6d4e5b544a431fbb4abc8b8e) Importer(815301076,1909f56bfc062723c751e8b465ee728b) [PhysX] Initialized MultithreadedTaskDispatcher with 12 workers.
 -> (artifact id: '1abe0f4b09d8ea70b77db7846a7fa83f') in 0.000651 seconds
Number of updated asset objects reloaded before import = 0
Number of asset objects unloaded after import = 0
========================================================================
Received Import Request.
  Time since last request: 0.000177 seconds.
  path: Assets/Prefabs/Player.prefab
  artifactKey: Guid(c24484f46d838654d9750ca2e68e2349) Importer(815301076,1909f56bfc062723c751e8b465ee728b)
Start importing Assets/Prefabs/Player.prefab using Guid(c24484f46d838654d9750ca2e68e2349) Importer(815301076,1909f56bfc062723c751e8b465ee728b) [PhysX] Initialized MultithreadedTaskDispatcher with 12 workers.
 -> (artifact id: '5035beb55cec9a3ef37e1217130bec7c') in 0.000503 seconds
Number of updated asset objects reloaded before import = 0
Number of asset objects unloaded after import = 0
========================================================================
Received Import Request.
  Time since last request: 0.000017 seconds.
  path: Assets/Prefabs/UiCollisionKey.prefab
  artifactKey: Guid(f15110739299abd4f974d16b87e0a6b5) Importer(815301076,1909f56bfc062723c751e8b465ee728b)
Start importing Assets/Prefabs/UiCollisionKey.prefab using Guid(f15110739299abd4f974d16b87e0a6b5) Importer(815301076,1909f56bfc062723c751e8b465ee728b) [PhysX] Initialized MultithreadedTaskDispatcher with 12 workers.
 -> (artifact id: '4c946ab415aa52b8a2c1fae0f4527e0a') in 0.000488 seconds
Number of updated asset objects reloaded before import = 0
Number of asset objects unloaded after import = 0
========================================================================
Received Import Request.
  Time since last request: 0.000021 seconds.
  path: Assets/Prefabs/UiCollisionReservation.prefab
  artifactKey: Guid(0a01144c74bbc6043ad893ffd2ba8926) Importer(815301076,1909f56bfc062723c751e8b465ee728b)
Start importing Assets/Prefabs/UiCollisionReservation.prefab using Guid(0a01144c74bbc6043ad893ffd2ba8926) Importer(815301076,1909f56bfc062723c751e8b465ee728b) [PhysX] Initialized MultithreadedTaskDispatcher with 12 workers.
 -> (artifact id: 'd2e0713260d04685a2d2d97e5742e5ec') in 0.000469 seconds
Number of updated asset objects reloaded before import = 0
Number of asset objects unloaded after import = 0
========================================================================
Received Import Request.
  Time since last request: 0.091339 seconds.
  path: Assets/Prefabs/Cube.prefab
  artifactKey: Guid(2f3f3ddaa08afe048ba9a096ac2b9bbb) Importer(815301076,1909f56bfc062723c751e8b465ee728b)
Start importing Assets/Prefabs/Cube.prefab using Guid(2f3f3ddaa08afe048ba9a096ac2b9bbb) Importer(815301076,1909f56bfc062723c751e8b465ee728b) [PhysX] Initialized MultithreadedTaskDispatcher with 12 workers.
 -> (artifact id: '63e1a2c6c5f85ce7e59124fe68d4d1ba') in 0.000669 seconds
Number of updated asset objects reloaded before import = 0
Number of asset objects unloaded after import = 0
========================================================================
Received Import Request.
  Time since last request: 0.000186 seconds.
  path: Assets/Prefabs/customer_reservation.prefab
  artifactKey: Guid(a87820c368d9dfa4fbf776488653d447) Importer(815301076,1909f56bfc062723c751e8b465ee728b)
Start importing Assets/Prefabs/customer_reservation.prefab using Guid(a87820c368d9dfa4fbf776488653d447) Importer(815301076,1909f56bfc062723c751e8b465ee728b) [PhysX] Initialized MultithreadedTaskDispatcher with 12 workers.
 -> (artifact id: 'ca8c1cb3bcaaf7761da0e7d43eb16b11') in 0.000578 seconds
Number of updated asset objects reloaded before import = 0
Number of asset objects unloaded after import = 0
========================================================================
Received Import Request.
  Time since last request: 0.001331 seconds.
  path: Assets/Prefabs/Player.prefab
  artifactKey: Guid(c24484f46d838654d9750ca2e68e2349) Importer(815301076,1909f56bfc062723c751e8b465ee728b)
Start importing Assets/Prefabs/Player.prefab using Guid(c24484f46d838654d9750ca2e68e2349) Importer(815301076,1909f56bfc062723c751e8b465ee728b) [PhysX] Initialized MultithreadedTaskDispatcher with 12 workers.
 -> (artifact id: '5035beb55cec9a3ef37e1217130bec7c') in 0.000430 seconds
Number of updated asset objects reloaded before import = 0
Number of asset objects unloaded after import = 0
========================================================================
Received Import Request.
  Time since last request: 0.000130 seconds.
  path: Assets/Prefabs/UiCollisionKey.prefab
  artifactKey: Guid(f15110739299abd4f974d16b87e0a6b5) Importer(815301076,1909f56bfc062723c751e8b465ee728b)
Start importing Assets/Prefabs/UiCollisionKey.prefab using Guid(f15110739299abd4f974d16b87e0a6b5) Importer(815301076,1909f56bfc062723c751e8b465ee728b) [PhysX] Initialized MultithreadedTaskDispatcher with 12 workers.
 -> (artifact id: '4c946ab415aa52b8a2c1fae0f4527e0a') in 0.003318 seconds
Number of updated asset objects reloaded before import = 0
Number of asset objects unloaded after import = 0
========================================================================
Received Import Request.
  Time since last request: 0.000020 seconds.
  path: Assets/Prefabs/UiCollisionReservation.prefab
  artifactKey: Guid(0a01144c74bbc6043ad893ffd2ba8926) Importer(815301076,1909f56bfc062723c751e8b465ee728b)
Start importing Assets/Prefabs/UiCollisionReservation.prefab using Guid(0a01144c74bbc6043ad893ffd2ba8926) Importer(815301076,1909f56bfc062723c751e8b465ee728b) [PhysX] Initialized MultithreadedTaskDispatcher with 12 workers.
 -> (artifact id: 'd2e0713260d04685a2d2d97e5742e5ec') in 0.000719 seconds
Number of updated asset objects reloaded before import = 0
Number of asset objects unloaded after import = 0
========================================================================
Received Import Request.
  Time since last request: 0.138060 seconds.
  path: Assets/Prefabs/Cube.prefab
  artifactKey: Guid(2f3f3ddaa08afe048ba9a096ac2b9bbb) Importer(815301076,1909f56bfc062723c751e8b465ee728b)
Start importing Assets/Prefabs/Cube.prefab using Guid(2f3f3ddaa08afe048ba9a096ac2b9bbb) Importer(815301076,1909f56bfc062723c751e8b465ee728b) [PhysX] Initialized MultithreadedTaskDispatcher with 12 workers.
 -> (artifact id: '63e1a2c6c5f85ce7e59124fe68d4d1ba') in 0.000537 seconds
Number of updated asset objects reloaded before import = 0
Number of asset objects unloaded after import = 0
========================================================================
Received Import Request.
  Time since last request: 0.000120 seconds.
  path: Assets/Prefabs/customer_reservation.prefab
  artifactKey: Guid(a87820c368d9dfa4fbf776488653d447) Importer(815301076,1909f56bfc062723c751e8b465ee728b)
Start importing Assets/Prefabs/customer_reservation.prefab using Guid(a87820c368d9dfa4fbf776488653d447) Importer(815301076,1909f56bfc062723c751e8b465ee728b) [PhysX] Initialized MultithreadedTaskDispatcher with 12 workers.
 -> (artifact id: 'ca8c1cb3bcaaf7761da0e7d43eb16b11') in 0.000447 seconds
Number of updated asset objects reloaded before import = 0
Number of asset objects unloaded after import = 0
========================================================================
Received Import Request.
  Time since last request: 0.000547 seconds.
  path: Assets/Prefabs/Main Camera.prefab
  artifactKey: Guid(dca0cd9b6d4e5b544a431fbb4abc8b8e) Importer(815301076,1909f56bfc062723c751e8b465ee728b)
Start importing Assets/Prefabs/Main Camera.prefab using Guid(dca0cd9b6d4e5b544a431fbb4abc8b8e) Importer(815301076,1909f56bfc062723c751e8b465ee728b) [PhysX] Initialized MultithreadedTaskDispatcher with 12 workers.
 -> (artifact id: '1abe0f4b09d8ea70b77db7846a7fa83f') in 0.000417 seconds
Number of updated asset objects reloaded before import = 0
Number of asset objects unloaded after import = 0
========================================================================
Received Import Request.
  Time since last request: 0.000419 seconds.
  path: Assets/Prefabs/Player.prefab
  artifactKey: Guid(c24484f46d838654d9750ca2e68e2349) Importer(815301076,1909f56bfc062723c751e8b465ee728b)
Start importing Assets/Prefabs/Player.prefab using Guid(c24484f46d838654d9750ca2e68e2349) Importer(815301076,1909f56bfc062723c751e8b465ee728b) [PhysX] Initialized MultithreadedTaskDispatcher with 12 workers.
 -> (artifact id: '5035beb55cec9a3ef37e1217130bec7c') in 0.000566 seconds
Number of updated asset objects reloaded before import = 0
Number of asset objects unloaded after import = 0
========================================================================
Received Import Request.
  Time since last request: 0.000118 seconds.
  path: Assets/Prefabs/UiCollisionKey.prefab
  artifactKey: Guid(f15110739299abd4f974d16b87e0a6b5) Importer(815301076,1909f56bfc062723c751e8b465ee728b)
Start importing Assets/Prefabs/UiCollisionKey.prefab using Guid(f15110739299abd4f974d16b87e0a6b5) Importer(815301076,1909f56bfc062723c751e8b465ee728b) [PhysX] Initialized MultithreadedTaskDispatcher with 12 workers.
 -> (artifact id: '4c946ab415aa52b8a2c1fae0f4527e0a') in 0.000477 seconds
Number of updated asset objects reloaded before import = 0
Number of asset objects unloaded after import = 0
========================================================================
Received Import Request.
  Time since last request: 0.000100 seconds.
  path: Assets/Prefabs/UiCollisionReservation.prefab
  artifactKey: Guid(0a01144c74bbc6043ad893ffd2ba8926) Importer(815301076,1909f56bfc062723c751e8b465ee728b)
Start importing Assets/Prefabs/UiCollisionReservation.prefab using Guid(0a01144c74bbc6043ad893ffd2ba8926) Importer(815301076,1909f56bfc062723c751e8b465ee728b) [PhysX] Initialized MultithreadedTaskDispatcher with 12 workers.
 -> (artifact id: 'd2e0713260d04685a2d2d97e5742e5ec') in 0.000424 seconds
Number of updated asset objects reloaded before import = 0
Number of asset objects unloaded after import = 0
========================================================================
Received Import Request.
  Time since last request: 0.175492 seconds.
  path: Assets/Prefabs/Cube.prefab
  artifactKey: Guid(2f3f3ddaa08afe048ba9a096ac2b9bbb) Importer(815301076,1909f56bfc062723c751e8b465ee728b)
Start importing Assets/Prefabs/Cube.prefab using Guid(2f3f3ddaa08afe048ba9a096ac2b9bbb) Importer(815301076,1909f56bfc062723c751e8b465ee728b) [PhysX] Initialized MultithreadedTaskDispatcher with 12 workers.
 -> (artifact id: '63e1a2c6c5f85ce7e59124fe68d4d1ba') in 0.000819 seconds
Number of updated asset objects reloaded before import = 0
Number of asset objects unloaded after import = 0
========================================================================
Received Import Request.
  Time since last request: 0.000017 seconds.
  path: Assets/Prefabs/customer_reservation.prefab
  artifactKey: Guid(a87820c368d9dfa4fbf776488653d447) Importer(815301076,1909f56bfc062723c751e8b465ee728b)
Start importing Assets/Prefabs/customer_reservation.prefab using Guid(a87820c368d9dfa4fbf776488653d447) Importer(815301076,1909f56bfc062723c751e8b465ee728b) [PhysX] Initialized MultithreadedTaskDispatcher with 12 workers.
 -> (artifact id: 'ca8c1cb3bcaaf7761da0e7d43eb16b11') in 0.000807 seconds
Number of updated asset objects reloaded before import = 0
Number of asset objects unloaded after import = 0
========================================================================
Received Import Request.
  Time since last request: 0.000367 seconds.
  path: Assets/Prefabs/Main Camera.prefab
  artifactKey: Guid(dca0cd9b6d4e5b544a431fbb4abc8b8e) Importer(815301076,1909f56bfc062723c751e8b465ee728b)
Start importing Assets/Prefabs/Main Camera.prefab using Guid(dca0cd9b6d4e5b544a431fbb4abc8b8e) Importer(815301076,1909f56bfc062723c751e8b465ee728b) [PhysX] Initialized MultithreadedTaskDispatcher with 12 workers.
 -> (artifact id: '1abe0f4b09d8ea70b77db7846a7fa83f') in 0.000508 seconds
Number of updated asset objects reloaded before import = 0
Number of asset objects unloaded after import = 0
========================================================================
Received Import Request.
  Time since last request: 0.000309 seconds.
  path: Assets/Prefabs/Player.prefab
  artifactKey: Guid(c24484f46d838654d9750ca2e68e2349) Importer(815301076,1909f56bfc062723c751e8b465ee728b)
Start importing Assets/Prefabs/Player.prefab using Guid(c24484f46d838654d9750ca2e68e2349) Importer(815301076,1909f56bfc062723c751e8b465ee728b) [PhysX] Initialized MultithreadedTaskDispatcher with 12 workers.
 -> (artifact id: '5035beb55cec9a3ef37e1217130bec7c') in 0.000440 seconds
Number of updated asset objects reloaded before import = 0
Number of asset objects unloaded after import = 0
========================================================================
Received Import Request.
  Time since last request: 0.000090 seconds.
  path: Assets/Prefabs/UiCollisionKey.prefab
  artifactKey: Guid(f15110739299abd4f974d16b87e0a6b5) Importer(815301076,1909f56bfc062723c751e8b465ee728b)
Start importing Assets/Prefabs/UiCollisionKey.prefab using Guid(f15110739299abd4f974d16b87e0a6b5) Importer(815301076,1909f56bfc062723c751e8b465ee728b) [PhysX] Initialized MultithreadedTaskDispatcher with 12 workers.
 -> (artifact id: '4c946ab415aa52b8a2c1fae0f4527e0a') in 0.000480 seconds
Number of updated asset objects reloaded before import = 0
Number of asset objects unloaded after import = 0
========================================================================
Received Import Request.
  Time since last request: 0.000124 seconds.
  path: Assets/Prefabs/UiCollisionReservation.prefab
  artifactKey: Guid(0a01144c74bbc6043ad893ffd2ba8926) Importer(815301076,1909f56bfc062723c751e8b465ee728b)
Start importing Assets/Prefabs/UiCollisionReservation.prefab using Guid(0a01144c74bbc6043ad893ffd2ba8926) Importer(815301076,1909f56bfc062723c751e8b465ee728b) [PhysX] Initialized MultithreadedTaskDispatcher with 12 workers.
 -> (artifact id: 'd2e0713260d04685a2d2d97e5742e5ec') in 0.000645 seconds
Number of updated asset objects reloaded before import = 0
Number of asset objects unloaded after import = 0
========================================================================
Received Import Request.
  Time since last request: 120.338969 seconds.
  path: Assets/Prefabs/Cube.prefab
  artifactKey: Guid(2f3f3ddaa08afe048ba9a096ac2b9bbb) Importer(815301076,1909f56bfc062723c751e8b465ee728b)
Start importing Assets/Prefabs/Cube.prefab using Guid(2f3f3ddaa08afe048ba9a096ac2b9bbb) Importer(815301076,1909f56bfc062723c751e8b465ee728b) [PhysX] Initialized MultithreadedTaskDispatcher with 12 workers.
 -> (artifact id: '63e1a2c6c5f85ce7e59124fe68d4d1ba') in 0.000727 seconds
Number of updated asset objects reloaded before import = 0
Number of asset objects unloaded after import = 0
========================================================================
Received Import Request.
  Time since last request: 0.000132 seconds.
  path: Assets/Prefabs/customer_reservation.prefab
  artifactKey: Guid(a87820c368d9dfa4fbf776488653d447) Importer(815301076,1909f56bfc062723c751e8b465ee728b)
Start importing Assets/Prefabs/customer_reservation.prefab using Guid(a87820c368d9dfa4fbf776488653d447) Importer(815301076,1909f56bfc062723c751e8b465ee728b) [PhysX] Initialized MultithreadedTaskDispatcher with 12 workers.
 -> (artifact id: 'ca8c1cb3bcaaf7761da0e7d43eb16b11') in 0.000693 seconds
Number of updated asset objects reloaded before import = 0
Number of asset objects unloaded after import = 0
========================================================================
Received Import Request.
  Time since last request: 0.000340 seconds.
  path: Assets/Prefabs/Player.prefab
  artifactKey: Guid(c24484f46d838654d9750ca2e68e2349) Importer(815301076,1909f56bfc062723c751e8b465ee728b)
Start importing Assets/Prefabs/Player.prefab using Guid(c24484f46d838654d9750ca2e68e2349) Importer(815301076,1909f56bfc062723c751e8b465ee728b) [PhysX] Initialized MultithreadedTaskDispatcher with 12 workers.
 -> (artifact id: '5035beb55cec9a3ef37e1217130bec7c') in 0.001073 seconds
Number of updated asset objects reloaded before import = 0
Number of asset objects unloaded after import = 0
========================================================================
Received Import Request.
  Time since last request: 0.000020 seconds.
  path: Assets/Prefabs/RayCasting.prefab
  artifactKey: Guid(0279262f6fe551a4583662e08f50bd2c) Importer(815301076,1909f56bfc062723c751e8b465ee728b)
Start importing Assets/Prefabs/RayCasting.prefab using Guid(0279262f6fe551a4583662e08f50bd2c) Importer(815301076,1909f56bfc062723c751e8b465ee728b) [PhysX] Initialized MultithreadedTaskDispatcher with 12 workers.
 -> (artifact id: '355f8e6e9f253d5bc57a8aabbe7933dc') in 0.000745 seconds
Number of updated asset objects reloaded before import = 0
Number of asset objects unloaded after import = 0
========================================================================
Received Import Request.
  Time since last request: 0.001199 seconds.
  path: Assets/Prefabs/UiCollisionLuggage.prefab
  artifactKey: Guid(76863a42cfe9518409b130cde1fbfc45) Importer(815301076,1909f56bfc062723c751e8b465ee728b)
Start importing Assets/Prefabs/UiCollisionLuggage.prefab using Guid(76863a42cfe9518409b130cde1fbfc45) Importer(815301076,1909f56bfc062723c751e8b465ee728b) [PhysX] Initialized MultithreadedTaskDispatcher with 12 workers.
 -> (artifact id: '769f96a58268061b696ac9904cac3cab') in 0.000954 seconds
Number of updated asset objects reloaded before import = 0
Number of asset objects unloaded after import = 0
========================================================================
Received Import Request.
  Time since last request: 0.063306 seconds.
  path: Assets/Prefabs/Cube.prefab
  artifactKey: Guid(2f3f3ddaa08afe048ba9a096ac2b9bbb) Importer(815301076,1909f56bfc062723c751e8b465ee728b)
Start importing Assets/Prefabs/Cube.prefab using Guid(2f3f3ddaa08afe048ba9a096ac2b9bbb) Importer(815301076,1909f56bfc062723c751e8b465ee728b) [PhysX] Initialized MultithreadedTaskDispatcher with 12 workers.
 -> (artifact id: '63e1a2c6c5f85ce7e59124fe68d4d1ba') in 0.000505 seconds
Number of updated asset objects reloaded before import = 0
Number of asset objects unloaded after import = 0
========================================================================
Received Import Request.
  Time since last request: 0.000146 seconds.
  path: Assets/Prefabs/customer_reservation.prefab
  artifactKey: Guid(a87820c368d9dfa4fbf776488653d447) Importer(815301076,1909f56bfc062723c751e8b465ee728b)
Start importing Assets/Prefabs/customer_reservation.prefab using Guid(a87820c368d9dfa4fbf776488653d447) Importer(815301076,1909f56bfc062723c751e8b465ee728b) [PhysX] Initialized MultithreadedTaskDispatcher with 12 workers.
 -> (artifact id: 'ca8c1cb3bcaaf7761da0e7d43eb16b11') in 0.000384 seconds
Number of updated asset objects reloaded before import = 0
Number of asset objects unloaded after import = 0
========================================================================
Received Import Request.
  Time since last request: 0.000118 seconds.
  path: Assets/Prefabs/customer_luggage.prefab
  artifactKey: Guid(8966d6666d84adf49aae546fced840ee) Importer(815301076,1909f56bfc062723c751e8b465ee728b)
Start importing Assets/Prefabs/customer_luggage.prefab using Guid(8966d6666d84adf49aae546fced840ee) Importer(815301076,1909f56bfc062723c751e8b465ee728b) [PhysX] Initialized MultithreadedTaskDispatcher with 12 workers.
 -> (artifact id: 'c230e2eb73494bb339ce080a10223ba5') in 0.000403 seconds
Number of updated asset objects reloaded before import = 0
Number of asset objects unloaded after import = 0
========================================================================
Received Import Request.
  Time since last request: 0.000181 seconds.
  path: Assets/Prefabs/Player.prefab
  artifactKey: Guid(c24484f46d838654d9750ca2e68e2349) Importer(815301076,1909f56bfc062723c751e8b465ee728b)
Start importing Assets/Prefabs/Player.prefab using Guid(c24484f46d838654d9750ca2e68e2349) Importer(815301076,1909f56bfc062723c751e8b465ee728b) [PhysX] Initialized MultithreadedTaskDispatcher with 12 workers.
 -> (artifact id: '5035beb55cec9a3ef37e1217130bec7c') in 0.002320 seconds
Number of updated asset objects reloaded before import = 0
Number of asset objects unloaded after import = 0
========================================================================
Received Import Request.
  Time since last request: 0.000188 seconds.
  path: Assets/Prefabs/UiCollisionKey.prefab
  artifactKey: Guid(f15110739299abd4f974d16b87e0a6b5) Importer(815301076,1909f56bfc062723c751e8b465ee728b)
Start importing Assets/Prefabs/UiCollisionKey.prefab using Guid(f15110739299abd4f974d16b87e0a6b5) Importer(815301076,1909f56bfc062723c751e8b465ee728b) [PhysX] Initialized MultithreadedTaskDispatcher with 12 workers.
 -> (artifact id: '4c946ab415aa52b8a2c1fae0f4527e0a') in 0.000741 seconds
Number of updated asset objects reloaded before import = 0
Number of asset objects unloaded after import = 0
========================================================================
Received Import Request.
  Time since last request: 0.000105 seconds.
  path: Assets/Prefabs/UiCollisionReservation.prefab
  artifactKey: Guid(0a01144c74bbc6043ad893ffd2ba8926) Importer(815301076,1909f56bfc062723c751e8b465ee728b)
Start importing Assets/Prefabs/UiCollisionReservation.prefab using Guid(0a01144c74bbc6043ad893ffd2ba8926) Importer(815301076,1909f56bfc062723c751e8b465ee728b) [PhysX] Initialized MultithreadedTaskDispatcher with 12 workers.
 -> (artifact id: 'd2e0713260d04685a2d2d97e5742e5ec') in 0.000438 seconds
Number of updated asset objects reloaded before import = 0
Number of asset objects unloaded after import = 0
========================================================================
Received Import Request.
  Time since last request: 6.911318 seconds.
  path: Assets/Prefabs/Cube.prefab
  artifactKey: Guid(2f3f3ddaa08afe048ba9a096ac2b9bbb) Importer(815301076,1909f56bfc062723c751e8b465ee728b)
Start importing Assets/Prefabs/Cube.prefab using Guid(2f3f3ddaa08afe048ba9a096ac2b9bbb) Importer(815301076,1909f56bfc062723c751e8b465ee728b) [PhysX] Initialized MultithreadedTaskDispatcher with 12 workers.
 -> (artifact id: '63e1a2c6c5f85ce7e59124fe68d4d1ba') in 0.000635 seconds
Number of updated asset objects reloaded before import = 0
Number of asset objects unloaded after import = 0
========================================================================
Received Import Request.
  Time since last request: 0.000154 seconds.
  path: Assets/Prefabs/customer_reservation.prefab
  artifactKey: Guid(a87820c368d9dfa4fbf776488653d447) Importer(815301076,1909f56bfc062723c751e8b465ee728b)
Start importing Assets/Prefabs/customer_reservation.prefab using Guid(a87820c368d9dfa4fbf776488653d447) Importer(815301076,1909f56bfc062723c751e8b465ee728b) [PhysX] Initialized MultithreadedTaskDispatcher with 12 workers.
 -> (artifact id: 'ca8c1cb3bcaaf7761da0e7d43eb16b11') in 0.000498 seconds
Number of updated asset objects reloaded before import = 0
Number of asset objects unloaded after import = 0
========================================================================
Received Import Request.
  Time since last request: 0.000014 seconds.
  path: Assets/Prefabs/customer_luggage.prefab
  artifactKey: Guid(8966d6666d84adf49aae546fced840ee) Importer(815301076,1909f56bfc062723c751e8b465ee728b)
Start importing Assets/Prefabs/customer_luggage.prefab using Guid(8966d6666d84adf49aae546fced840ee) Importer(815301076,1909f56bfc062723c751e8b465ee728b) [PhysX] Initialized MultithreadedTaskDispatcher with 12 workers.
 -> (artifact id: 'c230e2eb73494bb339ce080a10223ba5') in 0.000527 seconds
Number of updated asset objects reloaded before import = 0
Number of asset objects unloaded after import = 0
========================================================================
Received Import Request.
  Time since last request: 0.000532 seconds.
  path: Assets/Prefabs/RayCasting.prefab
  artifactKey: Guid(0279262f6fe551a4583662e08f50bd2c) Importer(815301076,1909f56bfc062723c751e8b465ee728b)
Start importing Assets/Prefabs/RayCasting.prefab using Guid(0279262f6fe551a4583662e08f50bd2c) Importer(815301076,1909f56bfc062723c751e8b465ee728b) [PhysX] Initialized MultithreadedTaskDispatcher with 12 workers.
 -> (artifact id: '355f8e6e9f253d5bc57a8aabbe7933dc') in 0.002146 seconds
Number of updated asset objects reloaded before import = 0
Number of asset objects unloaded after import = 0
========================================================================
Received Import Request.
  Time since last request: 0.000034 seconds.
  path: Assets/Prefabs/UiCollisionLuggage.prefab
  artifactKey: Guid(76863a42cfe9518409b130cde1fbfc45) Importer(815301076,1909f56bfc062723c751e8b465ee728b)
Start importing Assets/Prefabs/UiCollisionLuggage.prefab using Guid(76863a42cfe9518409b130cde1fbfc45) Importer(815301076,1909f56bfc062723c751e8b465ee728b) [PhysX] Initialized MultithreadedTaskDispatcher with 12 workers.
 -> (artifact id: '769f96a58268061b696ac9904cac3cab') in 0.000729 seconds
Number of updated asset objects reloaded before import = 0
Number of asset objects unloaded after import = 0
========================================================================
Received Import Request.
  Time since last request: 0.237248 seconds.
  path: Assets/Prefabs/Cube.prefab
  artifactKey: Guid(2f3f3ddaa08afe048ba9a096ac2b9bbb) Importer(815301076,1909f56bfc062723c751e8b465ee728b)
Start importing Assets/Prefabs/Cube.prefab using Guid(2f3f3ddaa08afe048ba9a096ac2b9bbb) Importer(815301076,1909f56bfc062723c751e8b465ee728b) [PhysX] Initialized MultithreadedTaskDispatcher with 12 workers.
 -> (artifact id: '63e1a2c6c5f85ce7e59124fe68d4d1ba') in 0.000511 seconds
Number of updated asset objects reloaded before import = 0
Number of asset objects unloaded after import = 0
========================================================================
Received Import Request.
  Time since last request: 0.000132 seconds.
  path: Assets/Prefabs/customer_reservation.prefab
  artifactKey: Guid(a87820c368d9dfa4fbf776488653d447) Importer(815301076,1909f56bfc062723c751e8b465ee728b)
Start importing Assets/Prefabs/customer_reservation.prefab using Guid(a87820c368d9dfa4fbf776488653d447) Importer(815301076,1909f56bfc062723c751e8b465ee728b) [PhysX] Initialized MultithreadedTaskDispatcher with 12 workers.
 -> (artifact id: 'ca8c1cb3bcaaf7761da0e7d43eb16b11') in 0.000421 seconds
Number of updated asset objects reloaded before import = 0
Number of asset objects unloaded after import = 0
========================================================================
Received Import Request.
  Time since last request: 0.000088 seconds.
  path: Assets/Prefabs/customer_luggage.prefab
  artifactKey: Guid(8966d6666d84adf49aae546fced840ee) Importer(815301076,1909f56bfc062723c751e8b465ee728b)
Start importing Assets/Prefabs/customer_luggage.prefab using Guid(8966d6666d84adf49aae546fced840ee) Importer(815301076,1909f56bfc062723c751e8b465ee728b) [PhysX] Initialized MultithreadedTaskDispatcher with 12 workers.
 -> (artifact id: 'c230e2eb73494bb339ce080a10223ba5') in 0.000409 seconds
Number of updated asset objects reloaded before import = 0
Number of asset objects unloaded after import = 0
========================================================================
Received Import Request.
  Time since last request: 0.000231 seconds.
  path: Assets/Prefabs/RayCasting.prefab
  artifactKey: Guid(0279262f6fe551a4583662e08f50bd2c) Importer(815301076,1909f56bfc062723c751e8b465ee728b)
Start importing Assets/Prefabs/RayCasting.prefab using Guid(0279262f6fe551a4583662e08f50bd2c) Importer(815301076,1909f56bfc062723c751e8b465ee728b) [PhysX] Initialized MultithreadedTaskDispatcher with 12 workers.
 -> (artifact id: '355f8e6e9f253d5bc57a8aabbe7933dc') in 0.000678 seconds
Number of updated asset objects reloaded before import = 0
Number of asset objects unloaded after import = 0
========================================================================
Received Import Request.
  Time since last request: 0.000015 seconds.
  path: Assets/Prefabs/UiCollisionLuggage.prefab
  artifactKey: Guid(76863a42cfe9518409b130cde1fbfc45) Importer(815301076,1909f56bfc062723c751e8b465ee728b)
Start importing Assets/Prefabs/UiCollisionLuggage.prefab using Guid(76863a42cfe9518409b130cde1fbfc45) Importer(815301076,1909f56bfc062723c751e8b465ee728b) [PhysX] Initialized MultithreadedTaskDispatcher with 12 workers.
 -> (artifact id: '769f96a58268061b696ac9904cac3cab') in 0.000537 seconds
Number of updated asset objects reloaded before import = 0
Number of asset objects unloaded after import = 0
========================================================================
Received Import Request.
  Time since last request: 40.747779 seconds.
  path: Assets/Prefabs/Cube.prefab
  artifactKey: Guid(2f3f3ddaa08afe048ba9a096ac2b9bbb) Importer(815301076,1909f56bfc062723c751e8b465ee728b)
Start importing Assets/Prefabs/Cube.prefab using Guid(2f3f3ddaa08afe048ba9a096ac2b9bbb) Importer(815301076,1909f56bfc062723c751e8b465ee728b) [PhysX] Initialized MultithreadedTaskDispatcher with 12 workers.
 -> (artifact id: '63e1a2c6c5f85ce7e59124fe68d4d1ba') in 0.000535 seconds
Number of updated asset objects reloaded before import = 0
Number of asset objects unloaded after import = 0
========================================================================
Received Import Request.
  Time since last request: 0.000120 seconds.
  path: Assets/Prefabs/customer_reservation.prefab
  artifactKey: Guid(a87820c368d9dfa4fbf776488653d447) Importer(815301076,1909f56bfc062723c751e8b465ee728b)
Start importing Assets/Prefabs/customer_reservation.prefab using Guid(a87820c368d9dfa4fbf776488653d447) Importer(815301076,1909f56bfc062723c751e8b465ee728b) [PhysX] Initialized MultithreadedTaskDispatcher with 12 workers.
 -> (artifact id: 'ca8c1cb3bcaaf7761da0e7d43eb16b11') in 0.000645 seconds
Number of updated asset objects reloaded before import = 0
Number of asset objects unloaded after import = 0
========================================================================
Received Import Request.
  Time since last request: 0.001220 seconds.
  path: Assets/Prefabs/Player.prefab
  artifactKey: Guid(c24484f46d838654d9750ca2e68e2349) Importer(815301076,1909f56bfc062723c751e8b465ee728b)
Start importing Assets/Prefabs/Player.prefab using Guid(c24484f46d838654d9750ca2e68e2349) Importer(815301076,1909f56bfc062723c751e8b465ee728b) [PhysX] Initialized MultithreadedTaskDispatcher with 12 workers.
 -> (artifact id: '5035beb55cec9a3ef37e1217130bec7c') in 0.000447 seconds
Number of updated asset objects reloaded before import = 0
Number of asset objects unloaded after import = 0
========================================================================
Received Import Request.
  Time since last request: 0.000118 seconds.
  path: Assets/Prefabs/UiCollisionKey.prefab
  artifactKey: Guid(f15110739299abd4f974d16b87e0a6b5) Importer(815301076,1909f56bfc062723c751e8b465ee728b)
Start importing Assets/Prefabs/UiCollisionKey.prefab using Guid(f15110739299abd4f974d16b87e0a6b5) Importer(815301076,1909f56bfc062723c751e8b465ee728b) [PhysX] Initialized MultithreadedTaskDispatcher with 12 workers.
 -> (artifact id: '4c946ab415aa52b8a2c1fae0f4527e0a') in 0.000630 seconds
Number of updated asset objects reloaded before import = 0
Number of asset objects unloaded after import = 0
========================================================================
Received Import Request.
  Time since last request: 0.000030 seconds.
  path: Assets/Prefabs/UiCollisionReservation.prefab
  artifactKey: Guid(0a01144c74bbc6043ad893ffd2ba8926) Importer(815301076,1909f56bfc062723c751e8b465ee728b)
Start importing Assets/Prefabs/UiCollisionReservation.prefab using Guid(0a01144c74bbc6043ad893ffd2ba8926) Importer(815301076,1909f56bfc062723c751e8b465ee728b) [PhysX] Initialized MultithreadedTaskDispatcher with 12 workers.
 -> (artifact id: 'd2e0713260d04685a2d2d97e5742e5ec') in 0.000518 seconds
Number of updated asset objects reloaded before import = 0
Number of asset objects unloaded after import = 0
========================================================================
Received Import Request.
  Time since last request: 2.767752 seconds.
  path: Assets/Prefabs/Cube.prefab
  artifactKey: Guid(2f3f3ddaa08afe048ba9a096ac2b9bbb) Importer(815301076,1909f56bfc062723c751e8b465ee728b)
Start importing Assets/Prefabs/Cube.prefab using Guid(2f3f3ddaa08afe048ba9a096ac2b9bbb) Importer(815301076,1909f56bfc062723c751e8b465ee728b) [PhysX] Initialized MultithreadedTaskDispatcher with 12 workers.
 -> (artifact id: '63e1a2c6c5f85ce7e59124fe68d4d1ba') in 0.000508 seconds
Number of updated asset objects reloaded before import = 0
Number of asset objects unloaded after import = 0
========================================================================
Received Import Request.
  Time since last request: 0.000115 seconds.
  path: Assets/Prefabs/customer_reservation.prefab
  artifactKey: Guid(a87820c368d9dfa4fbf776488653d447) Importer(815301076,1909f56bfc062723c751e8b465ee728b)
Start importing Assets/Prefabs/customer_reservation.prefab using Guid(a87820c368d9dfa4fbf776488653d447) Importer(815301076,1909f56bfc062723c751e8b465ee728b) [PhysX] Initialized MultithreadedTaskDispatcher with 12 workers.
 -> (artifact id: 'ca8c1cb3bcaaf7761da0e7d43eb16b11') in 0.000392 seconds
Number of updated asset objects reloaded before import = 0
Number of asset objects unloaded after import = 0
========================================================================
Received Import Request.
  Time since last request: 0.000465 seconds.
  path: Assets/Prefabs/Main Camera.prefab
  artifactKey: Guid(dca0cd9b6d4e5b544a431fbb4abc8b8e) Importer(815301076,1909f56bfc062723c751e8b465ee728b)
Start importing Assets/Prefabs/Main Camera.prefab using Guid(dca0cd9b6d4e5b544a431fbb4abc8b8e) Importer(815301076,1909f56bfc062723c751e8b465ee728b) [PhysX] Initialized MultithreadedTaskDispatcher with 12 workers.
 -> (artifact id: '1abe0f4b09d8ea70b77db7846a7fa83f') in 0.000391 seconds
Number of updated asset objects reloaded before import = 0
Number of asset objects unloaded after import = 0
========================================================================
Received Import Request.
  Time since last request: 0.000396 seconds.
  path: Assets/Prefabs/Player.prefab
  artifactKey: Guid(c24484f46d838654d9750ca2e68e2349) Importer(815301076,1909f56bfc062723c751e8b465ee728b)
Start importing Assets/Prefabs/Player.prefab using Guid(c24484f46d838654d9750ca2e68e2349) Importer(815301076,1909f56bfc062723c751e8b465ee728b) [PhysX] Initialized MultithreadedTaskDispatcher with 12 workers.
 -> (artifact id: '5035beb55cec9a3ef37e1217130bec7c') in 0.000358 seconds
Number of updated asset objects reloaded before import = 0
Number of asset objects unloaded after import = 0
========================================================================
Received Import Request.
  Time since last request: 0.000143 seconds.
  path: Assets/Prefabs/UiCollisionKey.prefab
  artifactKey: Guid(f15110739299abd4f974d16b87e0a6b5) Importer(815301076,1909f56bfc062723c751e8b465ee728b)
Start importing Assets/Prefabs/UiCollisionKey.prefab using Guid(f15110739299abd4f974d16b87e0a6b5) Importer(815301076,1909f56bfc062723c751e8b465ee728b) [PhysX] Initialized MultithreadedTaskDispatcher with 12 workers.
 -> (artifact id: '4c946ab415aa52b8a2c1fae0f4527e0a') in 0.000442 seconds
Number of updated asset objects reloaded before import = 0
Number of asset objects unloaded after import = 0
========================================================================
Received Import Request.
  Time since last request: 0.000068 seconds.
  path: Assets/Prefabs/UiCollisionReservation.prefab
  artifactKey: Guid(0a01144c74bbc6043ad893ffd2ba8926) Importer(815301076,1909f56bfc062723c751e8b465ee728b)
Start importing Assets/Prefabs/UiCollisionReservation.prefab using Guid(0a01144c74bbc6043ad893ffd2ba8926) Importer(815301076,1909f56bfc062723c751e8b465ee728b) [PhysX] Initialized MultithreadedTaskDispatcher with 12 workers.
 -> (artifact id: 'd2e0713260d04685a2d2d97e5742e5ec') in 0.000432 seconds
Number of updated asset objects reloaded before import = 0
Number of asset objects unloaded after import = 0
========================================================================
Received Import Request.
  Time since last request: 3.307989 seconds.
  path: Assets/Prefabs/Cube.prefab
  artifactKey: Guid(2f3f3ddaa08afe048ba9a096ac2b9bbb) Importer(815301076,1909f56bfc062723c751e8b465ee728b)
Start importing Assets/Prefabs/Cube.prefab using Guid(2f3f3ddaa08afe048ba9a096ac2b9bbb) Importer(815301076,1909f56bfc062723c751e8b465ee728b) [PhysX] Initialized MultithreadedTaskDispatcher with 12 workers.
 -> (artifact id: '63e1a2c6c5f85ce7e59124fe68d4d1ba') in 0.000548 seconds
Number of updated asset objects reloaded before import = 0
Number of asset objects unloaded after import = 0
========================================================================
Received Import Request.
  Time since last request: 0.000106 seconds.
  path: Assets/Prefabs/customer_luggage.prefab
  artifactKey: Guid(8966d6666d84adf49aae546fced840ee) Importer(815301076,1909f56bfc062723c751e8b465ee728b)
Start importing Assets/Prefabs/customer_luggage.prefab using Guid(8966d6666d84adf49aae546fced840ee) Importer(815301076,1909f56bfc062723c751e8b465ee728b) [PhysX] Initialized MultithreadedTaskDispatcher with 12 workers.
 -> (artifact id: '0760cacd02d4048a0a3bdc7656c48829') in 0.000611 seconds
Number of updated asset objects reloaded before import = 0
Number of asset objects unloaded after import = 0
========================================================================
Received Import Request.
  Time since last request: 0.001025 seconds.
  path: Assets/Prefabs/Player.prefab
  artifactKey: Guid(c24484f46d838654d9750ca2e68e2349) Importer(815301076,1909f56bfc062723c751e8b465ee728b)
Start importing Assets/Prefabs/Player.prefab using Guid(c24484f46d838654d9750ca2e68e2349) Importer(815301076,1909f56bfc062723c751e8b465ee728b) [PhysX] Initialized MultithreadedTaskDispatcher with 12 workers.
 -> (artifact id: '5035beb55cec9a3ef37e1217130bec7c') in 0.000437 seconds
Number of updated asset objects reloaded before import = 0
Number of asset objects unloaded after import = 0
========================================================================
Received Import Request.
  Time since last request: 0.000015 seconds.
  path: Assets/Prefabs/UiCollisionKey.prefab
  artifactKey: Guid(f15110739299abd4f974d16b87e0a6b5) Importer(815301076,1909f56bfc062723c751e8b465ee728b)
Start importing Assets/Prefabs/UiCollisionKey.prefab using Guid(f15110739299abd4f974d16b87e0a6b5) Importer(815301076,1909f56bfc062723c751e8b465ee728b) [PhysX] Initialized MultithreadedTaskDispatcher with 12 workers.
 -> (artifact id: '4c946ab415aa52b8a2c1fae0f4527e0a') in 0.000445 seconds
Number of updated asset objects reloaded before import = 0
Number of asset objects unloaded after import = 0
========================================================================
Received Import Request.
  Time since last request: 0.000039 seconds.
  path: Assets/Prefabs/UiCollisionReservation.prefab
  artifactKey: Guid(0a01144c74bbc6043ad893ffd2ba8926) Importer(815301076,1909f56bfc062723c751e8b465ee728b)
Start importing Assets/Prefabs/UiCollisionReservation.prefab using Guid(0a01144c74bbc6043ad893ffd2ba8926) Importer(815301076,1909f56bfc062723c751e8b465ee728b) [PhysX] Initialized MultithreadedTaskDispatcher with 12 workers.
 -> (artifact id: 'd2e0713260d04685a2d2d97e5742e5ec') in 0.000463 seconds
Number of updated asset objects reloaded before import = 0
Number of asset objects unloaded after import = 0
========================================================================
Received Import Request.
  Time since last request: 9.775127 seconds.
  path: Assets/Prefabs/Cube.prefab
  artifactKey: Guid(2f3f3ddaa08afe048ba9a096ac2b9bbb) Importer(815301076,1909f56bfc062723c751e8b465ee728b)
Start importing Assets/Prefabs/Cube.prefab using Guid(2f3f3ddaa08afe048ba9a096ac2b9bbb) Importer(815301076,1909f56bfc062723c751e8b465ee728b) [PhysX] Initialized MultithreadedTaskDispatcher with 12 workers.
 -> (artifact id: '63e1a2c6c5f85ce7e59124fe68d4d1ba') in 0.000611 seconds
Number of updated asset objects reloaded before import = 0
Number of asset objects unloaded after import = 0
========================================================================
Received Import Request.
  Time since last request: 0.000121 seconds.
  path: Assets/Prefabs/customer_reservation.prefab
  artifactKey: Guid(a87820c368d9dfa4fbf776488653d447) Importer(815301076,1909f56bfc062723c751e8b465ee728b)
Start importing Assets/Prefabs/customer_reservation.prefab using Guid(a87820c368d9dfa4fbf776488653d447) Importer(815301076,1909f56bfc062723c751e8b465ee728b) [PhysX] Initialized MultithreadedTaskDispatcher with 12 workers.
 -> (artifact id: '0c25d806275cef428ec2ab58a169e934') in 0.000436 seconds
Number of updated asset objects reloaded before import = 0
Number of asset objects unloaded after import = 0
========================================================================
Received Import Request.
  Time since last request: 0.000127 seconds.
  path: Assets/Prefabs/Main Camera.prefab
  artifactKey: Guid(dca0cd9b6d4e5b544a431fbb4abc8b8e) Importer(815301076,1909f56bfc062723c751e8b465ee728b)
Start importing Assets/Prefabs/Main Camera.prefab using Guid(dca0cd9b6d4e5b544a431fbb4abc8b8e) Importer(815301076,1909f56bfc062723c751e8b465ee728b) [PhysX] Initialized MultithreadedTaskDispatcher with 12 workers.
 -> (artifact id: '1abe0f4b09d8ea70b77db7846a7fa83f') in 0.000418 seconds
Number of updated asset objects reloaded before import = 0
Number of asset objects unloaded after import = 0
========================================================================
Received Import Request.
  Time since last request: 0.000108 seconds.
  path: Assets/Prefabs/RayCasting.prefab
  artifactKey: Guid(0279262f6fe551a4583662e08f50bd2c) Importer(815301076,1909f56bfc062723c751e8b465ee728b)
Start importing Assets/Prefabs/RayCasting.prefab using Guid(0279262f6fe551a4583662e08f50bd2c) Importer(815301076,1909f56bfc062723c751e8b465ee728b) [PhysX] Initialized MultithreadedTaskDispatcher with 12 workers.
 -> (artifact id: '355f8e6e9f253d5bc57a8aabbe7933dc') in 0.000454 seconds
Number of updated asset objects reloaded before import = 0
Number of asset objects unloaded after import = 0
========================================================================
Received Import Request.
  Time since last request: 0.000076 seconds.
  path: Assets/Prefabs/UiCollisionLuggage.prefab
  artifactKey: Guid(76863a42cfe9518409b130cde1fbfc45) Importer(815301076,1909f56bfc062723c751e8b465ee728b)
Start importing Assets/Prefabs/UiCollisionLuggage.prefab using Guid(76863a42cfe9518409b130cde1fbfc45) Importer(815301076,1909f56bfc062723c751e8b465ee728b) [PhysX] Initialized MultithreadedTaskDispatcher with 12 workers.
 -> (artifact id: '769f96a58268061b696ac9904cac3cab') in 0.000529 seconds
Number of updated asset objects reloaded before import = 0
Number of asset objects unloaded after import = 0
========================================================================
Received Import Request.
  Time since last request: 4.231359 seconds.
  path: Assets/Prefabs/Cube.prefab
  artifactKey: Guid(2f3f3ddaa08afe048ba9a096ac2b9bbb) Importer(815301076,1909f56bfc062723c751e8b465ee728b)
Start importing Assets/Prefabs/Cube.prefab using Guid(2f3f3ddaa08afe048ba9a096ac2b9bbb) Importer(815301076,1909f56bfc062723c751e8b465ee728b) [PhysX] Initialized MultithreadedTaskDispatcher with 12 workers.
 -> (artifact id: '63e1a2c6c5f85ce7e59124fe68d4d1ba') in 0.000549 seconds
Number of updated asset objects reloaded before import = 0
Number of asset objects unloaded after import = 0
========================================================================
Received Import Request.
  Time since last request: 0.000019 seconds.
  path: Assets/Prefabs/customer_reservation.prefab
  artifactKey: Guid(a87820c368d9dfa4fbf776488653d447) Importer(815301076,1909f56bfc062723c751e8b465ee728b)
Start importing Assets/Prefabs/customer_reservation.prefab using Guid(a87820c368d9dfa4fbf776488653d447) Importer(815301076,1909f56bfc062723c751e8b465ee728b) [PhysX] Initialized MultithreadedTaskDispatcher with 12 workers.
 -> (artifact id: '4509a653f16fd55cd8a645b0f5a6d98d') in 0.000483 seconds
Number of updated asset objects reloaded before import = 0
Number of asset objects unloaded after import = 0
========================================================================
Received Import Request.
  Time since last request: 0.000107 seconds.
  path: Assets/Prefabs/Main Camera.prefab
  artifactKey: Guid(dca0cd9b6d4e5b544a431fbb4abc8b8e) Importer(815301076,1909f56bfc062723c751e8b465ee728b)
Start importing Assets/Prefabs/Main Camera.prefab using Guid(dca0cd9b6d4e5b544a431fbb4abc8b8e) Importer(815301076,1909f56bfc062723c751e8b465ee728b) [PhysX] Initialized MultithreadedTaskDispatcher with 12 workers.
 -> (artifact id: '1abe0f4b09d8ea70b77db7846a7fa83f') in 0.000456 seconds
Number of updated asset objects reloaded before import = 0
Number of asset objects unloaded after import = 0
========================================================================
Received Import Request.
  Time since last request: 0.000474 seconds.
  path: Assets/Prefabs/RayCasting.prefab
  artifactKey: Guid(0279262f6fe551a4583662e08f50bd2c) Importer(815301076,1909f56bfc062723c751e8b465ee728b)
Start importing Assets/Prefabs/RayCasting.prefab using Guid(0279262f6fe551a4583662e08f50bd2c) Importer(815301076,1909f56bfc062723c751e8b465ee728b) [PhysX] Initialized MultithreadedTaskDispatcher with 12 workers.
 -> (artifact id: '355f8e6e9f253d5bc57a8aabbe7933dc') in 0.000420 seconds
Number of updated asset objects reloaded before import = 0
Number of asset objects unloaded after import = 0
========================================================================
Received Import Request.
  Time since last request: 0.000063 seconds.
  path: Assets/Prefabs/UiCollisionLuggage.prefab
  artifactKey: Guid(76863a42cfe9518409b130cde1fbfc45) Importer(815301076,1909f56bfc062723c751e8b465ee728b)
Start importing Assets/Prefabs/UiCollisionLuggage.prefab using Guid(76863a42cfe9518409b130cde1fbfc45) Importer(815301076,1909f56bfc062723c751e8b465ee728b) [PhysX] Initialized MultithreadedTaskDispatcher with 12 workers.
 -> (artifact id: '769f96a58268061b696ac9904cac3cab') in 0.000428 seconds
Number of updated asset objects reloaded before import = 0
Number of asset objects unloaded after import = 0
========================================================================
Received Import Request.
  Time since last request: 1.007464 seconds.
  path: Assets/Prefabs/Cube.prefab
  artifactKey: Guid(2f3f3ddaa08afe048ba9a096ac2b9bbb) Importer(815301076,1909f56bfc062723c751e8b465ee728b)
Start importing Assets/Prefabs/Cube.prefab using Guid(2f3f3ddaa08afe048ba9a096ac2b9bbb) Importer(815301076,1909f56bfc062723c751e8b465ee728b) [PhysX] Initialized MultithreadedTaskDispatcher with 12 workers.
 -> (artifact id: '63e1a2c6c5f85ce7e59124fe68d4d1ba') in 0.000524 seconds
Number of updated asset objects reloaded before import = 0
Number of asset objects unloaded after import = 0
========================================================================
Received Import Request.
  Time since last request: 0.000121 seconds.
  path: Assets/Prefabs/customer_reservation.prefab
  artifactKey: Guid(a87820c368d9dfa4fbf776488653d447) Importer(815301076,1909f56bfc062723c751e8b465ee728b)
Start importing Assets/Prefabs/customer_reservation.prefab using Guid(a87820c368d9dfa4fbf776488653d447) Importer(815301076,1909f56bfc062723c751e8b465ee728b) [PhysX] Initialized MultithreadedTaskDispatcher with 12 workers.
 -> (artifact id: '35fd25d0e86a2310341902ad2a1b9485') in 0.000486 seconds
Number of updated asset objects reloaded before import = 0
Number of asset objects unloaded after import = 0
========================================================================
Received Import Request.
  Time since last request: 0.000133 seconds.
  path: Assets/Prefabs/Main Camera.prefab
  artifactKey: Guid(dca0cd9b6d4e5b544a431fbb4abc8b8e) Importer(815301076,1909f56bfc062723c751e8b465ee728b)
Start importing Assets/Prefabs/Main Camera.prefab using Guid(dca0cd9b6d4e5b544a431fbb4abc8b8e) Importer(815301076,1909f56bfc062723c751e8b465ee728b) [PhysX] Initialized MultithreadedTaskDispatcher with 12 workers.
 -> (artifact id: '1abe0f4b09d8ea70b77db7846a7fa83f') in 0.000507 seconds
Number of updated asset objects reloaded before import = 0
Number of asset objects unloaded after import = 0
========================================================================
Received Import Request.
  Time since last request: 0.000170 seconds.
  path: Assets/Prefabs/RayCasting.prefab
  artifactKey: Guid(0279262f6fe551a4583662e08f50bd2c) Importer(815301076,1909f56bfc062723c751e8b465ee728b)
Start importing Assets/Prefabs/RayCasting.prefab using Guid(0279262f6fe551a4583662e08f50bd2c) Importer(815301076,1909f56bfc062723c751e8b465ee728b) [PhysX] Initialized MultithreadedTaskDispatcher with 12 workers.
 -> (artifact id: '355f8e6e9f253d5bc57a8aabbe7933dc') in 0.000451 seconds
Number of updated asset objects reloaded before import = 0
Number of asset objects unloaded after import = 0
========================================================================
Received Import Request.
  Time since last request: 0.000069 seconds.
  path: Assets/Prefabs/UiCollisionLuggage.prefab
  artifactKey: Guid(76863a42cfe9518409b130cde1fbfc45) Importer(815301076,1909f56bfc062723c751e8b465ee728b)
Start importing Assets/Prefabs/UiCollisionLuggage.prefab using Guid(76863a42cfe9518409b130cde1fbfc45) Importer(815301076,1909f56bfc062723c751e8b465ee728b) [PhysX] Initialized MultithreadedTaskDispatcher with 12 workers.
 -> (artifact id: '769f96a58268061b696ac9904cac3cab') in 0.000433 seconds
Number of updated asset objects reloaded before import = 0
Number of asset objects unloaded after import = 0
========================================================================
Received Import Request.
  Time since last request: 1.210213 seconds.
  path: Assets/Prefabs/Cube.prefab
  artifactKey: Guid(2f3f3ddaa08afe048ba9a096ac2b9bbb) Importer(815301076,1909f56bfc062723c751e8b465ee728b)
Start importing Assets/Prefabs/Cube.prefab using Guid(2f3f3ddaa08afe048ba9a096ac2b9bbb) Importer(815301076,1909f56bfc062723c751e8b465ee728b) [PhysX] Initialized MultithreadedTaskDispatcher with 12 workers.
 -> (artifact id: '63e1a2c6c5f85ce7e59124fe68d4d1ba') in 0.000542 seconds
Number of updated asset objects reloaded before import = 0
Number of asset objects unloaded after import = 0
========================================================================
Received Import Request.
  Time since last request: 0.000117 seconds.
  path: Assets/Prefabs/customer_reservation.prefab
  artifactKey: Guid(a87820c368d9dfa4fbf776488653d447) Importer(815301076,1909f56bfc062723c751e8b465ee728b)
Start importing Assets/Prefabs/customer_reservation.prefab using Guid(a87820c368d9dfa4fbf776488653d447) Importer(815301076,1909f56bfc062723c751e8b465ee728b) [PhysX] Initialized MultithreadedTaskDispatcher with 12 workers.
 -> (artifact id: '09c09ecce154d973367cd08b4f3fdf15') in 0.000536 seconds
Number of updated asset objects reloaded before import = 0
Number of asset objects unloaded after import = 0
========================================================================
Received Import Request.
  Time since last request: 0.000138 seconds.
  path: Assets/Prefabs/Main Camera.prefab
  artifactKey: Guid(dca0cd9b6d4e5b544a431fbb4abc8b8e) Importer(815301076,1909f56bfc062723c751e8b465ee728b)
Start importing Assets/Prefabs/Main Camera.prefab using Guid(dca0cd9b6d4e5b544a431fbb4abc8b8e) Importer(815301076,1909f56bfc062723c751e8b465ee728b) [PhysX] Initialized MultithreadedTaskDispatcher with 12 workers.
 -> (artifact id: '1abe0f4b09d8ea70b77db7846a7fa83f') in 0.000413 seconds
Number of updated asset objects reloaded before import = 0
Number of asset objects unloaded after import = 0
========================================================================
Received Import Request.
  Time since last request: 0.000109 seconds.
  path: Assets/Prefabs/RayCasting.prefab
  artifactKey: Guid(0279262f6fe551a4583662e08f50bd2c) Importer(815301076,1909f56bfc062723c751e8b465ee728b)
Start importing Assets/Prefabs/RayCasting.prefab using Guid(0279262f6fe551a4583662e08f50bd2c) Importer(815301076,1909f56bfc062723c751e8b465ee728b) [PhysX] Initialized MultithreadedTaskDispatcher with 12 workers.
 -> (artifact id: '355f8e6e9f253d5bc57a8aabbe7933dc') in 0.000399 seconds
Number of updated asset objects reloaded before import = 0
Number of asset objects unloaded after import = 0
========================================================================
Received Import Request.
  Time since last request: 0.000034 seconds.
  path: Assets/Prefabs/UiCollisionLuggage.prefab
  artifactKey: Guid(76863a42cfe9518409b130cde1fbfc45) Importer(815301076,1909f56bfc062723c751e8b465ee728b)
Start importing Assets/Prefabs/UiCollisionLuggage.prefab using Guid(76863a42cfe9518409b130cde1fbfc45) Importer(815301076,1909f56bfc062723c751e8b465ee728b) [PhysX] Initialized MultithreadedTaskDispatcher with 12 workers.
 -> (artifact id: '769f96a58268061b696ac9904cac3cab') in 0.000640 seconds
Number of updated asset objects reloaded before import = 0
Number of asset objects unloaded after import = 0
========================================================================
Received Import Request.
  Time since last request: 3.398295 seconds.
  path: Assets/Prefabs/Cube.prefab
  artifactKey: Guid(2f3f3ddaa08afe048ba9a096ac2b9bbb) Importer(815301076,1909f56bfc062723c751e8b465ee728b)
Start importing Assets/Prefabs/Cube.prefab using Guid(2f3f3ddaa08afe048ba9a096ac2b9bbb) Importer(815301076,1909f56bfc062723c751e8b465ee728b) [PhysX] Initialized MultithreadedTaskDispatcher with 12 workers.
 -> (artifact id: '63e1a2c6c5f85ce7e59124fe68d4d1ba') in 0.000629 seconds
Number of updated asset objects reloaded before import = 0
Number of asset objects unloaded after import = 0
========================================================================
Received Import Request.
  Time since last request: 0.000151 seconds.
  path: Assets/Prefabs/customer_reservation.prefab
  artifactKey: Guid(a87820c368d9dfa4fbf776488653d447) Importer(815301076,1909f56bfc062723c751e8b465ee728b)
Start importing Assets/Prefabs/customer_reservation.prefab using Guid(a87820c368d9dfa4fbf776488653d447) Importer(815301076,1909f56bfc062723c751e8b465ee728b) [PhysX] Initialized MultithreadedTaskDispatcher with 12 workers.
 -> (artifact id: 'c375f64cf14b25d111e9e76f43046728') in 0.000522 seconds
Number of updated asset objects reloaded before import = 0
Number of asset objects unloaded after import = 0
========================================================================
Received Import Request.
  Time since last request: 0.000017 seconds.
  path: Assets/Prefabs/Main Camera.prefab
  artifactKey: Guid(dca0cd9b6d4e5b544a431fbb4abc8b8e) Importer(815301076,1909f56bfc062723c751e8b465ee728b)
Start importing Assets/Prefabs/Main Camera.prefab using Guid(dca0cd9b6d4e5b544a431fbb4abc8b8e) Importer(815301076,1909f56bfc062723c751e8b465ee728b) [PhysX] Initialized MultithreadedTaskDispatcher with 12 workers.
 -> (artifact id: '1abe0f4b09d8ea70b77db7846a7fa83f') in 0.000709 seconds
Number of updated asset objects reloaded before import = 0
Number of asset objects unloaded after import = 0
========================================================================
Received Import Request.
  Time since last request: 0.000022 seconds.
  path: Assets/Prefabs/RayCasting.prefab
  artifactKey: Guid(0279262f6fe551a4583662e08f50bd2c) Importer(815301076,1909f56bfc062723c751e8b465ee728b)
Start importing Assets/Prefabs/RayCasting.prefab using Guid(0279262f6fe551a4583662e08f50bd2c) Importer(815301076,1909f56bfc062723c751e8b465ee728b) [PhysX] Initialized MultithreadedTaskDispatcher with 12 workers.
 -> (artifact id: '355f8e6e9f253d5bc57a8aabbe7933dc') in 0.000864 seconds
Number of updated asset objects reloaded before import = 0
Number of asset objects unloaded after import = 0
========================================================================
Received Import Request.
  Time since last request: 0.000076 seconds.
  path: Assets/Prefabs/UiCollisionLuggage.prefab
  artifactKey: Guid(76863a42cfe9518409b130cde1fbfc45) Importer(815301076,1909f56bfc062723c751e8b465ee728b)
Start importing Assets/Prefabs/UiCollisionLuggage.prefab using Guid(76863a42cfe9518409b130cde1fbfc45) Importer(815301076,1909f56bfc062723c751e8b465ee728b) [PhysX] Initialized MultithreadedTaskDispatcher with 12 workers.
 -> (artifact id: '769f96a58268061b696ac9904cac3cab') in 0.000471 seconds
Number of updated asset objects reloaded before import = 0
Number of asset objects unloaded after import = 0
========================================================================
Received Import Request.
  Time since last request: 3.118343 seconds.
  path: Assets/Prefabs/Cube.prefab
  artifactKey: Guid(2f3f3ddaa08afe048ba9a096ac2b9bbb) Importer(815301076,1909f56bfc062723c751e8b465ee728b)
Start importing Assets/Prefabs/Cube.prefab using Guid(2f3f3ddaa08afe048ba9a096ac2b9bbb) Importer(815301076,1909f56bfc062723c751e8b465ee728b) [PhysX] Initialized MultithreadedTaskDispatcher with 12 workers.
 -> (artifact id: '63e1a2c6c5f85ce7e59124fe68d4d1ba') in 0.000584 seconds
Number of updated asset objects reloaded before import = 0
Number of asset objects unloaded after import = 0
========================================================================
Received Import Request.
  Time since last request: 0.000075 seconds.
  path: Assets/Prefabs/customer_reservation.prefab
  artifactKey: Guid(a87820c368d9dfa4fbf776488653d447) Importer(815301076,1909f56bfc062723c751e8b465ee728b)
Start importing Assets/Prefabs/customer_reservation.prefab using Guid(a87820c368d9dfa4fbf776488653d447) Importer(815301076,1909f56bfc062723c751e8b465ee728b) [PhysX] Initialized MultithreadedTaskDispatcher with 12 workers.
 -> (artifact id: '0ecbb47ffdd11b717790bd2bb33f3e71') in 0.000449 seconds
Number of updated asset objects reloaded before import = 0
Number of asset objects unloaded after import = 0
========================================================================
Received Import Request.
  Time since last request: 0.000023 seconds.
  path: Assets/Prefabs/Main Camera.prefab
  artifactKey: Guid(dca0cd9b6d4e5b544a431fbb4abc8b8e) Importer(815301076,1909f56bfc062723c751e8b465ee728b)
Start importing Assets/Prefabs/Main Camera.prefab using Guid(dca0cd9b6d4e5b544a431fbb4abc8b8e) Importer(815301076,1909f56bfc062723c751e8b465ee728b) [PhysX] Initialized MultithreadedTaskDispatcher with 12 workers.
 -> (artifact id: '1abe0f4b09d8ea70b77db7846a7fa83f') in 0.000581 seconds
Number of updated asset objects reloaded before import = 0
Number of asset objects unloaded after import = 0
========================================================================
Received Import Request.
  Time since last request: 0.000028 seconds.
  path: Assets/Prefabs/RayCasting.prefab
  artifactKey: Guid(0279262f6fe551a4583662e08f50bd2c) Importer(815301076,1909f56bfc062723c751e8b465ee728b)
Start importing Assets/Prefabs/RayCasting.prefab using Guid(0279262f6fe551a4583662e08f50bd2c) Importer(815301076,1909f56bfc062723c751e8b465ee728b) [PhysX] Initialized MultithreadedTaskDispatcher with 12 workers.
 -> (artifact id: '355f8e6e9f253d5bc57a8aabbe7933dc') in 0.000467 seconds
Number of updated asset objects reloaded before import = 0
Number of asset objects unloaded after import = 0
========================================================================
Received Import Request.
  Time since last request: 0.000037 seconds.
  path: Assets/Prefabs/UiCollisionLuggage.prefab
  artifactKey: Guid(76863a42cfe9518409b130cde1fbfc45) Importer(815301076,1909f56bfc062723c751e8b465ee728b)
Start importing Assets/Prefabs/UiCollisionLuggage.prefab using Guid(76863a42cfe9518409b130cde1fbfc45) Importer(815301076,1909f56bfc062723c751e8b465ee728b) [PhysX] Initialized MultithreadedTaskDispatcher with 12 workers.
 -> (artifact id: '769f96a58268061b696ac9904cac3cab') in 0.000831 seconds
Number of updated asset objects reloaded before import = 0
Number of asset objects unloaded after import = 0
========================================================================
Received Prepare
Caller must complete domain reload
Begin MonoManager ReloadAssembly
- Loaded All Assemblies, in  0.758 seconds
Native extension for WindowsStandalone target not found
[Package Manager] Server::EnsureServerProcessIsRunning -- launch failed, reason: Unity was launched with the -noUpm command-line argument
[Package Manager] UpmClient::Send -- Unable to send message (not connected to UPM process).
[Package Manager] Cannot connect to Unity Package Manager local server
Mono: successfully reloaded assembly
- Finished resetting the current domain, in  2.073 seconds
Domain Reload Profiling: 2826ms
	BeginReloadAssembly (254ms)
		ExecutionOrderSort (0ms)
		DisableScriptedObjects (8ms)
		BackupInstance (0ms)
		ReleaseScriptingObjects (0ms)
		CreateAndSetChildDomain (48ms)
	RebuildCommonClasses (56ms)
	RebuildNativeTypeToScriptingClass (17ms)
	initialDomainReloadingComplete (57ms)
	LoadAllAssembliesAndSetupDomain (368ms)
		LoadAssemblies (500ms)
		RebuildTransferFunctionScriptingTraits (0ms)
		AnalyzeDomain (25ms)
			TypeCache.Refresh (7ms)
				TypeCache.ScanAssembly (0ms)
			ScanForSourceGeneratedMonoScriptInfo (0ms)
			ResolveRequiredComponents (13ms)
	FinalizeReload (2074ms)
		ReleaseScriptCaches (0ms)
		RebuildScriptCaches (0ms)
		SetupLoadedEditorAssemblies (1053ms)
			LogAssemblyErrors (0ms)
			InitializePlatformSupportModulesInManaged (16ms)
			SetLoadedEditorAssemblies (6ms)
			RefreshPlugins (0ms)
			BeforeProcessingInitializeOnLoad (132ms)
			ProcessInitializeOnLoadAttributes (827ms)
			ProcessInitializeOnLoadMethodAttributes (45ms)
			AfterProcessingInitializeOnLoad (22ms)
			EditorAssembliesLoaded (5ms)
		ExecutionOrderSort2 (0ms)
		AwakeInstancesAfterBackupRestoration (13ms)
Refreshing native plugins compatible for Editor in 10.11 ms, found 3 plugins.
Preloading 0 native plugins for Editor in 0.00 ms.
Unloading 3302 Unused Serialized files (Serialized files now loaded: 0)
Unloading 14 unused Assets / (98.8 KB). Loaded Objects now: 4049.
Memory consumption went from 127.7 MB to 127.6 MB.
Total: 7.545000 ms (FindLiveObjects: 0.730600 ms CreateObjectMapping: 0.426400 ms MarkObjects: 6.283800 ms  DeleteObjects: 0.102800 ms)

Prepare: number of updated asset objects reloaded= 0
AssetImportParameters requested are different than current active one (requested -> active):
  custom:container-demuxer-ogg: 62fdf1f143b41e24485cea50d1cbac27 -> 
  custom:video-codec-MediaFoundation-h265: 746d11721c4dcdbdad8f713fa42b33f4 -> 
  custom:video-decoder-ogg-theora: a1e56fd34408186e4bbccfd4996cb3dc -> 
  custom:framework-win-MediaFoundation: 216162199b28c13a410421893ffa2e32 -> 
  custom:CustomObjectIndexerAttribute: 9a22284fe3817be447336de3de66b15e -> 
  custom:container-demuxer-webm: 4f35f7cbe854078d1ac9338744f61a02 -> 
  custom:container-muxer-webm: aa71ff27fc2769a1b78a27578f13a17b -> 
  custom:video-decoder-webm-vp8: 9c59270c3fd7afecdb556c50c9e8de78 -> 
  custom:SearchIndexIgnoredProperties: e643bd26f0fe6173181afceb89e7c659 -> 
  custom:AudioImporter_EditorPlatform: d09bf68614088b80899f8185d706f6e7 -> 
  custom:video-encoder-webm-vp8: eb34c28f22e8b96e1ab97ce403110664 -> 
  custom:audio-decoder-ogg-vorbis: bf7c407c2cedff20999df2af8eb42d56 -> 
  custom:audio-encoder-webm-vorbis: bf7c407c2cedff20999df2af8eb42d56 -> 
  custom:scripting/monoscript/fileName/UILookAt.cs: 8faaf52571da5b70ed83187d6c8e471d -> 
  custom:scripting/precompiled-assembly-types:Assembly-CSharp: 8734a268f6a09ac2dcfa063f74100be8 -> 12232df095ec81a39cbb81c15ff83476
========================================================================
Received Import Request.
  Time since last request: 23.835889 seconds.
  path: Assets/Prefabs/customer_reservation.prefab
  artifactKey: Guid(a87820c368d9dfa4fbf776488653d447) Importer(815301076,1909f56bfc062723c751e8b465ee728b)
Start importing Assets/Prefabs/customer_reservation.prefab using Guid(a87820c368d9dfa4fbf776488653d447) Importer(815301076,1909f56bfc062723c751e8b465ee728b) [PhysX] Initialized MultithreadedTaskDispatcher with 12 workers.
 -> (artifact id: '0ecbb47ffdd11b717790bd2bb33f3e71') in 0.004749 seconds
Number of updated asset objects reloaded before import = 0
Number of asset objects unloaded after import = 0
========================================================================
Received Import Request.
  Time since last request: 0.000075 seconds.
  path: Assets/Prefabs/Main Camera.prefab
  artifactKey: Guid(dca0cd9b6d4e5b544a431fbb4abc8b8e) Importer(815301076,1909f56bfc062723c751e8b465ee728b)
Start importing Assets/Prefabs/Main Camera.prefab using Guid(dca0cd9b6d4e5b544a431fbb4abc8b8e) Importer(815301076,1909f56bfc062723c751e8b465ee728b) [PhysX] Initialized MultithreadedTaskDispatcher with 12 workers.
 -> (artifact id: '1abe0f4b09d8ea70b77db7846a7fa83f') in 0.000812 seconds
Number of updated asset objects reloaded before import = 0
Number of asset objects unloaded after import = 0
========================================================================
Received Import Request.
  Time since last request: 0.000020 seconds.
  path: Assets/Prefabs/RayCasting.prefab
  artifactKey: Guid(0279262f6fe551a4583662e08f50bd2c) Importer(815301076,1909f56bfc062723c751e8b465ee728b)
Start importing Assets/Prefabs/RayCasting.prefab using Guid(0279262f6fe551a4583662e08f50bd2c) Importer(815301076,1909f56bfc062723c751e8b465ee728b) [PhysX] Initialized MultithreadedTaskDispatcher with 12 workers.
 -> (artifact id: '355f8e6e9f253d5bc57a8aabbe7933dc') in 0.000956 seconds
Number of updated asset objects reloaded before import = 0
Number of asset objects unloaded after import = 0
========================================================================
Received Import Request.
  Time since last request: 0.000029 seconds.
  path: Assets/Prefabs/Cube.prefab
  artifactKey: Guid(2f3f3ddaa08afe048ba9a096ac2b9bbb) Importer(815301076,1909f56bfc062723c751e8b465ee728b)
Start importing Assets/Prefabs/Cube.prefab using Guid(2f3f3ddaa08afe048ba9a096ac2b9bbb) Importer(815301076,1909f56bfc062723c751e8b465ee728b) [PhysX] Initialized MultithreadedTaskDispatcher with 12 workers.
 -> (artifact id: '63e1a2c6c5f85ce7e59124fe68d4d1ba') in 0.000988 seconds
Number of updated asset objects reloaded before import = 0
Number of asset objects unloaded after import = 0
========================================================================
Received Import Request.
  Time since last request: 0.000021 seconds.
  path: Assets/Prefabs/UiCollisionKey.prefab
  artifactKey: Guid(f15110739299abd4f974d16b87e0a6b5) Importer(815301076,1909f56bfc062723c751e8b465ee728b)
Start importing Assets/Prefabs/UiCollisionKey.prefab using Guid(f15110739299abd4f974d16b87e0a6b5) Importer(815301076,1909f56bfc062723c751e8b465ee728b) [PhysX] Initialized MultithreadedTaskDispatcher with 12 workers.
 -> (artifact id: '4c946ab415aa52b8a2c1fae0f4527e0a') in 0.000816 seconds
Number of updated asset objects reloaded before import = 0
Number of asset objects unloaded after import = 0
========================================================================
Received Import Request.
  Time since last request: 0.000042 seconds.
  path: Assets/Prefabs/customer_key.prefab
  artifactKey: Guid(af397f1f3e64fa04f959444d3bec0bf5) Importer(815301076,1909f56bfc062723c751e8b465ee728b)
Start importing Assets/Prefabs/customer_key.prefab using Guid(af397f1f3e64fa04f959444d3bec0bf5) Importer(815301076,1909f56bfc062723c751e8b465ee728b) [PhysX] Initialized MultithreadedTaskDispatcher with 12 workers.
 -> (artifact id: '4cfc878da24c22513687cff06ab1e77a') in 0.000722 seconds
Number of updated asset objects reloaded before import = 0
Number of asset objects unloaded after import = 0
========================================================================
Received Import Request.
  Time since last request: 0.000057 seconds.
  path: Assets/Prefabs/UiCollisionLuggage.prefab
  artifactKey: Guid(76863a42cfe9518409b130cde1fbfc45) Importer(815301076,1909f56bfc062723c751e8b465ee728b)
Start importing Assets/Prefabs/UiCollisionLuggage.prefab using Guid(76863a42cfe9518409b130cde1fbfc45) Importer(815301076,1909f56bfc062723c751e8b465ee728b) [PhysX] Initialized MultithreadedTaskDispatcher with 12 workers.
 -> (artifact id: '769f96a58268061b696ac9904cac3cab') in 0.000956 seconds
Number of updated asset objects reloaded before import = 0
Number of asset objects unloaded after import = 0
========================================================================
Received Import Request.
  Time since last request: 0.000036 seconds.
  path: Assets/Prefabs/customer_luggage.prefab
  artifactKey: Guid(8966d6666d84adf49aae546fced840ee) Importer(815301076,1909f56bfc062723c751e8b465ee728b)
Start importing Assets/Prefabs/customer_luggage.prefab using Guid(8966d6666d84adf49aae546fced840ee) Importer(815301076,1909f56bfc062723c751e8b465ee728b) [PhysX] Initialized MultithreadedTaskDispatcher with 12 workers.
 -> (artifact id: '0760cacd02d4048a0a3bdc7656c48829') in 0.000768 seconds
Number of updated asset objects reloaded before import = 0
Number of asset objects unloaded after import = 0
========================================================================
Received Import Request.
  Time since last request: 0.000024 seconds.
  path: Assets/Prefabs/Player.prefab
  artifactKey: Guid(c24484f46d838654d9750ca2e68e2349) Importer(815301076,1909f56bfc062723c751e8b465ee728b)
Start importing Assets/Prefabs/Player.prefab using Guid(c24484f46d838654d9750ca2e68e2349) Importer(815301076,1909f56bfc062723c751e8b465ee728b) [PhysX] Initialized MultithreadedTaskDispatcher with 12 workers.
 -> (artifact id: '5035beb55cec9a3ef37e1217130bec7c') in 0.000833 seconds
Number of updated asset objects reloaded before import = 0
Number of asset objects unloaded after import = 0
========================================================================
Received Prepare
Refreshing native plugins compatible for Editor in 9.98 ms, found 3 plugins.
Preloading 0 native plugins for Editor in 0.00 ms.
Unloading 1 Unused Serialized files (Serialized files now loaded: 0)
Unloading 1 unused Assets / (83.1 KB). Loaded Objects now: 4049.
Memory consumption went from 76.1 MB to 76.0 MB.
Total: 6.662400 ms (FindLiveObjects: 2.105000 ms CreateObjectMapping: 0.381600 ms MarkObjects: 4.136300 ms  DeleteObjects: 0.038600 ms)

Prepare: number of updated asset objects reloaded= 0
AssetImportParameters requested are different than current active one (requested -> active):
  custom:container-demuxer-ogg: 62fdf1f143b41e24485cea50d1cbac27 -> 
  custom:video-codec-MediaFoundation-h265: 746d11721c4dcdbdad8f713fa42b33f4 -> 
  custom:video-decoder-ogg-theora: a1e56fd34408186e4bbccfd4996cb3dc -> 
  custom:framework-win-MediaFoundation: 216162199b28c13a410421893ffa2e32 -> 
  custom:CustomObjectIndexerAttribute: 9a22284fe3817be447336de3de66b15e -> 
  custom:container-demuxer-webm: 4f35f7cbe854078d1ac9338744f61a02 -> 
  custom:container-muxer-webm: aa71ff27fc2769a1b78a27578f13a17b -> 
  custom:video-decoder-webm-vp8: 9c59270c3fd7afecdb556c50c9e8de78 -> 
  custom:SearchIndexIgnoredProperties: e643bd26f0fe6173181afceb89e7c659 -> 
  custom:AudioImporter_EditorPlatform: d09bf68614088b80899f8185d706f6e7 -> 
  custom:video-encoder-webm-vp8: eb34c28f22e8b96e1ab97ce403110664 -> 
  custom:audio-decoder-ogg-vorbis: bf7c407c2cedff20999df2af8eb42d56 -> 
  custom:audio-encoder-webm-vorbis: bf7c407c2cedff20999df2af8eb42d56 -> 
  custom:scripting/monoscript/fileName/UILookAt.cs: 8faaf52571da5b70ed83187d6c8e471d -> 
  custom:scripting/precompiled-assembly-types:Assembly-CSharp: 8734a268f6a09ac2dcfa063f74100be8 -> 12232df095ec81a39cbb81c15ff83476
========================================================================
Received Prepare
Refreshing native plugins compatible for Editor in 8.15 ms, found 3 plugins.
Preloading 0 native plugins for Editor in 0.00 ms.
Unloading 1 Unused Serialized files (Serialized files now loaded: 0)
Unloading 1 unused Assets / (83.1 KB). Loaded Objects now: 4049.
Memory consumption went from 76.1 MB to 76.0 MB.
Total: 3.651000 ms (FindLiveObjects: 0.315400 ms CreateObjectMapping: 0.276900 ms MarkObjects: 3.018900 ms  DeleteObjects: 0.038700 ms)

Prepare: number of updated asset objects reloaded= 0
AssetImportParameters requested are different than current active one (requested -> active):
  custom:container-demuxer-ogg: 62fdf1f143b41e24485cea50d1cbac27 -> 
  custom:video-codec-MediaFoundation-h265: 746d11721c4dcdbdad8f713fa42b33f4 -> 
  custom:video-decoder-ogg-theora: a1e56fd34408186e4bbccfd4996cb3dc -> 
  custom:framework-win-MediaFoundation: 216162199b28c13a410421893ffa2e32 -> 
  custom:CustomObjectIndexerAttribute: 9a22284fe3817be447336de3de66b15e -> 
  custom:container-demuxer-webm: 4f35f7cbe854078d1ac9338744f61a02 -> 
  custom:container-muxer-webm: aa71ff27fc2769a1b78a27578f13a17b -> 
  custom:video-decoder-webm-vp8: 9c59270c3fd7afecdb556c50c9e8de78 -> 
  custom:SearchIndexIgnoredProperties: e643bd26f0fe6173181afceb89e7c659 -> 
  custom:AudioImporter_EditorPlatform: d09bf68614088b80899f8185d706f6e7 -> 
  custom:video-encoder-webm-vp8: eb34c28f22e8b96e1ab97ce403110664 -> 
  custom:audio-decoder-ogg-vorbis: bf7c407c2cedff20999df2af8eb42d56 -> 
  custom:audio-encoder-webm-vorbis: bf7c407c2cedff20999df2af8eb42d56 -> 
  custom:scripting/monoscript/fileName/UILookAt.cs: 8faaf52571da5b70ed83187d6c8e471d -> 
  custom:scripting/precompiled-assembly-types:Assembly-CSharp: 8734a268f6a09ac2dcfa063f74100be8 -> 12232df095ec81a39cbb81c15ff83476
========================================================================
Received Import Request.
  Time since last request: 355.861062 seconds.
  path: Assets/Prefabs/chickenm.png
  artifactKey: Guid(6472b1ecae81f1f4f8843fba9e6b22cb) Importer(815301076,1909f56bfc062723c751e8b465ee728b)
Start importing Assets/Prefabs/chickenm.png using Guid(6472b1ecae81f1f4f8843fba9e6b22cb) Importer(815301076,1909f56bfc062723c751e8b465ee728b) [PhysX] Initialized MultithreadedTaskDispatcher with 12 workers.
[PhysX] Initialized MultithreadedTaskDispatcher with 12 workers.
 -> (artifact id: 'a5d17d96c9917eab7750366f121d7d00') in 0.111862 seconds
Number of updated asset objects reloaded before import = 0
Number of asset objects unloaded after import = 3
========================================================================
Received Import Request.
  Time since last request: 0.000030 seconds.
  path: Assets/Prefabs/KH_Res.png
  artifactKey: Guid(ae478cfd27ecb2740bdba14b39283a7f) Importer(815301076,1909f56bfc062723c751e8b465ee728b)
Start importing Assets/Prefabs/KH_Res.png using Guid(ae478cfd27ecb2740bdba14b39283a7f) Importer(815301076,1909f56bfc062723c751e8b465ee728b) [PhysX] Initialized MultithreadedTaskDispatcher with 12 workers.
[PhysX] Initialized MultithreadedTaskDispatcher with 12 workers.
 -> (artifact id: 'ebf16a2b451e79cd89df8c292ac22abc') in 0.010141 seconds
Number of updated asset objects reloaded before import = 0
Number of asset objects unloaded after import = 2
========================================================================
Received Import Request.
  Time since last request: 0.000031 seconds.
  path: Assets/Prefabs/Main Camera.prefab
  artifactKey: Guid(dca0cd9b6d4e5b544a431fbb4abc8b8e) Importer(815301076,1909f56bfc062723c751e8b465ee728b)
Start importing Assets/Prefabs/Main Camera.prefab using Guid(dca0cd9b6d4e5b544a431fbb4abc8b8e) Importer(815301076,1909f56bfc062723c751e8b465ee728b) [PhysX] Initialized MultithreadedTaskDispatcher with 12 workers.
 -> (artifact id: '1abe0f4b09d8ea70b77db7846a7fa83f') in 0.000730 seconds
Number of updated asset objects reloaded before import = 0
Number of asset objects unloaded after import = 0
========================================================================
Received Import Request.
  Time since last request: 0.000024 seconds.
  path: Assets/Prefabs/RayCasting.prefab
  artifactKey: Guid(0279262f6fe551a4583662e08f50bd2c) Importer(815301076,1909f56bfc062723c751e8b465ee728b)
Start importing Assets/Prefabs/RayCasting.prefab using Guid(0279262f6fe551a4583662e08f50bd2c) Importer(815301076,1909f56bfc062723c751e8b465ee728b) [PhysX] Initialized MultithreadedTaskDispatcher with 12 workers.
 -> (artifact id: '355f8e6e9f253d5bc57a8aabbe7933dc') in 0.000971 seconds
Number of updated asset objects reloaded before import = 0
Number of asset objects unloaded after import = 0
========================================================================
Received Import Request.
  Time since last request: 0.000040 seconds.
  path: Assets/Prefabs/UiCollisionKey.prefab
  artifactKey: Guid(f15110739299abd4f974d16b87e0a6b5) Importer(815301076,1909f56bfc062723c751e8b465ee728b)
Start importing Assets/Prefabs/UiCollisionKey.prefab using Guid(f15110739299abd4f974d16b87e0a6b5) Importer(815301076,1909f56bfc062723c751e8b465ee728b) [PhysX] Initialized MultithreadedTaskDispatcher with 12 workers.
 -> (artifact id: '4c946ab415aa52b8a2c1fae0f4527e0a') in 0.001013 seconds
Number of updated asset objects reloaded before import = 0
Number of asset objects unloaded after import = 0
========================================================================
Received Import Request.
  Time since last request: 0.000190 seconds.
  path: Assets/Prefabs/customer_key.prefab
  artifactKey: Guid(af397f1f3e64fa04f959444d3bec0bf5) Importer(815301076,1909f56bfc062723c751e8b465ee728b)
Start importing Assets/Prefabs/customer_key.prefab using Guid(af397f1f3e64fa04f959444d3bec0bf5) Importer(815301076,1909f56bfc062723c751e8b465ee728b) [PhysX] Initialized MultithreadedTaskDispatcher with 12 workers.
 -> (artifact id: '4cfc878da24c22513687cff06ab1e77a') in 0.001441 seconds
Number of updated asset objects reloaded before import = 0
Number of asset objects unloaded after import = 0
========================================================================
Received Import Request.
  Time since last request: 0.000059 seconds.
  path: Assets/Prefabs/UiCollisionLuggage.prefab
  artifactKey: Guid(76863a42cfe9518409b130cde1fbfc45) Importer(815301076,1909f56bfc062723c751e8b465ee728b)
Start importing Assets/Prefabs/UiCollisionLuggage.prefab using Guid(76863a42cfe9518409b130cde1fbfc45) Importer(815301076,1909f56bfc062723c751e8b465ee728b) [PhysX] Initialized MultithreadedTaskDispatcher with 12 workers.
 -> (artifact id: '769f96a58268061b696ac9904cac3cab') in 0.000752 seconds
Number of updated asset objects reloaded before import = 0
Number of asset objects unloaded after import = 0
========================================================================
Received Import Request.
  Time since last request: 0.000098 seconds.
  path: Assets/Prefabs/UiCollisionReservation.prefab
  artifactKey: Guid(0a01144c74bbc6043ad893ffd2ba8926) Importer(815301076,1909f56bfc062723c751e8b465ee728b)
Start importing Assets/Prefabs/UiCollisionReservation.prefab using Guid(0a01144c74bbc6043ad893ffd2ba8926) Importer(815301076,1909f56bfc062723c751e8b465ee728b) [PhysX] Initialized MultithreadedTaskDispatcher with 12 workers.
 -> (artifact id: 'd2e0713260d04685a2d2d97e5742e5ec') in 0.000779 seconds
Number of updated asset objects reloaded before import = 0
Number of asset objects unloaded after import = 0
========================================================================
Received Import Request.
  Time since last request: 0.000064 seconds.
  path: Assets/Prefabs/item_key.prefab
  artifactKey: Guid(9cf7d41394ac45d4dbae9bdad1295fd9) Importer(815301076,1909f56bfc062723c751e8b465ee728b)
Start importing Assets/Prefabs/item_key.prefab using Guid(9cf7d41394ac45d4dbae9bdad1295fd9) Importer(815301076,1909f56bfc062723c751e8b465ee728b) [PhysX] Initialized MultithreadedTaskDispatcher with 12 workers.
[PhysX] Initialized MultithreadedTaskDispatcher with 12 workers.
 -> (artifact id: '0a3b092cd5e8ae3bd053e42c517dc072') in 0.074550 seconds
Number of updated asset objects reloaded before import = 0
Number of asset objects unloaded after import = 10
========================================================================
Received Prepare
Caller must complete domain reload
Begin MonoManager ReloadAssembly
- Loaded All Assemblies, in  1.010 seconds
Native extension for WindowsStandalone target not found
[Package Manager] Server::EnsureServerProcessIsRunning -- launch failed, reason: Unity was launched with the -noUpm command-line argument
[Package Manager] UpmClient::Send -- Unable to send message (not connected to UPM process).
[Package Manager] Cannot connect to Unity Package Manager local server
Mono: successfully reloaded assembly
- Finished resetting the current domain, in  2.328 seconds
Domain Reload Profiling: 3330ms
	BeginReloadAssembly (273ms)
		ExecutionOrderSort (0ms)
		DisableScriptedObjects (6ms)
		BackupInstance (0ms)
		ReleaseScriptingObjects (0ms)
		CreateAndSetChildDomain (49ms)
	RebuildCommonClasses (63ms)
	RebuildNativeTypeToScriptingClass (17ms)
	initialDomainReloadingComplete (56ms)
	LoadAllAssembliesAndSetupDomain (593ms)
		LoadAssemblies (568ms)
		RebuildTransferFunctionScriptingTraits (0ms)
		AnalyzeDomain (193ms)
			TypeCache.Refresh (143ms)
				TypeCache.ScanAssembly (110ms)
			ScanForSourceGeneratedMonoScriptInfo (36ms)
			ResolveRequiredComponents (12ms)
	FinalizeReload (2329ms)
		ReleaseScriptCaches (0ms)
		RebuildScriptCaches (0ms)
		SetupLoadedEditorAssemblies (920ms)
			LogAssemblyErrors (0ms)
			InitializePlatformSupportModulesInManaged (15ms)
			SetLoadedEditorAssemblies (6ms)
			RefreshPlugins (0ms)
			BeforeProcessingInitializeOnLoad (127ms)
			ProcessInitializeOnLoadAttributes (695ms)
			ProcessInitializeOnLoadMethodAttributes (55ms)
			AfterProcessingInitializeOnLoad (20ms)
			EditorAssembliesLoaded (2ms)
		ExecutionOrderSort2 (0ms)
		AwakeInstancesAfterBackupRestoration (11ms)
Refreshing native plugins compatible for Editor in 13.72 ms, found 3 plugins.
Preloading 0 native plugins for Editor in 0.00 ms.
Unloading 3302 Unused Serialized files (Serialized files now loaded: 0)
Unloading 14 unused Assets / (108.5 KB). Loaded Objects now: 4064.
Memory consumption went from 127.7 MB to 127.6 MB.
Total: 6.998800 ms (FindLiveObjects: 0.353200 ms CreateObjectMapping: 0.275100 ms MarkObjects: 6.283600 ms  DeleteObjects: 0.085300 ms)

Prepare: number of updated asset objects reloaded= 0
AssetImportParameters requested are different than current active one (requested -> active):
  custom:container-demuxer-ogg: 62fdf1f143b41e24485cea50d1cbac27 -> 
  custom:video-codec-MediaFoundation-h265: 746d11721c4dcdbdad8f713fa42b33f4 -> 
  custom:video-decoder-ogg-theora: a1e56fd34408186e4bbccfd4996cb3dc -> 
  custom:framework-win-MediaFoundation: 216162199b28c13a410421893ffa2e32 -> 
  custom:CustomObjectIndexerAttribute: 9a22284fe3817be447336de3de66b15e -> 
  custom:container-demuxer-webm: 4f35f7cbe854078d1ac9338744f61a02 -> 
  custom:container-muxer-webm: aa71ff27fc2769a1b78a27578f13a17b -> 
  custom:video-decoder-webm-vp8: 9c59270c3fd7afecdb556c50c9e8de78 -> 
  custom:SearchIndexIgnoredProperties: e643bd26f0fe6173181afceb89e7c659 -> 
  custom:AudioImporter_EditorPlatform: d09bf68614088b80899f8185d706f6e7 -> 
  custom:video-encoder-webm-vp8: eb34c28f22e8b96e1ab97ce403110664 -> 
  custom:audio-decoder-ogg-vorbis: bf7c407c2cedff20999df2af8eb42d56 -> 
  custom:audio-encoder-webm-vorbis: bf7c407c2cedff20999df2af8eb42d56 -> 
  custom:scripting/monoscript/fileName/UILookAt.cs: 8faaf52571da5b70ed83187d6c8e471d -> 
  custom:scripting/precompiled-assembly-types:Assembly-CSharp: 8734a268f6a09ac2dcfa063f74100be8 -> 12232df095ec81a39cbb81c15ff83476
========================================================================
Received Import Request.
  Time since last request: 31.345595 seconds.
  path: Assets/Prefabs/customer_reservation.prefab
  artifactKey: Guid(a87820c368d9dfa4fbf776488653d447) Importer(815301076,1909f56bfc062723c751e8b465ee728b)
Start importing Assets/Prefabs/customer_reservation.prefab using Guid(a87820c368d9dfa4fbf776488653d447) Importer(815301076,1909f56bfc062723c751e8b465ee728b) [PhysX] Initialized MultithreadedTaskDispatcher with 12 workers.
 -> (artifact id: '0ecbb47ffdd11b717790bd2bb33f3e71') in 0.004926 seconds
Number of updated asset objects reloaded before import = 0
Number of asset objects unloaded after import = 0
========================================================================
Received Import Request.
  Time since last request: 0.000056 seconds.
  path: Assets/Prefabs/Main Camera.prefab
  artifactKey: Guid(dca0cd9b6d4e5b544a431fbb4abc8b8e) Importer(815301076,1909f56bfc062723c751e8b465ee728b)
Start importing Assets/Prefabs/Main Camera.prefab using Guid(dca0cd9b6d4e5b544a431fbb4abc8b8e) Importer(815301076,1909f56bfc062723c751e8b465ee728b) [PhysX] Initialized MultithreadedTaskDispatcher with 12 workers.
 -> (artifact id: '1abe0f4b09d8ea70b77db7846a7fa83f') in 0.001168 seconds
Number of updated asset objects reloaded before import = 0
Number of asset objects unloaded after import = 0
========================================================================
Received Import Request.
  Time since last request: 0.000028 seconds.
  path: Assets/Prefabs/RayCasting.prefab
  artifactKey: Guid(0279262f6fe551a4583662e08f50bd2c) Importer(815301076,1909f56bfc062723c751e8b465ee728b)
Start importing Assets/Prefabs/RayCasting.prefab using Guid(0279262f6fe551a4583662e08f50bd2c) Importer(815301076,1909f56bfc062723c751e8b465ee728b) [PhysX] Initialized MultithreadedTaskDispatcher with 12 workers.
 -> (artifact id: '355f8e6e9f253d5bc57a8aabbe7933dc') in 0.001199 seconds
Number of updated asset objects reloaded before import = 0
Number of asset objects unloaded after import = 0
========================================================================
Received Import Request.
  Time since last request: 0.000034 seconds.
  path: Assets/Prefabs/Cube.prefab
  artifactKey: Guid(2f3f3ddaa08afe048ba9a096ac2b9bbb) Importer(815301076,1909f56bfc062723c751e8b465ee728b)
Start importing Assets/Prefabs/Cube.prefab using Guid(2f3f3ddaa08afe048ba9a096ac2b9bbb) Importer(815301076,1909f56bfc062723c751e8b465ee728b) [PhysX] Initialized MultithreadedTaskDispatcher with 12 workers.
 -> (artifact id: '63e1a2c6c5f85ce7e59124fe68d4d1ba') in 0.001007 seconds
Number of updated asset objects reloaded before import = 0
Number of asset objects unloaded after import = 0
========================================================================
Received Import Request.
  Time since last request: 0.000022 seconds.
  path: Assets/Prefabs/customer_key.prefab
  artifactKey: Guid(af397f1f3e64fa04f959444d3bec0bf5) Importer(815301076,1909f56bfc062723c751e8b465ee728b)
Start importing Assets/Prefabs/customer_key.prefab using Guid(af397f1f3e64fa04f959444d3bec0bf5) Importer(815301076,1909f56bfc062723c751e8b465ee728b) [PhysX] Initialized MultithreadedTaskDispatcher with 12 workers.
 -> (artifact id: '4cfc878da24c22513687cff06ab1e77a') in 0.003031 seconds
Number of updated asset objects reloaded before import = 0
Number of asset objects unloaded after import = 0
========================================================================
Received Import Request.
  Time since last request: 0.000071 seconds.
  path: Assets/Prefabs/UiCollisionLuggage.prefab
  artifactKey: Guid(76863a42cfe9518409b130cde1fbfc45) Importer(815301076,1909f56bfc062723c751e8b465ee728b)
Start importing Assets/Prefabs/UiCollisionLuggage.prefab using Guid(76863a42cfe9518409b130cde1fbfc45) Importer(815301076,1909f56bfc062723c751e8b465ee728b) [PhysX] Initialized MultithreadedTaskDispatcher with 12 workers.
 -> (artifact id: '769f96a58268061b696ac9904cac3cab') in 0.000824 seconds
Number of updated asset objects reloaded before import = 0
Number of asset objects unloaded after import = 0
========================================================================
Received Import Request.
  Time since last request: 0.000060 seconds.
  path: Assets/Prefabs/UiCollisionReservation.prefab
  artifactKey: Guid(0a01144c74bbc6043ad893ffd2ba8926) Importer(815301076,1909f56bfc062723c751e8b465ee728b)
Start importing Assets/Prefabs/UiCollisionReservation.prefab using Guid(0a01144c74bbc6043ad893ffd2ba8926) Importer(815301076,1909f56bfc062723c751e8b465ee728b) [PhysX] Initialized MultithreadedTaskDispatcher with 12 workers.
 -> (artifact id: 'd2e0713260d04685a2d2d97e5742e5ec') in 0.001476 seconds
Number of updated asset objects reloaded before import = 0
Number of asset objects unloaded after import = 0
========================================================================
Received Import Request.
  Time since last request: 0.000024 seconds.
  path: Assets/Prefabs/customer_luggage.prefab
  artifactKey: Guid(8966d6666d84adf49aae546fced840ee) Importer(815301076,1909f56bfc062723c751e8b465ee728b)
Start importing Assets/Prefabs/customer_luggage.prefab using Guid(8966d6666d84adf49aae546fced840ee) Importer(815301076,1909f56bfc062723c751e8b465ee728b) [PhysX] Initialized MultithreadedTaskDispatcher with 12 workers.
 -> (artifact id: '0760cacd02d4048a0a3bdc7656c48829') in 0.001170 seconds
Number of updated asset objects reloaded before import = 0
Number of asset objects unloaded after import = 0
========================================================================
Received Import Request.
  Time since last request: 346.618591 seconds.
  path: Assets/Prefabs/Cube.prefab
  artifactKey: Guid(2f3f3ddaa08afe048ba9a096ac2b9bbb) Importer(815301076,1909f56bfc062723c751e8b465ee728b)
Start importing Assets/Prefabs/Cube.prefab using Guid(2f3f3ddaa08afe048ba9a096ac2b9bbb) Importer(815301076,1909f56bfc062723c751e8b465ee728b) [PhysX] Initialized MultithreadedTaskDispatcher with 12 workers.
 -> (artifact id: '63e1a2c6c5f85ce7e59124fe68d4d1ba') in 0.000852 seconds
Number of updated asset objects reloaded before import = 0
Number of asset objects unloaded after import = 0
========================================================================
Received Import Request.
  Time since last request: 0.000071 seconds.
  path: Assets/Prefabs/customer_reservation.prefab
  artifactKey: Guid(a87820c368d9dfa4fbf776488653d447) Importer(815301076,1909f56bfc062723c751e8b465ee728b)
Start importing Assets/Prefabs/customer_reservation.prefab using Guid(a87820c368d9dfa4fbf776488653d447) Importer(815301076,1909f56bfc062723c751e8b465ee728b) [PhysX] Initialized MultithreadedTaskDispatcher with 12 workers.
 -> (artifact id: '0ecbb47ffdd11b717790bd2bb33f3e71') in 0.000772 seconds
Number of updated asset objects reloaded before import = 0
Number of asset objects unloaded after import = 0
========================================================================
Received Import Request.
  Time since last request: 0.000159 seconds.
  path: Assets/Prefabs/Main Camera.prefab
  artifactKey: Guid(dca0cd9b6d4e5b544a431fbb4abc8b8e) Importer(815301076,1909f56bfc062723c751e8b465ee728b)
Start importing Assets/Prefabs/Main Camera.prefab using Guid(dca0cd9b6d4e5b544a431fbb4abc8b8e) Importer(815301076,1909f56bfc062723c751e8b465ee728b) [PhysX] Initialized MultithreadedTaskDispatcher with 12 workers.
 -> (artifact id: '1abe0f4b09d8ea70b77db7846a7fa83f') in 0.000426 seconds
Number of updated asset objects reloaded before import = 0
Number of asset objects unloaded after import = 0
========================================================================
Received Import Request.
  Time since last request: 0.000123 seconds.
  path: Assets/Prefabs/RayCasting.prefab
  artifactKey: Guid(0279262f6fe551a4583662e08f50bd2c) Importer(815301076,1909f56bfc062723c751e8b465ee728b)
Start importing Assets/Prefabs/RayCasting.prefab using Guid(0279262f6fe551a4583662e08f50bd2c) Importer(815301076,1909f56bfc062723c751e8b465ee728b) [PhysX] Initialized MultithreadedTaskDispatcher with 12 workers.
 -> (artifact id: '355f8e6e9f253d5bc57a8aabbe7933dc') in 0.000436 seconds
Number of updated asset objects reloaded before import = 0
Number of asset objects unloaded after import = 0
========================================================================
Received Import Request.
  Time since last request: 0.000047 seconds.
  path: Assets/Prefabs/UiCollisionKey.prefab
  artifactKey: Guid(f15110739299abd4f974d16b87e0a6b5) Importer(815301076,1909f56bfc062723c751e8b465ee728b)
Start importing Assets/Prefabs/UiCollisionKey.prefab using Guid(f15110739299abd4f974d16b87e0a6b5) Importer(815301076,1909f56bfc062723c751e8b465ee728b) [PhysX] Initialized MultithreadedTaskDispatcher with 12 workers.
 -> (artifact id: '4c946ab415aa52b8a2c1fae0f4527e0a') in 0.000445 seconds
Number of updated asset objects reloaded before import = 0
Number of asset objects unloaded after import = 0
========================================================================
Received Import Request.
  Time since last request: 0.000118 seconds.
  path: Assets/Prefabs/KH_Lug.mat
  artifactKey: Guid(41312363347d63a44baf566c8886902f) Importer(815301076,1909f56bfc062723c751e8b465ee728b)
Start importing Assets/Prefabs/KH_Lug.mat using Guid(41312363347d63a44baf566c8886902f) Importer(815301076,1909f56bfc062723c751e8b465ee728b) [PhysX] Initialized MultithreadedTaskDispatcher with 12 workers.
[PhysX] Initialized MultithreadedTaskDispatcher with 12 workers.
 -> (artifact id: '6465122d6ed14709ff81de7015aa1baf') in 0.428372 seconds
Number of updated asset objects reloaded before import = 0
Number of asset objects unloaded after import = 2
========================================================================
Received Import Request.
  Time since last request: 0.000019 seconds.
  path: Assets/Prefabs/UiCollisionLuggage.prefab
  artifactKey: Guid(76863a42cfe9518409b130cde1fbfc45) Importer(815301076,1909f56bfc062723c751e8b465ee728b)
Start importing Assets/Prefabs/UiCollisionLuggage.prefab using Guid(76863a42cfe9518409b130cde1fbfc45) Importer(815301076,1909f56bfc062723c751e8b465ee728b) [PhysX] Initialized MultithreadedTaskDispatcher with 12 workers.
 -> (artifact id: '769f96a58268061b696ac9904cac3cab') in 0.000658 seconds
Number of updated asset objects reloaded before import = 0
Number of asset objects unloaded after import = 0
========================================================================
Received Import Request.
  Time since last request: 0.000023 seconds.
  path: Assets/Prefabs/item_key.prefab
  artifactKey: Guid(9cf7d41394ac45d4dbae9bdad1295fd9) Importer(815301076,1909f56bfc062723c751e8b465ee728b)
Start importing Assets/Prefabs/item_key.prefab using Guid(9cf7d41394ac45d4dbae9bdad1295fd9) Importer(815301076,1909f56bfc062723c751e8b465ee728b) [PhysX] Initialized MultithreadedTaskDispatcher with 12 workers.
[PhysX] Initialized MultithreadedTaskDispatcher with 12 workers.
 -> (artifact id: 'a429d470f190b9ffce0ad4db3bd4e915') in 0.023677 seconds
Number of updated asset objects reloaded before import = 0
Number of asset objects unloaded after import = 9
